# Blender 4.4.1
# www.blender.org
mtllib Cubewell.mtl
o dingus.002
v 0.108021 -0.089816 -0.315251
v 0.103549 -0.104403 -0.197015
v 0.127574 -0.064585 -0.237607
v 0.117306 -0.104403 -0.263096
v 0.127574 -0.104403 -0.211287
v 0.121019 0.102814 -0.272806
v 0.127574 0.102814 -0.198644
v 0.089104 0.102814 -0.184816
v 0.127574 0.102814 -0.236839
v 0.092290 0.102814 -0.239261
v -0.127804 -0.094730 -0.259413
v -0.127804 -0.089309 -0.173367
v -0.127803 -0.091605 -0.227580
v -0.127804 -0.104403 -0.198287
v -0.127804 -0.104403 -0.160842
v -0.083033 0.102814 -0.116328
v -0.104485 0.102814 -0.149166
v 0.127574 -0.092939 0.271084
v 0.127574 -0.094057 0.127518
v 0.127574 -0.104403 0.163005
v 0.127574 -0.090085 0.224102
v 0.127574 -0.104403 0.230273
v 0.127574 -0.104403 0.145722
v 0.127574 -0.104403 0.263187
v 0.123345 0.102814 0.060059
v 0.127908 0.042893 0.084938
v 0.127574 0.073707 0.102611
v -0.127803 -0.097258 0.244588
v -0.123801 -0.104403 0.234107
v -0.127803 -0.083372 0.299720
v -0.126750 -0.104403 0.285736
v -0.127803 -0.104403 0.235942
v -0.050350 0.102814 0.129097
v -0.039155 0.102814 0.238135
v -0.085083 0.102814 0.262988
v -0.127804 0.078808 0.216093
v -0.077605 0.102814 0.148085
v -0.127804 -0.086076 -0.062014
v -0.127803 -0.104403 0.118382
v -0.127803 -0.104403 0.113151
v -0.127803 -0.104403 -0.061217
v -0.127804 -0.079993 -0.036922
v -0.127803 -0.104403 0.110331
v -0.127804 0.052619 0.072485
v -0.127804 0.102814 -0.098262
v -0.127804 0.070484 0.100147
v -0.113031 0.102814 -0.102665
v -0.085253 0.102814 0.039068
v 0.127574 -0.099056 0.041468
v 0.127574 -0.100431 -0.138862
v 0.085939 -0.104403 0.056642
v 0.127574 -0.099451 -0.073083
v 0.094360 -0.104403 -0.062339
v 0.120765 -0.104403 0.052899
v 0.118802 0.102814 -0.018609
v 0.101634 0.102814 -0.101199
v 0.127908 0.095513 0.020202
v 0.127908 0.102814 -0.015193
v 0.127908 0.102814 0.067524
v 0.127574 0.102814 -0.103460
v 0.125948 0.025907 -0.315251
v 0.127574 -0.078337 -0.284910
v -0.127804 -0.058951 -0.315251
v -0.127804 0.037136 -0.294323
v -0.127804 -0.057365 -0.195178
v -0.127804 -0.001000 -0.308116
v -0.127804 0.002392 -0.267639
v -0.127804 0.045651 -0.242061
v -0.127804 -0.002752 -0.200933
v -0.127803 -0.057678 0.253508
v -0.127804 0.004096 0.215837
v -0.127804 0.065872 0.308731
v -0.127803 -0.045190 0.313250
v -0.127803 0.041811 0.283495
v -0.100405 0.049824 0.315751
v -0.098163 0.015695 0.315751
v 0.127574 -0.032583 0.234933
v 0.127574 -0.039214 0.108546
v 0.127574 -0.002432 0.167534
v 0.127574 0.025749 0.143170
v 0.127574 -0.003085 0.087387
v 0.127574 0.005246 0.040413
v 0.127574 0.067553 0.054381
v 0.127574 0.041273 -0.129822
v 0.127574 0.022975 -0.039843
v 0.127574 0.037088 -0.039106
v 0.127574 0.057672 -0.045676
v -0.127803 -0.062118 0.123178
v -0.127804 -0.044488 -0.067508
v -0.127804 0.053155 -0.031666
v -0.127804 -0.004456 0.120028
v -0.127803 -0.029782 0.123086
v -0.099498 0.102814 0.300359
v 0.127574 0.102814 0.021922
v 0.127574 0.062992 0.285350
v 0.127574 0.018534 0.283131
v -0.014361 -0.104403 -0.211548
v -0.032421 -0.097680 -0.315251
v -0.031905 0.102814 -0.150425
v -0.054572 0.102814 -0.195229
v -0.019519 -0.104403 0.303543
v 0.032023 -0.104403 0.301304
v -0.033111 0.102814 0.059776
v -0.026839 0.102814 -0.078639
v 0.015884 0.102814 0.052508
v -0.034626 0.102814 0.023794
v -0.127803 -0.104403 -0.060456
v -0.011468 -0.104403 -0.112842
v -0.127803 -0.104403 -0.016120
v 0.127574 -0.042583 0.286721
v 0.030438 -0.017399 0.315751
v -0.090210 -0.071031 -0.315251
v -0.093592 -0.001962 -0.315251
v -0.043265 -0.036988 -0.315251
v -0.025421 0.032021 -0.315251
v -0.114796 0.102814 0.276584
v 0.047902 0.076230 0.315751
v 0.117954 0.001140 0.315751
v 0.065209 -0.092300 -0.315251
v -0.000473 -0.095415 -0.315251
v 0.061355 -0.104403 -0.284601
v 0.003586 -0.104403 -0.283740
v -0.014132 0.102814 -0.262115
v 0.008301 0.102814 -0.162513
v -0.009311 0.102814 -0.210122
v 0.001218 -0.104403 0.231842
v 0.127574 -0.104403 0.283432
v 0.061702 -0.104403 0.270219
v 0.050296 0.102814 0.045216
v 0.101982 0.102814 0.053863
v 0.040630 0.102814 0.161695
v 0.022349 0.102814 -0.095060
v 0.073244 0.102814 -0.099641
v 0.097586 0.102814 -0.019502
v 0.019888 0.102814 -0.008893
v -0.034650 -0.104403 0.094875
v 0.058561 -0.104403 -0.215214
v 0.127574 -0.077584 0.275654
v 0.111943 -0.010864 0.315751
v 0.127574 -0.016882 0.229161
v -0.013860 -0.035414 -0.315251
v 0.061983 -0.020250 -0.315251
v 0.077577 0.029381 -0.315251
v -0.030262 0.001112 -0.315251
v 0.052808 0.102814 0.185486
v 0.127574 0.069599 0.315751
v 0.127574 0.006808 0.290620
v -0.127804 0.100701 -0.199938
v -0.127804 0.025670 0.192097
v 0.127574 0.035845 0.089253
v 0.127574 0.065969 0.116091
v 0.127574 0.063118 -0.126004
v -0.127804 0.025465 0.116389
v -0.074211 0.091131 -0.315251
v -0.027915 0.090339 -0.315251
v 0.006848 0.086172 -0.315251
v 0.127574 0.085284 -0.196461
v -0.106140 0.102814 -0.215428
v -0.127804 0.073129 0.233455
v -0.127804 0.037146 0.177508
v 0.127574 0.059762 0.106135
v 0.127908 0.093363 0.068179
v -0.127804 0.102814 -0.016839
v -0.044746 0.102814 0.296365
v 0.054838 0.102814 0.313675
v -0.009464 0.102814 -0.303719
v 0.072604 0.102814 -0.279829
v 0.127574 0.090735 -0.255312
v -0.127804 0.102814 -0.119313
v 0.127574 0.082418 -0.119849
v -0.068298 0.102814 -0.270703
v 0.115563 -0.052320 -0.315251
v 0.127574 0.004511 -0.280853
v 0.127574 0.023787 -0.214621
v -0.127804 -0.054097 -0.283454
v -0.090231 -0.022978 0.315751
v -0.127803 -0.004961 0.311325
v -0.127803 -0.027133 0.264143
v 0.127574 -0.027131 0.143872
v 0.127574 -0.037349 -0.160652
v -0.127803 -0.034656 0.061163
v -0.127804 0.013604 -0.063164
v -0.096402 -0.022151 -0.315251
v -0.035906 -0.019079 -0.315251
v 0.127574 0.102814 0.091953
v 0.127574 0.052404 -0.276043
v 0.127574 0.059244 -0.313673
v -0.127804 0.043380 -0.178292
v -0.127804 0.080912 0.296706
v 0.046533 0.091324 0.315751
v -0.090425 0.035661 -0.315251
v 0.127574 0.063934 -0.197578
v -0.127804 0.095111 -0.256917
v -0.127804 0.059548 0.263438
v -0.127803 0.016013 0.203790
v 0.127574 0.036122 0.130689
v 0.127574 0.052486 0.116249
v 0.127574 0.083701 -0.009141
v -0.127804 0.083716 -0.045475
v 0.127574 0.068554 0.210519
v 0.117077 0.084146 0.315751
v 0.082751 0.070405 -0.315251
v -0.102605 0.102814 0.272193
v 0.091928 0.102814 0.138341
v 0.127908 0.082468 0.078852
v -0.124490 0.102814 0.299047
v 0.110380 0.102814 0.056950
v -0.073818 0.090530 0.315751
v 0.127574 0.048842 0.175861
v 0.127574 0.022479 0.197339
v 0.127574 0.005141 0.253471
v 0.127574 0.051833 0.225435
v 0.055767 0.102814 0.231629
v -0.114386 0.102814 0.289558
v 0.033463 0.050935 0.315751
v 0.088521 0.069481 0.315751
v 0.127574 0.038037 0.132950
v 0.113722 0.102814 0.046427
v -0.008100 0.021568 0.315751
v -0.121478 0.102814 0.282585
v 0.002120 0.057231 0.315751
v -0.053204 0.062139 0.315751
v 0.036982 0.024214 0.315751
v -0.021664 0.102814 0.263869
v 0.091602 0.102814 0.299420
v 0.125926 0.102814 0.242045
v 0.127574 0.029273 0.307286
v 0.127574 0.039183 0.315751
v 0.127574 0.004652 0.315751
v 0.101926 0.102814 0.263911
v 0.066408 0.102814 0.091229
v 0.098565 0.041223 0.315751
v -0.021153 0.102814 0.315751
v 0.127574 0.079299 0.200752
v 0.127574 0.077488 0.270371
v 0.127574 0.097207 0.289606
v 0.126243 0.102814 0.288009
v 0.127574 0.102814 0.269078
v 0.127574 0.102814 0.232600
v -0.127804 0.102814 0.277379
v 0.127574 0.102814 0.193953
v 0.127574 0.102814 0.052011
v 0.127574 0.083976 0.111744
v 0.127574 0.102814 0.142836
v 0.127574 0.099152 0.199763
v 0.127574 0.096289 0.156669
v 0.075395 0.078547 0.315751
v 0.127574 0.049051 0.129950
v -0.122813 0.093868 0.315751
v 0.127574 0.062042 0.165395
v -0.078164 0.102814 0.315751
v 0.127574 0.045698 0.113033
v 0.127574 -0.000435 0.234173
v 0.106236 0.102814 0.175604
v 0.127574 0.073298 0.307140
v 0.127574 0.086838 0.299366
v 0.101510 0.102814 0.066013
v 0.127574 0.102814 0.073442
v -0.017723 0.102814 0.279737
v 0.014146 0.102814 0.289576
v 0.031875 0.102814 0.261636
v 0.038948 0.102814 0.234712
v 0.031550 0.102814 0.221117
v -0.082795 0.102814 0.236474
v -0.080329 0.102814 0.271083
v 0.127574 0.091993 0.095914
v 0.127574 0.096830 0.122541
v 0.089029 0.102814 0.082966
v 0.127574 0.102814 0.078400
v -0.111149 0.102814 0.292989
v 0.067512 0.097759 0.315751
v -0.115073 0.102814 0.302843
v 0.127574 0.072724 0.121818
v 0.127574 0.085018 0.284249
v -0.062726 0.102814 0.309969
v 0.052779 0.102814 0.315751
v 0.055901 0.102814 0.157316
v 0.007416 0.071580 0.315751
v -0.086471 0.075214 0.315751
v 0.127574 0.023685 0.168585
v 0.127574 0.014766 0.289302
v 0.127574 0.063425 0.252962
v 0.060982 0.102814 0.259230
v 0.127574 0.027048 0.234796
v -0.109049 0.102814 0.255424
v 0.037143 0.102814 0.296715
v -0.083812 -0.080780 0.315751
v 0.006061 -0.064420 0.315751
v 0.053887 -0.049112 0.315751
v 0.127574 -0.076130 0.290329
v 0.095904 -0.092143 0.315751
v 0.075287 -0.079250 0.315751
v 0.113734 -0.104403 0.286994
v 0.108584 -0.104403 0.283918
v -0.091494 -0.104403 0.295414
v 0.091364 -0.104403 0.284202
v 0.108213 -0.098456 0.315751
v 0.033734 -0.082524 0.315751
v 0.128558 0.088150 0.061256
v 0.128558 0.102814 0.044710
v 0.128558 0.097666 -0.014053
v 0.128558 0.078050 0.007229
v 0.128558 0.089102 0.077758
v 0.128558 0.102814 0.057942
v 0.128558 0.086256 -0.067821
v 0.128558 0.072645 -0.052009
v 0.128558 0.042921 0.104700
v 0.128558 0.102814 0.085030
v 0.128558 0.078101 -0.109226
v 0.128558 0.063966 -0.099542
v 0.128558 0.102814 0.050311
v 0.128558 0.089960 0.068928
v 0.128558 0.084044 0.041777
v 0.128558 0.077111 -0.003776
v 0.128558 0.102814 0.025490
v 0.128558 0.093240 -0.063205
v 0.128558 0.064054 -0.091512
v 0.128558 0.080932 -0.103713
v 0.128558 0.102814 0.076968
v 0.128558 0.038922 0.097717
v 0.128558 0.102814 0.051675
v 0.128558 0.092564 -0.005740
v 0.128558 0.102385 0.066233
v 0.128558 0.080905 -0.061081
v 0.128558 0.071607 -0.105467
v 0.128558 0.102814 0.057795
v 0.128558 0.052434 0.089163
v 0.128558 0.102814 0.032288
v 0.128558 0.086693 -0.055653
v 0.128558 0.073435 -0.099071
v 0.128558 0.050856 0.080069
v 0.128558 0.068565 -0.073323
v 0.128558 0.083071 -0.085622
v 0.128558 0.077077 -0.080623
v 0.128558 0.086431 0.054045
v 0.128558 0.102814 0.048148
v 0.128558 0.102814 0.047947
v 0.128558 0.077437 -0.000791
v 0.128558 0.095997 -0.010334
v 0.128558 0.088751 0.071759
v 0.128558 0.102814 0.067378
v 0.128558 0.102814 0.061784
v 0.128558 0.070553 -0.062455
v 0.128558 0.083853 -0.064715
v 0.128558 0.080702 0.023706
v 0.128558 0.102814 0.038301
v 0.128558 0.102814 0.005005
v 0.128558 0.040844 0.105501
v 0.128558 0.079787 -0.107815
v 0.128558 0.075349 -0.108233
v 0.128558 0.075221 -0.007102
v 0.128558 0.094950 -0.061307
v 0.128558 0.089881 -0.064029
v 0.128558 0.102814 0.052720
v 0.128558 0.089632 0.065854
v 0.128558 0.102814 0.053711
v 0.128558 0.047236 0.097525
v 0.128558 0.094548 0.036780
v 0.128558 0.082187 -0.011099
v 0.128558 0.063040 -0.096807
v 0.128558 0.082024 -0.096374
v 0.128558 0.068921 -0.095118
v 0.128558 0.102814 0.082176
v 0.128558 0.035156 0.083129
v 0.128558 0.045228 0.087685
v 0.128558 0.098064 0.056220
v 0.128558 0.086189 0.000308
v 0.128558 0.096003 0.071692
v 0.128558 0.077048 -0.056720
v 0.128558 0.067309 -0.102276
v 0.128558 0.097392 0.063019
v 0.128558 0.056950 0.083161
v 0.128558 0.102814 0.028637
v 0.128558 0.090251 -0.060034
v 0.128558 0.077360 -0.101797
v 0.128558 0.102814 0.081468
v 0.128558 0.052118 0.086459
v 0.128558 0.078825 -0.070412
v 0.128558 0.102814 0.076520
v 0.128558 0.102390 0.060489
v 0.128558 0.072326 -0.103432
v 0.128558 0.097811 0.012611
v 0.128558 0.102814 0.055394
v 0.128558 0.089192 -0.014798
v 0.128558 0.083759 -0.056855
v 0.128558 0.102814 0.044973
v 0.128558 0.066192 -0.081944
v 0.128558 0.084171 -0.076395
v 0.128558 0.075159 -0.090340
v 0.128558 0.080310 -0.083341
v 0.128558 0.073058 -0.077237
v 0.128558 0.102814 0.041412
v 0.128558 0.087046 -0.060760
v 0.128558 0.092633 -0.057766
v 0.128558 0.098209 0.060323
v 0.128558 0.090307 0.017831
v 0.128558 0.067789 -0.099969
v 0.128558 0.095871 0.065796
v 0.128558 0.041955 0.075139
v 0.128558 0.070872 -0.085941
v 0.128558 0.046712 0.094949
v 0.128558 0.056808 0.080640
v 0.128558 0.078788 -0.093705
v 0.128558 0.102814 0.071635
v 0.128558 0.102814 0.056277
v 0.128558 0.076273 -0.106073
v 0.128558 0.101816 0.008481
v 0.128558 0.102814 0.051470
v 0.128558 0.083877 -0.008341
v 0.128558 0.079716 -0.013192
v 0.128558 0.097048 0.049284
v 0.128558 0.081772 -0.073599
v 0.128558 0.074963 -0.066559
v -0.128558 0.014390 0.136059
v -0.128558 0.042918 0.128967
v -0.128558 0.050436 0.183524
v -0.128558 0.013607 0.193751
v -0.128558 0.009648 0.118381
v -0.128558 0.038433 0.114700
v -0.128558 0.049919 0.199978
v -0.128558 0.018218 0.208706
v -0.128558 0.068139 0.111243
v -0.128558 0.092209 0.098202
v -0.128558 0.056070 0.230739
v -0.128558 0.031439 0.239871
v -0.128558 0.041132 0.122400
v -0.128558 0.011977 0.128643
v -0.128558 0.014072 0.156480
v -0.128558 0.016824 0.200143
v -0.128558 0.044966 0.147948
v -0.128558 0.049948 0.191346
v -0.128558 0.025978 0.232507
v -0.128558 0.056646 0.222115
v -0.128558 0.094777 0.101832
v -0.128558 0.066015 0.115864
v -0.128558 0.028850 0.133191
v -0.128558 0.031816 0.188638
v -0.128558 0.024109 0.120215
v -0.128558 0.033771 0.204343
v -0.128558 0.044329 0.235957
v -0.128558 0.026413 0.127235
v -0.128558 0.079874 0.107796
v -0.128558 0.029582 0.152328
v -0.128558 0.032947 0.195745
v -0.128558 0.041787 0.227311
v -0.128558 0.080579 0.114795
v -0.128558 0.014601 0.143211
v -0.128558 0.042175 0.125072
v -0.128558 0.035921 0.131212
v -0.128558 0.015666 0.199903
v -0.128558 0.041042 0.186081
v -0.128558 0.010648 0.123967
v -0.128558 0.037819 0.106670
v -0.128558 0.031284 0.118146
v -0.128558 0.041638 0.202160
v -0.128558 0.013124 0.176456
v -0.128558 0.043662 0.135617
v -0.128558 0.047052 0.166799
v -0.128558 0.066201 0.112873
v -0.128558 0.057793 0.228010
v -0.128558 0.051163 0.233250
v -0.128558 0.017073 0.202027
v -0.128558 0.051394 0.190212
v -0.128558 0.048974 0.193596
v -0.128558 0.039706 0.119641
v -0.128558 0.013380 0.132050
v -0.128558 0.033746 0.125192
v -0.128558 0.073083 0.110149
v -0.128558 0.021839 0.154425
v -0.128558 0.024962 0.197944
v -0.128558 0.028494 0.238596
v -0.128558 0.034033 0.229909
v -0.128558 0.094393 0.097510
v -0.128558 0.009109 0.112811
v -0.128558 0.073331 0.116314
v -0.128558 0.021836 0.220716
v -0.128558 0.053233 0.211168
v -0.128558 0.021657 0.134751
v -0.128558 0.022763 0.191195
v -0.128558 0.016891 0.119987
v -0.128558 0.026088 0.206525
v -0.128558 0.037149 0.238499
v -0.128558 0.019169 0.128248
v -0.128558 0.086880 0.102918
v -0.128558 0.037286 0.150160
v -0.128558 0.041462 0.193546
v -0.128558 0.049213 0.224713
v -0.128558 0.087712 0.109673
v -0.128558 0.037562 0.215942
v -0.128558 0.080270 0.110567
v -0.128558 0.023662 0.114022
v -0.128558 0.025081 0.124476
v -0.128558 0.043822 0.233386
v -0.128558 0.030078 0.171642
v -0.128558 0.027802 0.129638
v -0.128558 0.033195 0.195058
v -0.128558 0.032593 0.197811
v -0.128558 0.029305 0.139768
v -0.128558 0.036516 0.137759
v -0.128558 0.040764 0.195704
v -0.128558 0.042238 0.192635
v -0.128558 0.020595 0.131038
v -0.128558 0.021603 0.174052
v -0.128558 0.036216 0.236057
v -0.128558 0.017846 0.124720
v -0.128558 0.016422 0.114219
v -0.128558 0.073132 0.112631
v -0.128558 0.029822 0.218329
v -0.128558 0.045033 0.213555
v -0.128558 0.087428 0.105177
v -0.128558 0.030777 0.111149
v -0.128558 0.032376 0.122572
v -0.128558 0.051076 0.230687
v -0.128558 0.038548 0.169223
v -0.128558 0.034993 0.127592
v -0.128558 0.024510 0.197480
v -0.128558 0.024911 0.199919
v -0.128558 0.021986 0.141556
v -0.128433 0.009337 -0.113341
v -0.128433 0.037036 -0.091469
v -0.128433 0.017206 -0.034304
v -0.128433 -0.010493 -0.056177
v -0.128433 0.012125 -0.122936
v -0.128433 0.036932 -0.103034
v -0.128433 0.015125 -0.030117
v -0.128433 -0.012563 -0.052031
v -0.128433 0.022999 -0.149536
v -0.128433 0.044473 -0.132351
v -0.128433 0.002783 0.043866
v -0.128433 -0.018396 0.025667
v -0.128433 0.038066 -0.096983
v -0.128433 0.010986 -0.118388
v -0.128433 0.003094 -0.094400
v -0.128433 -0.011399 -0.048032
v -0.128433 0.030794 -0.072528
v -0.128433 0.016300 -0.026159
v -0.128433 -0.019098 0.018068
v -0.128433 0.006620 0.039897
v -0.128433 0.044900 -0.126168
v -0.128433 0.019294 -0.146845
v -0.128433 -0.015569 -0.038318
v -0.128433 0.011692 0.022037
v -0.128433 0.023187 -0.102405
v -0.128433 0.003356 -0.045241
v -0.128433 0.024546 -0.112295
v -0.128433 0.001957 -0.039823
v -0.128433 -0.007912 0.036035
v -0.128433 0.024510 -0.107539
v -0.128433 0.034522 -0.141904
v -0.128433 0.016944 -0.083464
v -0.128433 0.002614 -0.036786
v -0.128433 -0.006150 0.029883
v -0.128433 0.032875 -0.136903
v -0.128433 -0.001673 -0.026772
v -0.128433 0.040558 -0.114450
v -0.128433 0.015479 -0.135239
v -0.128433 0.028469 -0.124380
v -0.128433 0.007408 -0.106992
v -0.128433 0.038001 -0.094794
v -0.128433 0.030112 -0.096937
v -0.128433 -0.012095 -0.048090
v -0.128433 0.010281 -0.039772
v -0.128433 0.011406 -0.119962
v -0.128433 0.038225 -0.108205
v -0.128433 0.030742 -0.107535
v -0.128433 -0.013927 -0.047222
v -0.128433 0.008668 -0.034735
v -0.128433 -0.004211 -0.074500
v -0.128433 0.035108 -0.085120
v -0.128433 0.023489 -0.052627
v -0.128433 0.020566 -0.149572
v -0.128433 0.005058 0.043794
v -0.128433 -0.001843 0.040892
v -0.128433 -0.011532 -0.051045
v -0.128433 0.015604 -0.026217
v -0.128433 0.016166 -0.029167
v -0.128433 0.037273 -0.099447
v -0.128433 0.010379 -0.116608
v -0.128433 0.031285 -0.102233
v -0.128433 0.028113 -0.146595
v -0.128433 0.010019 -0.088932
v -0.128433 -0.004362 -0.042351
v -0.128433 -0.019798 0.022470
v -0.128433 0.009033 0.031918
v -0.128433 -0.012608 0.024144
v -0.128433 0.045709 -0.129427
v -0.128433 0.017564 -0.141763
v -0.128433 0.026230 -0.141948
v -0.128433 -0.017452 -0.028357
v -0.128433 0.013691 -0.025233
v -0.128433 -0.008571 -0.032445
v -0.128433 0.016262 -0.107873
v -0.128433 -0.003569 -0.050709
v -0.128433 0.018339 -0.117486
v -0.128433 -0.005176 -0.045692
v -0.128433 -0.013984 0.030460
v -0.128433 0.017745 -0.112936
v -0.128433 0.040421 -0.136745
v -0.128433 0.023869 -0.077996
v -0.128433 0.009488 -0.031414
v -0.128433 0.000252 0.035059
v -0.128433 0.039034 -0.131610
v -0.128433 0.005059 -0.021434
v -0.128433 0.000418 -0.035280
v -0.128433 0.033959 -0.140121
v -0.128433 -0.004085 0.021554
v -0.128433 0.030924 -0.131310
v -0.128433 0.024303 -0.109271
v -0.128433 -0.007313 0.034203
v -0.128433 0.009639 -0.063563
v -0.128433 0.024188 -0.105683
v -0.128433 0.001775 -0.037115
v -0.128433 0.002790 -0.039214
v -0.128433 0.021258 -0.096056
v -0.128433 0.042983 -0.120892
v -0.128433 0.013544 -0.128420
v -0.128433 0.026090 -0.117604
v -0.128433 0.034598 -0.119328
v -0.128433 0.022058 -0.129722
v -0.128433 0.028183 -0.090588
v -0.128433 0.009567 -0.034023
v -0.128433 0.008693 -0.031659
v -0.128433 0.017283 -0.111142
v -0.128433 0.002714 -0.069031
v -0.128433 -0.013636 0.028465
v -0.128433 0.017848 -0.114535
v -0.128433 0.019856 -0.122879
v -0.128433 -0.010745 -0.022455
v -0.128433 0.027327 -0.145041
v -0.128433 -0.006654 -0.041074
v -0.128433 0.007155 -0.030079
v -0.128433 0.040076 -0.134826
v -0.128433 0.002497 0.026850
v -0.128433 0.032196 -0.112772
v -0.128433 0.030781 -0.104278
v -0.128433 -0.001032 0.039279
v -0.128433 0.016564 -0.058095
v -0.128433 0.031094 -0.100235
v -0.128433 -0.005157 -0.042595
v -0.128433 -0.004282 -0.044962
v -0.128433 0.014333 -0.101524
v -0.128433 0.037076 -0.126098
v -0.128433 0.024366 -0.136533
v -0.031013 0.028524 -0.315751
v -0.026712 0.056863 -0.315751
v -0.095172 0.056511 -0.315751
v -0.102490 0.021469 -0.315751
v -0.021193 0.026163 -0.315751
v -0.017813 0.054956 -0.315751
v -0.109463 0.048782 -0.315751
v -0.111140 0.019076 -0.315751
v 0.002940 0.030381 -0.315751
v 0.010288 0.049520 -0.315751
v -0.127804 0.032572 -0.297853
v -0.127804 0.014060 -0.308145
v -0.023860 0.056241 -0.315751
v -0.027372 0.026754 -0.315751
v -0.053696 0.026007 -0.315751
v -0.112836 0.022075 -0.315751
v -0.048121 0.056368 -0.315751
v -0.108153 0.053516 -0.315751
v -0.127804 0.012512 -0.315751
v -0.127804 0.040357 -0.301755
v 0.004270 0.054219 -0.315751
v -0.005070 0.025728 -0.315751
v -0.038075 0.027914 -0.315751
v -0.024367 0.056732 -0.315751
v -0.028862 0.042694 -0.315751
v -0.112544 0.021541 -0.315751
v -0.098831 0.038990 -0.315751
v -0.025656 0.026291 -0.315751
v -0.006937 0.054483 -0.315751
v -0.019503 0.040559 -0.315751
v -0.110302 0.033929 -0.315751
v -0.079099 0.023341 -0.315751
v -0.033342 0.056573 -0.315751
v -0.072292 0.056609 -0.315751
v -0.000342 0.026265 -0.315751
v -0.127804 0.037451 -0.297465
v -0.127804 0.023047 -0.302091
v -0.110391 0.021319 -0.315751
v -0.106319 0.055316 -0.315751
v -0.106689 0.051602 -0.315751
v -0.022828 0.055590 -0.315751
v -0.028371 0.027810 -0.315751
v -0.025616 0.041497 -0.315751
v 0.007069 0.039969 -0.315751
v -0.050908 0.041188 -0.315751
v -0.110494 0.037796 -0.315751
v -0.127804 0.011071 -0.314275
v -0.127804 0.026434 -0.311006
v 0.009938 0.053565 -0.315751
v -0.013140 0.025945 -0.315751
v -0.000400 0.039973 -0.315751
v -0.118877 0.015738 -0.315751
v -0.121303 0.044494 -0.315751
v -0.035708 0.042243 -0.315751
v -0.108540 0.036461 -0.315751
v -0.109432 0.038428 -0.315751
v -0.026369 0.042271 -0.315751
v -0.075695 0.039975 -0.315751
v -0.127804 0.024230 -0.305767
v -0.024242 0.040940 -0.315751
v -0.010039 0.040214 -0.315751
v 0.004850 0.039917 -0.315751
v -0.120090 0.030116 -0.315751
v 0.085769 0.103227 0.278865
v 0.052970 0.103227 0.246894
v 0.111080 0.103227 0.192317
v 0.127574 0.103227 0.232946
v 0.080219 0.103227 0.277833
v 0.044306 0.103227 0.247391
v 0.103595 0.103227 0.176464
v 0.127574 0.103227 0.219175
v 0.029397 0.103227 0.301571
v 0.005077 0.103227 0.275920
v 0.127574 0.103227 0.133247
v 0.127574 0.103227 0.170136
v 0.046613 0.103227 0.248188
v 0.080283 0.103227 0.279646
v 0.103317 0.103227 0.264767
v 0.127574 0.103227 0.216627
v 0.072121 0.103227 0.231459
v 0.113643 0.103227 0.176114
v 0.127574 0.103227 0.177342
v 0.127574 0.103227 0.134918
v 0.010445 0.103227 0.268873
v 0.040702 0.103227 0.299326
v 0.030399 0.103227 0.255919
v 0.058354 0.103227 0.292496
v 0.067488 0.103227 0.261875
v 0.125102 0.103227 0.209206
v 0.057480 0.103227 0.261477
v 0.120038 0.103227 0.197169
v 0.127574 0.103227 0.148288
v 0.060806 0.103227 0.262983
v 0.015009 0.103227 0.287313
v 0.086575 0.103227 0.246902
v 0.127574 0.103227 0.193885
v 0.127574 0.103227 0.153506
v 0.023429 0.103227 0.283020
v 0.042466 0.103227 0.272645
v 0.040789 0.103227 0.249287
v 0.075081 0.103227 0.281521
v 0.053709 0.103227 0.264098
v 0.127574 0.103227 0.191250
v 0.126089 0.103227 0.149102
v 0.127574 0.103227 0.167506
v 0.022395 0.103227 0.295921
v 0.095721 0.103227 0.256425
v 0.127574 0.103227 0.205736
v 0.127574 0.103227 0.166546
v 0.032556 0.103227 0.291844
v 0.050879 0.103227 0.283328
v 0.076901 0.103227 0.271293
v 0.127574 0.103227 0.220756
v 0.069025 0.103227 0.270387
v 0.127574 0.103227 0.209054
v 0.127574 0.103227 0.160518
v 0.070682 0.103227 0.272253
v 0.064695 0.103227 0.273523
v 0.127574 0.103227 0.181533
v 0.127574 0.103227 0.213265
v 0.125526 0.103227 0.190777
v 0.108697 0.103227 0.171077
v 0.127574 0.103227 0.203297
v 0.127574 0.103227 0.216239
v 0.107235 0.103227 0.174337
v 0.123253 0.103227 0.194175
v 0.127574 0.103227 0.206034
v 0.091726 0.103227 0.274386
v 0.049064 0.103227 0.248346
v 0.060726 0.103227 0.254895
v 0.127574 0.103227 0.221703
v 0.118547 0.103227 0.201538
v 0.080040 0.103227 0.278482
v 0.043020 0.103227 0.247924
v 0.051026 0.103227 0.254903
v 0.127574 0.103227 0.218270
v 0.112422 0.103227 0.188654
v 0.122161 0.103227 0.249603
v 0.059342 0.103227 0.242287
v 0.092906 0.103227 0.211876
v 0.034302 0.103227 0.301262
v 0.127574 0.103227 0.132136
v 0.127574 0.103227 0.139708
v 0.127574 0.103227 0.215298
v 0.116355 0.103227 0.180809
v 0.104873 0.103227 0.175550
v 0.045257 0.103227 0.247636
v 0.082140 0.103227 0.280167
v 0.054134 0.103227 0.256091
v 0.025562 0.103227 0.299422
v 0.099541 0.103227 0.260584
v 0.127574 0.103227 0.211140
v 0.127574 0.103227 0.173642
v 0.127574 0.103227 0.140275
v 0.127574 0.103227 0.171992
v 0.005149 0.103227 0.272605
v 0.048905 0.103227 0.296578
v 0.036604 0.103227 0.295580
v 0.020418 0.103227 0.262549
v 0.067584 0.103227 0.286798
v 0.054611 0.103227 0.287910
v 0.072618 0.103227 0.267139
v 0.127574 0.103227 0.215286
v 0.063410 0.103227 0.266435
v 0.125686 0.103227 0.203727
v 0.127574 0.103227 0.155134
v 0.066088 0.103227 0.268173
v 0.009310 0.103227 0.281303
v 0.079840 0.103227 0.239886
v 0.121669 0.103227 0.185640
v 0.127574 0.103227 0.144430
v 0.017108 0.103227 0.276395
v 0.036650 0.103227 0.264807
v 0.032806 0.103227 0.278256
v 0.017877 0.103227 0.285778
v 0.120919 0.103227 0.196169
v 0.049418 0.103227 0.267717
v 0.058897 0.103227 0.262040
v 0.127574 0.103227 0.150375
v 0.107069 0.103227 0.229243
v 0.063507 0.103227 0.263313
v 0.127574 0.103227 0.197645
v 0.121156 0.103227 0.195973
v 0.073919 0.103227 0.257219
v 0.036944 0.103227 0.251632
v 0.079083 0.103227 0.278609
v 0.056066 0.103227 0.262062
v 0.047386 0.103227 0.257170
v 0.069906 0.103227 0.277532
v 0.127574 0.103227 0.182747
v 0.117182 0.103227 0.161597
v 0.127574 0.103227 0.158783
v 0.127574 0.103227 0.158393
v 0.127574 0.103227 0.186683
v 0.019274 0.103227 0.292072
v 0.091663 0.103227 0.252144
v 0.127574 0.103227 0.200331
v 0.127574 0.103227 0.160712
v 0.028426 0.103227 0.287949
v 0.047057 0.103227 0.278565
v 0.081262 0.103227 0.275124
v 0.127574 0.103227 0.226705
v 0.074616 0.103227 0.274127
v 0.127574 0.103227 0.214141
v 0.127574 0.103227 0.165624
v 0.075402 0.103227 0.275999
v 0.059398 0.103227 0.269329
v 0.127574 0.103227 0.175258
v 0.127574 0.103227 0.208197
v 0.058975 0.103227 0.278004
v 0.083263 0.103227 0.266658
v 0.127574 0.103227 0.207839
v 0.127574 0.103227 0.209590
v 0.041337 0.103227 0.288147
v 0.026550 0.103227 0.294245
v 0.127574 0.103227 0.172518
v 0.067802 0.103227 0.271031
v 0.069600 0.103227 0.271095
v 0.127574 0.103227 0.162920
v 0.115932 0.103227 0.239735
v 0.073007 0.103227 0.272697
v 0.127574 0.103227 0.202949
v 0.127574 0.103227 0.179778
v 0.104341 0.103227 0.175580
v 0.127574 0.103227 0.193200
v 0.127574 0.103227 0.197691
v 0.127574 0.103227 0.208389
v 0.117726 0.103227 0.182127
v 0.127574 0.103227 0.218013
v 0.110135 0.103227 0.174212
v 0.125740 0.103227 0.193197
v 0.127574 0.103227 0.205016
v 0.127574 0.103227 0.211150
v 0.127574 0.103227 0.200711
v 0.115822 0.103227 0.185750
v 0.067131 0.103227 0.250260
v 0.118488 0.103227 0.184831
v 0.124008 0.103227 0.189614
v 0.077486 0.103227 0.276484
v 0.119182 0.103227 0.244618
v 0.127574 0.103227 0.168296
v 0.074773 0.103227 0.274822
v 0.073459 0.103227 0.274831
v 0.127574 0.103227 0.177829
v 0.030352 0.103227 0.297822
v 0.045100 0.103227 0.292359
v 0.026806 0.103227 0.270899
v 0.011621 0.103227 0.279528
v 0.127574 0.103227 0.149654
v 0.049630 0.103227 0.255454
v 0.052366 0.103227 0.255332
v 0.127574 0.103227 0.141392
v 0.100445 0.103227 0.221282
v 0.056771 0.103227 0.256340
v 0.127574 0.103227 0.203999
v 0.127574 0.103227 0.199697
v 0.079049 0.103227 0.262479
v 0.043367 0.103227 0.260185
v 0.063291 0.103227 0.282406
v 0.126399 0.103227 0.170865
v 0.127574 0.103227 0.198300
v 0.127574 0.103227 0.187195
v 0.054513 0.103227 0.273417
v 0.087452 0.103227 0.270556
v 0.127574 0.103227 0.210160
v 0.127574 0.103227 0.215523
v 0.037492 0.103227 0.283762
v 0.022697 0.103227 0.290493
v 0.127574 0.103227 0.166367
v 0.062077 0.103227 0.267045
v 0.064488 0.103227 0.267093
v 0.127574 0.103227 0.157343
v 0.112095 0.103227 0.235001
v 0.068655 0.103227 0.268567
v 0.126616 0.103227 0.202808
v 0.127574 0.103227 0.213279
v 0.113240 0.103227 0.187668
v 0.127574 0.103227 0.212944
v 0.126756 0.103227 0.202517
v 0.113610 0.103227 0.187528
v -0.113869 0.104346 0.004245
v -0.127804 0.104346 -0.069219
v -0.064852 0.104346 -0.103289
v -0.050128 0.104346 -0.060710
v -0.105414 0.104346 0.000175
v -0.123201 0.104346 -0.072782
v -0.041989 0.104346 -0.119058
v -0.028099 0.104346 -0.075838
v -0.127804 0.104346 0.012916
v -0.127804 0.104346 -0.048090
v -0.002055 0.104346 -0.119580
v 0.007065 0.104346 -0.095335
v -0.126766 0.104346 -0.072415
v -0.111364 0.104346 0.002715
v -0.092087 0.104346 -0.041242
v -0.037729 0.104346 -0.069759
v -0.108179 0.104346 -0.079844
v -0.051968 0.104346 -0.114863
v -0.000532 0.104346 -0.082559
v -0.014031 0.104346 -0.123635
v -0.127804 0.104346 -0.064379
v -0.125934 0.104346 0.009778
v -0.106843 0.104346 0.001822
v -0.127804 0.104346 -0.070341
v -0.121453 0.104346 -0.047432
v -0.040591 0.104346 -0.066298
v -0.057490 0.104346 -0.080384
v -0.106025 0.104346 0.000514
v -0.127804 0.104346 -0.069440
v -0.114307 0.104346 -0.052463
v -0.014385 0.104346 -0.079835
v -0.035044 0.104346 -0.097668
v -0.070096 0.104346 -0.050585
v -0.122661 0.104346 -0.071424
v -0.085623 0.104346 -0.092643
v -0.127804 0.104346 0.014673
v -0.006401 0.104346 -0.123169
v 0.003092 0.104346 -0.108580
v -0.035153 0.104346 -0.072571
v -0.054938 0.104346 -0.111210
v -0.049252 0.104346 -0.116756
v -0.122962 0.104346 -0.073566
v -0.114841 0.104346 0.004492
v -0.119065 0.104346 -0.050467
v -0.127804 0.104346 -0.030843
v -0.100133 0.104346 -0.058372
v -0.044848 0.104346 -0.092890
v 0.006542 0.104346 -0.087733
v -0.028038 0.104346 -0.122131
v -0.007281 0.104346 -0.103460
v -0.127804 0.104346 -0.058336
v -0.114270 0.104346 0.003571
v -0.127804 0.104346 -0.042224
v -0.114752 0.104346 -0.050084
v -0.042202 0.104346 -0.095223
v -0.047765 0.104346 -0.088623
v -0.122262 0.104346 -0.048162
v -0.077859 0.104346 -0.070478
v 0.000137 0.104346 -0.107320
v -0.114493 0.104346 -0.052593
v -0.122550 0.104346 -0.048515
v -0.021212 0.104346 -0.100620
v -0.127804 0.104346 -0.036166
v 0.127574 0.103950 -0.217842
v 0.099586 0.103950 -0.231337
v 0.112322 0.103950 -0.294829
v 0.127574 0.103950 -0.276945
v 0.115827 0.103950 -0.206269
v 0.076786 0.103950 -0.221190
v 0.094405 0.103950 -0.287456
v 0.127574 0.103950 -0.270912
v 0.095824 0.103950 -0.196573
v 0.067836 0.103950 -0.199180
v 0.094944 0.091977 -0.315251
v 0.127574 0.085787 -0.295240
v 0.089387 0.103950 -0.224133
v 0.127574 0.103950 -0.209946
v 0.127574 0.103950 -0.230361
v 0.127574 0.103950 -0.278715
v 0.105566 0.103950 -0.245804
v 0.108640 0.103950 -0.295295
v 0.127574 0.093007 -0.284031
v 0.089682 0.098921 -0.315251
v 0.063913 0.103950 -0.204555
v 0.105145 0.103950 -0.198856
v 0.127574 0.102538 -0.275392
v 0.089440 0.103950 -0.293077
v 0.073497 0.103950 -0.216231
v 0.113012 0.103950 -0.203631
v 0.120238 0.103950 -0.205765
v 0.080933 0.103950 -0.220507
v 0.127574 0.103950 -0.253769
v 0.109482 0.103950 -0.271663
v 0.127574 0.103950 -0.223018
v 0.094715 0.103950 -0.227214
v 0.118347 0.103950 -0.224589
v 0.127574 0.103950 -0.280465
v 0.127574 0.103950 -0.285887
v 0.117478 0.103950 -0.205909
v 0.075775 0.103950 -0.219893
v 0.096306 0.103950 -0.213730
v 0.127574 0.103950 -0.271809
v 0.113545 0.103950 -0.279184
v 0.127574 0.103950 -0.240923
v 0.103086 0.103950 -0.237193
v 0.111217 0.103950 -0.285221
v 0.102315 0.103950 -0.197146
v 0.089794 0.095020 -0.315251
v 0.109018 0.087985 -0.315251
v 0.127574 0.103950 -0.274236
v 0.111979 0.103950 -0.297650
v 0.101614 0.103950 -0.290677
v 0.084665 0.103950 -0.221715
v 0.127574 0.103950 -0.213552
v 0.108933 0.103950 -0.217039
v 0.081726 0.103950 -0.197462
v 0.125235 0.103950 -0.238082
v 0.127574 0.103950 -0.287005
v 0.127574 0.088157 -0.289319
v 0.089582 0.104403 -0.299154
v 0.110726 0.096190 -0.315251
v 0.062448 0.103950 -0.201139
v 0.109114 0.103950 -0.201211
v 0.084529 0.103950 -0.201673
v 0.127574 0.097899 -0.279496
v 0.090537 0.103950 -0.288542
v 0.110134 0.103950 -0.284235
v 0.068731 0.103950 -0.210317
v 0.114873 0.103950 -0.205480
v 0.093255 0.103950 -0.209931
v 0.124086 0.103950 -0.207181
v 0.078340 0.103950 -0.220829
v 0.100585 0.103950 -0.213136
v 0.127574 0.103950 -0.267012
v 0.107612 0.103950 -0.257769
v 0.127574 0.103950 -0.262716
v 0.122143 0.103950 -0.230106
v 0.120287 0.103950 -0.282457
v 0.127574 0.103950 -0.289057
v 0.113784 0.103950 -0.220383
v 0.127574 0.103950 -0.276117
v 0.110100 0.091486 -0.315251
v 0.104375 0.103950 -0.214448
v 0.095324 0.103950 -0.212686
v 0.110546 0.104403 -0.289325
v 0.082370 0.103950 -0.199040
v 0.110518 0.103950 -0.280175
v 0.088923 0.103950 -0.205762
v 0.097909 0.103950 -0.213369
v 0.127574 0.103950 -0.249346
v 0.128245 -0.001192 -0.176573
v 0.128245 0.027676 -0.162331
v 0.128245 0.038945 -0.205563
v 0.128245 0.010077 -0.222488
v 0.128245 -0.003471 -0.169391
v 0.128245 0.022565 -0.154408
v 0.128245 0.039995 -0.210081
v 0.128245 0.011140 -0.227748
v 0.128245 -0.007921 -0.139611
v 0.128245 0.015336 -0.129774
v 0.128245 0.047365 -0.246627
v 0.128245 0.024827 -0.259468
v 0.128245 0.026246 -0.159194
v 0.128245 -0.001957 -0.174361
v 0.128245 0.002669 -0.190893
v 0.128245 0.013297 -0.228291
v 0.128245 0.031537 -0.175976
v 0.128245 0.042164 -0.211042
v 0.128245 0.021001 -0.255032
v 0.128245 0.048268 -0.239723
v 0.128245 0.018729 -0.136558
v 0.128245 -0.008602 -0.149432
v 0.128245 0.015353 -0.238642
v 0.128245 0.043855 -0.222896
v 0.128245 0.013242 -0.166537
v 0.128245 0.024511 -0.213611
v 0.128245 0.009822 -0.158611
v 0.128245 0.026544 -0.219234
v 0.128245 0.036511 -0.253885
v 0.128245 0.012196 -0.163142
v 0.128245 0.003897 -0.130502
v 0.128245 0.017103 -0.180628
v 0.128245 0.027976 -0.219483
v 0.128245 0.034988 -0.247857
v 0.128245 0.005450 -0.138385
v 0.128245 0.029905 -0.231431
v 0.128245 0.000172 -0.180951
v 0.128245 0.027019 -0.160247
v 0.128245 0.020459 -0.164583
v 0.128245 0.012624 -0.228717
v 0.128245 0.031728 -0.208961
v 0.128245 -0.002262 -0.173494
v 0.128245 0.020419 -0.146011
v 0.128245 0.016245 -0.156214
v 0.128245 0.012462 -0.231723
v 0.128245 0.033453 -0.214720
v 0.128245 0.006341 -0.207124
v 0.128245 0.029040 -0.166714
v 0.128245 0.035208 -0.190986
v 0.128245 -0.009614 -0.143295
v 0.128245 0.048913 -0.243944
v 0.128245 0.042838 -0.250020
v 0.128245 0.012087 -0.227091
v 0.128245 0.041492 -0.211588
v 0.128245 0.040953 -0.209514
v 0.128245 0.024674 -0.158113
v 0.128245 -0.001766 -0.174891
v 0.128245 0.019231 -0.161336
v 0.128245 -0.002867 -0.134533
v 0.128245 0.009886 -0.185841
v 0.128245 0.020682 -0.223949
v 0.128245 0.022475 -0.258979
v 0.128245 0.046400 -0.232038
v 0.128245 0.028061 -0.251534
v 0.128245 0.017567 -0.131282
v 0.128245 -0.006016 -0.159999
v 0.128245 -0.001504 -0.143360
v 0.128245 0.018520 -0.247306
v 0.128245 0.041255 -0.214978
v 0.128245 0.022685 -0.235175
v 0.128245 0.006025 -0.170967
v 0.128245 0.017294 -0.218124
v 0.128245 0.003228 -0.164216
v 0.128245 0.019025 -0.223583
v 0.128245 0.029919 -0.257381
v 0.128245 0.005129 -0.168713
v 0.128245 0.010464 -0.129812
v 0.128245 0.024320 -0.178396
v 0.128245 0.035116 -0.214913
v 0.128245 0.041694 -0.243880
v 0.128245 0.012162 -0.137520
v 0.128245 0.036936 -0.227290
v 0.128245 0.027561 -0.223876
v 0.128245 0.004349 -0.132739
v 0.128245 0.032694 -0.240263
v 0.128245 0.007552 -0.148660
v 0.128245 0.011364 -0.162357
v 0.128245 0.036112 -0.251942
v 0.128245 0.020774 -0.197695
v 0.128245 0.012633 -0.164321
v 0.128245 0.027089 -0.219940
v 0.128245 0.027224 -0.218292
v 0.128245 0.014606 -0.171072
v 0.128245 0.021823 -0.169025
v 0.128245 0.034221 -0.213711
v 0.128245 0.034296 -0.215390
v 0.128245 0.005435 -0.169178
v 0.128245 0.013557 -0.202528
v 0.128245 0.029278 -0.255612
v 0.128245 0.004581 -0.168147
v 0.128245 0.000834 -0.154460
v 0.128245 0.025651 -0.243899
v 0.128245 -0.002663 -0.137132
v 0.128245 0.020143 -0.227923
v 0.128245 0.034540 -0.219529
v 0.128245 0.011121 -0.131977
v 0.128245 0.039591 -0.236260
v 0.128245 0.014051 -0.147387
v 0.128245 0.018049 -0.160161
v 0.128245 0.042684 -0.247988
v 0.128245 0.027991 -0.193757
v 0.128245 0.019827 -0.162441
v 0.128245 0.019862 -0.224386
v 0.128245 0.019787 -0.222763
v 0.128245 0.007389 -0.175540
v -0.127804 0.008934 0.137246
v -0.127804 0.006473 0.127799
v -0.128039 -0.028432 0.157749
v -0.127803 -0.025238 0.150705
v -0.128039 -0.030893 0.148302
v -0.127803 -0.027699 0.141258
v -0.127804 0.036235 0.116657
v -0.127804 0.038696 0.127673
v -0.127804 0.063713 0.105118
v -0.127804 0.066174 0.119077
v -0.128040 0.074210 0.107322
v -0.127804 0.071670 0.103794
v -0.128040 0.076671 0.122228
v -0.127804 0.074132 0.118403
v -0.128039 0.005295 0.124872
v -0.128040 -0.028550 0.139924
v -0.128040 -0.030296 0.145504
v -0.128040 0.035096 0.112428
v -0.128040 0.062895 0.101146
v -0.128040 0.072673 0.105342
v -0.128040 0.070824 0.101284
v -0.128039 -0.029386 0.161936
v -0.128170 -0.024211 0.155527
v -0.128040 -0.026546 0.159541
v -0.128170 0.009840 0.141799
v -0.128170 0.039616 0.132957
v -0.128170 0.067072 0.125209
v -0.128040 0.075735 0.128058
v -0.128040 0.072867 0.123711
v -0.127803 0.011805 0.195829
v -0.127804 0.008470 0.186382
v -0.128039 -0.027647 0.196356
v -0.127803 -0.024204 0.201542
v -0.128039 -0.030108 0.186909
v -0.127803 -0.026665 0.192095
v -0.127804 0.039919 0.178171
v -0.127804 0.043495 0.188647
v -0.127804 0.067199 0.162298
v -0.127804 0.071284 0.176056
v -0.085131 0.102814 0.146729
v -0.084560 0.102814 0.154324
v -0.128040 0.079338 0.161636
v -0.127804 0.078186 0.168872
v -0.128040 0.006696 0.179996
v -0.128039 -0.027602 0.186568
v -0.128039 -0.029511 0.184111
v -0.128040 0.037824 0.170615
v -0.128040 0.065596 0.155973
v -0.083101 0.102814 0.144702
v -0.081528 0.102814 0.150311
v -0.128039 -0.031404 0.167858
v -0.128039 -0.028943 0.177305
v -0.094270 0.102814 0.124986
v -0.128040 0.078603 0.140130
v -0.128039 0.005415 0.150745
v -0.128040 -0.030892 0.165084
v -0.128040 0.035357 0.138468
v -0.128040 0.064658 0.123496
v -0.092497 0.102814 0.122955
v -0.128040 0.072851 0.123068
v -0.128170 -0.023250 0.202778
v -0.128039 -0.025761 0.198148
v -0.128040 -0.027057 0.179097
v -0.128170 0.012731 0.198051
v -0.128170 0.044193 0.190220
v -0.128170 0.072190 0.178637
v -0.128040 0.078834 0.167310
v -0.128040 0.077614 0.175083
v -0.128040 0.075373 0.149638
v -0.128170 0.010852 0.171612
v -0.128170 -0.024382 0.181144
v -0.128170 0.040637 0.163275
v -0.128170 0.069629 0.152358
v -0.128040 0.077904 0.147243
v -0.127804 0.013077 -0.109630
v -0.127804 0.013901 -0.113731
v -0.128284 -0.025169 -0.126429
v -0.127804 -0.020093 -0.130626
v -0.128284 -0.024345 -0.130529
v -0.127804 -0.019269 -0.134726
v -0.127804 0.042029 -0.093068
v -0.127804 0.041205 -0.088968
v -0.127804 0.066652 -0.069797
v -0.127804 0.065828 -0.065696
v -0.128284 0.073442 -0.052746
v -0.127804 0.072911 -0.060336
v -0.128284 0.072618 -0.048646
v -0.127804 0.072087 -0.056236
v -0.128284 0.013746 -0.113874
v -0.128284 -0.019650 -0.133940
v -0.128284 -0.022979 -0.130684
v -0.128284 0.041875 -0.093196
v -0.128284 0.066571 -0.069984
v -0.128284 0.072540 -0.054280
v -0.128284 0.072570 -0.060732
v -0.128284 -0.060576 -0.127711
v -0.128323 -0.020769 -0.127204
v -0.128284 -0.024126 -0.124517
v -0.128323 0.012403 -0.106894
v -0.128323 0.040321 -0.085527
v -0.128323 0.065013 -0.062497
v -0.128284 0.070651 -0.048530
v -0.128284 0.070009 -0.056974
v -0.127803 -0.005927 -0.046032
v -0.127804 -0.005103 -0.050133
v -0.128284 -0.070347 -0.102265
v -0.127803 -0.069239 -0.093184
v -0.128284 -0.069524 -0.106365
v -0.127803 -0.068415 -0.097285
v -0.127804 0.022276 -0.026965
v -0.127804 0.021452 -0.022864
v -0.127804 0.048751 0.028447
v -0.127804 0.047927 0.032548
v -0.128284 0.061192 0.026502
v -0.127804 0.057194 0.030576
v -0.128284 0.060368 0.030683
v -0.127804 0.056370 0.034696
v -0.128284 -0.004136 -0.054031
v -0.128284 -0.067436 -0.101050
v -0.128284 -0.068158 -0.106520
v -0.127708 0.023215 -0.030747
v -0.127708 0.049395 -0.012501
v -0.128284 0.060291 0.024923
v -0.128284 0.057307 0.028594
v -0.128284 -0.064103 -0.127985
v -0.128284 -0.064927 -0.123885
v -0.128284 0.068760 -0.031110
v -0.128284 0.067936 -0.027009
v -0.128284 0.004952 -0.084686
v -0.128284 -0.062817 -0.128203
v -0.127708 0.032654 -0.062511
v -0.127708 0.059534 -0.040643
v -0.128284 0.067858 -0.032630
v -0.128284 0.066381 -0.034036
v -0.128323 -0.068751 -0.093655
v -0.128284 -0.069304 -0.100353
v -0.128284 -0.063884 -0.121973
v -0.128323 -0.005844 -0.045828
v -0.128284 0.021745 -0.023363
v -0.128284 0.048163 -0.006105
v -0.128284 0.058401 0.030799
v -0.128284 0.053922 0.035199
v -0.128284 0.063270 -0.028227
v -0.128323 0.003132 -0.075628
v -0.128323 -0.062251 -0.119373
v -0.128323 0.030886 -0.053713
v -0.128323 0.057884 -0.032429
v -0.128284 0.065899 -0.026544
v -0.033463 0.022360 -0.315251
v -0.030404 0.020762 -0.315251
v -0.051499 -0.016442 -0.315556
v -0.043023 -0.012671 -0.315251
v -0.048441 -0.018040 -0.315556
v -0.039964 -0.014269 -0.315251
v -0.025003 0.051082 -0.315251
v -0.028062 0.052680 -0.315251
v -0.025181 0.078738 -0.315251
v -0.028240 0.080336 -0.315251
v -0.035295 0.088645 -0.315556
v -0.028582 0.086527 -0.315251
v -0.038354 0.090243 -0.315556
v -0.031641 0.088125 -0.315251
v -0.031171 0.019861 -0.315556
v -0.041611 -0.014987 -0.315556
v -0.047485 -0.017199 -0.315556
v -0.025759 0.050210 -0.315556
v -0.025607 0.078119 -0.315556
v -0.034921 0.087238 -0.315556
v -0.028869 0.085807 -0.315556
v -0.071901 -0.017697 -0.315556
v -0.046354 -0.012077 -0.315724
v -0.052027 -0.014733 -0.315556
v -0.036094 0.022857 -0.315724
v -0.031545 0.053134 -0.315724
v -0.031446 0.080791 -0.315724
v -0.039664 0.088976 -0.315556
v -0.032240 0.086574 -0.315556
v -0.110526 0.018522 -0.315251
v -0.107467 0.016924 -0.315251
v -0.102285 -0.018971 -0.315556
v -0.109896 -0.016002 -0.315251
v -0.099226 -0.020569 -0.315556
v -0.106837 -0.017600 -0.315251
v -0.105102 0.047093 -0.315251
v -0.108161 0.048691 -0.315251
v -0.097775 0.075122 -0.315251
v -0.100834 0.076720 -0.315251
v -0.084970 0.086171 -0.315556
v -0.092317 0.083353 -0.315251
v -0.088029 0.087769 -0.315556
v -0.095376 0.084951 -0.315251
v -0.103685 0.016250 -0.315556
v -0.102969 -0.018043 -0.315556
v -0.098271 -0.019729 -0.315556
v -0.101430 0.046441 -0.315556
v -0.095260 0.074649 -0.315556
v -0.084595 0.084764 -0.315556
v -0.090763 0.082724 -0.315556
v -0.073951 -0.020221 -0.315556
v -0.077010 -0.018623 -0.315556
v -0.059931 0.088981 -0.315556
v -0.062990 0.090579 -0.315556
v -0.066881 0.017770 -0.315556
v -0.073007 -0.019468 -0.315556
v -0.063192 0.048115 -0.315556
v -0.059829 0.077746 -0.315556
v -0.059556 0.087573 -0.315556
v -0.059615 0.085838 -0.315556
v -0.108511 -0.015173 -0.315724
v -0.102812 -0.017263 -0.315556
v -0.077537 -0.016915 -0.315556
v -0.110089 0.019171 -0.315724
v -0.106871 0.049383 -0.315724
v -0.099777 0.077387 -0.315724
v -0.089338 0.086502 -0.315556
v -0.097478 0.083324 -0.315556
v -0.065171 0.086790 -0.315556
v -0.073637 0.021299 -0.315724
v -0.078121 -0.014447 -0.315724
v -0.069754 0.051544 -0.315724
v -0.065956 0.080947 -0.315724
v -0.064559 0.089448 -0.315556
v 0.079921 0.102814 0.273293
v 0.074200 0.102814 0.273237
v 0.127574 0.102896 0.305104
v 0.120129 0.102814 0.307287
v 0.123962 0.102896 0.305038
v 0.114393 0.102814 0.307221
v 0.041405 0.102896 0.241554
v 0.047142 0.102896 0.241619
v 0.015072 0.102896 0.207860
v 0.020837 0.102896 0.207775
v 0.012750 0.102896 0.185985
v 0.010049 0.102814 0.195184
v 0.018487 0.102896 0.185744
v 0.015786 0.102814 0.195009
v 0.073336 0.102896 0.271699
v 0.114387 0.102896 0.305200
v 0.121184 0.102896 0.303675
v 0.040321 0.102896 0.239916
v 0.014143 0.102896 0.206664
v 0.012962 0.102896 0.187273
v 0.009813 0.102896 0.194765
v 0.127574 0.102896 0.284845
v 0.123573 0.103100 0.305391
v 0.127574 0.102896 0.303664
v 0.083130 0.103100 0.272204
v 0.050993 0.103100 0.239911
v 0.024454 0.103100 0.205924
v 0.022415 0.102896 0.187720
v 0.019486 0.103100 0.198036
v 0.127574 0.102814 0.212530
v 0.127574 0.102814 0.213899
v 0.127574 0.102896 0.268344
v 0.127574 0.102814 0.258948
v 0.127574 0.102896 0.269010
v 0.127574 0.102814 0.259802
v 0.102678 0.102896 0.169375
v 0.107477 0.102896 0.169946
v 0.069652 0.102896 0.133143
v 0.075389 0.102896 0.133991
v 0.050079 0.102896 0.133377
v 0.057943 0.102814 0.128477
v 0.055815 0.102896 0.133608
v 0.063680 0.102814 0.128963
v 0.127574 0.102896 0.217131
v 0.127574 0.102896 0.262267
v 0.127574 0.102896 0.268031
v 0.098976 0.102896 0.171614
v 0.066588 0.102896 0.134601
v 0.050290 0.102896 0.134628
v 0.056324 0.102896 0.129826
v 0.127574 0.102896 0.287924
v 0.127574 0.102896 0.287681
v 0.029770 0.102896 0.158818
v 0.035506 0.102896 0.158607
v 0.103057 0.102896 0.247383
v 0.127574 0.102896 0.286878
v 0.068805 0.102896 0.207795
v 0.038017 0.102896 0.170574
v 0.029981 0.102896 0.160106
v 0.031424 0.102896 0.161903
v 0.127574 0.103100 0.260348
v 0.127574 0.102896 0.266860
v 0.127574 0.102896 0.286241
v 0.127574 0.103100 0.213778
v 0.107616 0.103100 0.172604
v 0.075802 0.103100 0.136620
v 0.059743 0.102896 0.135912
v 0.068510 0.103100 0.131051
v 0.043316 0.103100 0.163809
v 0.112180 0.103100 0.245501
v 0.127574 0.103100 0.284062
v 0.080319 0.103100 0.208036
v 0.049507 0.103100 0.170577
v 0.039922 0.102896 0.160673
v 0.127908 0.087226 -0.053155
v 0.127908 0.083996 -0.052114
v 0.127908 0.102814 -0.070141
v 0.127908 0.102814 -0.074679
v 0.127908 0.102814 -0.066611
v 0.127908 0.102814 -0.071369
v 0.127908 0.058006 0.007560
v 0.127908 0.061235 0.006519
v 0.127908 0.035427 0.031588
v 0.127908 0.038656 0.030547
v 0.127908 0.029557 0.049181
v 0.127574 0.029807 0.041352
v 0.127908 0.032787 0.048139
v 0.127574 0.033036 0.040310
v 0.127502 0.082999 -0.049231
v 0.127908 0.102814 -0.067136
v 0.127908 0.102814 -0.064727
v 0.127502 0.057046 0.010348
v 0.127908 0.034708 0.033392
v 0.127908 0.029969 0.048570
v 0.127908 0.029608 0.042201
v 0.127908 0.102814 -0.042171
v 0.127908 0.102814 -0.073035
v 0.127908 0.102814 -0.069593
v 0.127908 0.088785 -0.052223
v 0.127908 0.063018 0.008177
v 0.127908 0.040348 0.031994
v 0.127908 0.035468 0.046405
v 0.127908 0.035794 0.037696
v 0.127908 0.102814 0.050752
v 0.127908 0.102814 0.052657
v 0.127574 0.102814 0.011026
v 0.127908 0.102814 0.020392
v 0.127574 0.102814 0.013537
v 0.127908 0.102814 0.022903
v 0.127908 0.078957 0.076415
v 0.127908 0.082189 0.074676
v 0.127908 -0.004300 0.087261
v 0.127908 -0.000168 0.085335
v 0.127574 -0.015713 0.085680
v 0.127574 -0.012398 0.090113
v 0.127574 -0.011754 0.083380
v 0.127574 -0.008230 0.087695
v 0.127908 0.101969 0.052384
v 0.127908 0.102814 0.022019
v 0.127574 0.102814 0.015557
v 0.127908 0.076820 0.075979
v 0.127908 -0.005951 0.086918
v 0.127574 -0.015347 0.085036
v 0.127574 -0.013132 0.089400
v 0.127908 0.102814 -0.047090
v 0.127908 0.102814 -0.049601
v 0.127908 0.034688 0.071530
v 0.127908 0.037954 0.070450
v 0.127502 0.091907 0.019788
v 0.127908 0.102814 -0.045136
v 0.127502 0.066518 0.045013
v 0.127908 0.042064 0.064876
v 0.127908 0.035085 0.070936
v 0.127908 0.036341 0.069852
v 0.127908 0.102814 0.018188
v 0.127574 0.102814 0.011792
v 0.127908 0.102814 -0.048835
v 0.127908 0.102814 0.049073
v 0.127908 0.082723 0.072271
v 0.127908 0.000792 0.082641
v 0.127574 -0.008823 0.081238
v 0.127574 -0.004737 0.085884
v 0.127908 0.043539 0.066453
v 0.127908 0.099040 0.017406
v 0.127908 0.102814 -0.047605
v 0.127908 0.073447 0.040038
v 0.127908 0.048532 0.062057
v 0.127908 0.040910 0.068627
v -0.122162 0.102814 -0.060510
v -0.116395 0.102814 -0.063683
v -0.091980 0.103561 0.019727
v -0.100989 0.102814 0.018354
v -0.086213 0.103561 0.018492
v -0.095222 0.103561 0.016923
v -0.127804 0.102814 -0.101672
v -0.127804 0.102814 -0.098935
v -0.127804 0.102814 -0.133090
v -0.127804 0.102814 -0.131152
v -0.127804 0.102814 -0.150304
v -0.127804 0.102814 -0.144200
v -0.127804 0.102814 -0.148694
v -0.127804 0.102814 -0.142502
v -0.111457 0.102814 -0.066634
v -0.090587 0.103561 0.015177
v -0.085311 0.103561 0.016292
v -0.127335 0.102814 -0.104194
v -0.127804 0.102814 -0.134430
v -0.127804 0.102814 -0.149243
v -0.127804 0.102814 -0.144608
v -0.060930 0.103561 -0.034637
v -0.100787 0.103561 0.017396
v -0.093936 0.103561 0.017999
v -0.122816 0.103561 -0.060350
v -0.127804 0.103561 -0.099390
v -0.127804 0.103561 -0.131503
v -0.127804 0.103561 -0.145906
v -0.127804 0.103561 -0.138960
v -0.051154 0.102814 -0.100925
v -0.045387 0.102814 -0.103198
v -0.045185 0.103561 -0.001212
v -0.039370 0.102814 -0.047909
v -0.039419 0.103561 -0.002447
v -0.033603 0.102814 -0.049144
v -0.058318 0.102814 -0.139647
v -0.064085 0.102814 -0.137806
v -0.074969 0.102814 -0.164621
v -0.080736 0.102814 -0.163075
v -0.090493 0.103561 -0.171142
v -0.082846 0.102814 -0.171275
v -0.096260 0.103561 -0.169642
v -0.088613 0.102814 -0.169790
v -0.044641 0.103561 -0.103001
v -0.034050 0.103561 -0.048455
v -0.038517 0.103561 -0.004647
v -0.057610 0.103561 -0.139450
v -0.074354 0.103561 -0.164491
v -0.088974 0.103561 -0.170087
v -0.082270 0.103561 -0.170841
v -0.062382 0.103561 0.009396
v -0.068148 0.103561 0.010631
v -0.114124 0.103561 -0.162658
v -0.119891 0.103561 -0.161225
v -0.077018 0.103561 -0.088273
v -0.061438 0.103561 0.007326
v -0.091713 0.103561 -0.124072
v -0.106431 0.103561 -0.151850
v -0.112605 0.103561 -0.161563
v -0.111530 0.103561 -0.159746
v -0.043514 0.103997 -0.046820
v -0.047141 0.103997 -0.002940
v -0.070104 0.103997 0.008903
v -0.054635 0.103703 -0.099164
v -0.068353 0.103703 -0.135988
v -0.084725 0.103703 -0.161571
v -0.097420 0.103561 -0.166951
v -0.088927 0.103561 -0.167134
v -0.120696 0.103561 -0.155043
v -0.089755 0.103703 -0.082898
v -0.072655 0.103997 -0.032126
v -0.104086 0.103703 -0.119704
v -0.117981 0.103703 -0.148656
v -0.121541 0.103561 -0.158380
v 0.127574 0.103309 -0.213247
v 0.127574 0.103309 -0.206608
v 0.127574 0.103309 -0.205092
v 0.127574 0.103309 -0.200613
v 0.127574 0.103309 -0.199689
v 0.127574 0.103309 -0.195429
v 0.089405 0.103309 -0.220740
v 0.100808 0.103309 -0.227379
v 0.053515 0.103309 -0.237979
v 0.064918 0.103309 -0.244618
v 0.041578 0.103309 -0.252717
v 0.043712 0.103309 -0.245689
v 0.052981 0.103309 -0.259356
v 0.055116 0.103309 -0.252328
v 0.124001 0.103309 -0.205204
v 0.127574 0.103309 -0.195483
v 0.127574 0.103309 -0.198846
v 0.084316 0.103309 -0.219394
v 0.049850 0.103722 -0.236919
v 0.041125 0.103309 -0.251010
v 0.041764 0.103722 -0.244817
v 0.127779 0.103116 -0.216645
v 0.127574 0.103309 -0.204300
v 0.127574 0.103309 -0.207060
v 0.127574 0.103309 -0.216888
v 0.105271 0.103309 -0.231720
v 0.069257 0.103354 -0.248700
v 0.059382 0.103309 -0.260759
v 0.061821 0.103354 -0.252950
v 0.127574 0.103309 -0.276525
v 0.127574 0.103309 -0.269886
v 0.127574 0.103309 -0.246340
v 0.127574 0.103309 -0.254658
v 0.127574 0.100189 -0.239701
v 0.127574 0.099172 -0.248019
v 0.101926 0.103309 -0.286512
v 0.113330 0.103309 -0.293151
v 0.064863 0.103309 -0.297587
v 0.076266 0.103309 -0.304226
v 0.049343 0.103309 -0.293505
v 0.053675 0.103309 -0.298023
v 0.060746 0.103309 -0.300144
v 0.065079 0.103309 -0.304662
v 0.127779 0.103116 -0.264766
v 0.127779 0.097063 -0.243363
v 0.127574 0.098746 -0.238616
v 0.096144 0.103715 -0.281528
v 0.060738 0.103848 -0.294112
v 0.048890 0.103309 -0.291798
v 0.051439 0.103443 -0.295639
v 0.127574 0.103309 -0.218385
v 0.127574 0.103309 -0.225023
v 0.043400 0.103309 -0.273911
v 0.054804 0.103309 -0.280550
v 0.127779 0.103116 -0.233808
v 0.127574 0.103309 -0.217274
v 0.088728 0.103715 -0.249587
v 0.051734 0.104261 -0.265442
v 0.042948 0.103309 -0.272204
v 0.044541 0.103855 -0.271028
v 0.127574 0.103309 -0.254984
v 0.127574 0.103309 -0.248542
v 0.127574 0.103309 -0.227225
v 0.127574 0.103309 -0.277647
v 0.117045 0.103309 -0.293571
v 0.079939 0.103309 -0.304808
v 0.067147 0.103309 -0.301547
v 0.072019 0.103309 -0.306518
v 0.066775 0.103354 -0.281648
v 0.127574 0.103309 -0.248452
v 0.127574 0.103309 -0.230087
v 0.113194 0.103309 -0.263831
v 0.074574 0.103354 -0.278739
v 0.062175 0.103309 -0.282517
v 0.127574 0.003154 -0.174828
v 0.127574 0.002310 -0.173775
v 0.127838 -0.030805 -0.205055
v 0.127574 -0.029128 -0.198931
v 0.127838 -0.031649 -0.203815
v 0.127574 -0.029971 -0.197839
v 0.127838 0.030943 -0.157940
v 0.127838 0.031787 -0.160807
v 0.127838 0.058290 -0.148033
v 0.127838 0.059134 -0.150091
v 0.127838 0.070513 -0.150888
v 0.127574 0.066802 -0.147472
v 0.127838 0.071357 -0.152494
v 0.127574 0.067646 -0.149138
v 0.127838 0.002331 -0.174056
v 0.127838 -0.029748 -0.198532
v 0.127838 -0.030668 -0.202687
v 0.127838 0.030966 -0.157162
v 0.127838 0.058285 -0.147822
v 0.127838 0.069283 -0.150922
v 0.127838 0.066485 -0.147527
v 0.127838 -0.024873 -0.215343
v 0.127838 -0.028217 -0.200230
v 0.127838 -0.029328 -0.204540
v 0.127838 0.003751 -0.175841
v 0.127838 0.032548 -0.162774
v 0.127838 0.059840 -0.151827
v 0.127838 0.069905 -0.153456
v 0.127838 0.065742 -0.149729
v 0.127574 0.017954 -0.223603
v 0.127574 0.017110 -0.221091
v 0.127838 -0.021052 -0.235076
v 0.127574 -0.016285 -0.238861
v 0.127838 -0.021896 -0.232630
v 0.127574 -0.017129 -0.236195
v 0.127838 0.046326 -0.204959
v 0.127838 0.047170 -0.208036
v 0.127838 0.072232 -0.190250
v 0.127838 0.073076 -0.192577
v 0.127838 0.080052 -0.179288
v 0.127574 0.079042 -0.184278
v 0.127838 0.080896 -0.181230
v 0.127574 0.079886 -0.186383
v 0.127838 0.016257 -0.218198
v 0.127838 -0.017965 -0.233337
v 0.127838 -0.020914 -0.231318
v 0.127838 0.045498 -0.201826
v 0.127838 0.071661 -0.188377
v 0.127838 0.078823 -0.179331
v 0.127838 0.078371 -0.183285
v 0.127838 -0.027650 -0.218160
v 0.127838 -0.026806 -0.219890
v 0.127838 0.076786 -0.164946
v 0.127838 0.077630 -0.166576
v 0.127838 0.009143 -0.195926
v 0.127838 -0.026751 -0.217031
v 0.127838 0.038121 -0.179025
v 0.127838 0.066366 -0.167979
v 0.127838 0.075557 -0.165004
v 0.127838 0.073932 -0.165606
v 0.128203 -0.016280 -0.237919
v 0.127838 -0.019575 -0.234921
v 0.127838 -0.025329 -0.219554
v 0.128203 0.017962 -0.223356
v 0.128043 0.047014 -0.207400
v 0.128043 0.072963 -0.191901
v 0.127838 0.079444 -0.182494
v 0.127838 0.078270 -0.188330
v 0.127838 0.073651 -0.168957
v 0.128203 0.011007 -0.199455
v 0.128203 -0.023157 -0.218882
v 0.128043 0.039932 -0.184913
v 0.128043 0.068056 -0.171555
v 0.127838 0.076250 -0.167643
vn 1.0000 -0.0000 -0.0000
vn 0.7561 -0.6543 0.0111
vn 0.9979 -0.0614 -0.0218
vn -0.0000 1.0000 -0.0000
vn -0.0834 0.9876 -0.1329
vn -0.0883 0.9946 -0.0548
vn -0.7008 -0.7127 -0.0311
vn -0.0000 -1.0000 -0.0000
vn 0.7071 -0.7071 -0.0000
vn 0.6902 0.1213 0.7134
vn -0.0000 -0.0000 1.0000
vn -0.6597 0.7412 0.1241
vn -0.7164 0.6975 -0.0145
vn -0.9990 -0.0000 -0.0441
vn 0.5666 -0.8115 -0.1433
vn 0.4040 -0.5284 -0.7467
vn 0.9423 -0.2306 -0.2428
vn 0.5575 0.7761 -0.2948
vn 0.7085 0.7053 -0.0236
vn -1.0000 -0.0000 -0.0000
vn -0.7297 -0.6535 -0.2010
vn -0.0280 0.9979 0.0582
vn -0.0158 0.9998 -0.0074
vn -0.3936 -0.9193 -0.0017
vn -0.0130 0.9987 0.0499
vn 0.0987 -0.3593 -0.9280
vn 0.9992 0.0400 -0.0074
vn 1.0000 0.0017 0.0072
vn -0.0662 -0.0238 0.9975
vn -0.0932 -0.3477 0.9330
vn 0.2254 0.1529 0.9622
vn -0.1554 0.9868 -0.0455
vn -0.3436 0.9322 -0.1140
vn -0.9833 0.1751 -0.0503
vn -0.8340 0.5180 -0.1900
vn -0.4135 0.9104 -0.0155
vn 0.0619 -0.9981 -0.0000
vn -0.9945 0.1047 0.0076
vn -0.2566 0.9656 0.0418
vn 0.9191 -0.3940 -0.0015
vn 0.4887 -0.8723 -0.0146
vn 0.7521 -0.6590 0.0006
vn 0.9999 -0.0127 -0.0008
vn 1.0000 -0.0094 -0.0019
vn 0.7071 0.7071 -0.0002
vn -0.0028 1.0000 0.0017
vn 0.5447 0.8167 0.1906
vn 0.7136 0.7006 -0.0025
vn 0.6919 -0.0319 -0.7212
vn 0.9990 0.0347 -0.0289
vn 0.9971 -0.0306 -0.0698
vn 0.5711 -0.0410 -0.8199
vn -0.0717 -0.0081 0.9974
vn -0.7489 0.0082 0.6626
vn -1.0000 -0.0000 -0.0026
vn 0.0698 0.9376 -0.3405
vn -0.7071 -0.7071 -0.0000
vn 0.0154 -0.9999 -0.0035
vn 0.0491 -0.9988 -0.0027
vn 0.9902 0.1187 -0.0735
vn 0.8543 0.0970 0.5107
vn -0.0618 -0.7969 0.6009
vn 0.0172 -0.9491 0.3144
vn 0.7071 0.7071 -0.0000
vn 0.7025 -0.7117 -0.0036
vn 1.0000 -0.0051 -0.0022
vn 1.0000 -0.0022 0.0031
vn -0.0654 0.0393 -0.9971
vn -0.1729 -0.4258 -0.8882
vn -0.6727 -0.2677 -0.6898
vn 0.9818 -0.1747 0.0752
vn -0.0732 -0.6641 -0.7441
vn -0.0000 -0.0000 -1.0000
vn 0.8557 0.0557 0.5145
vn 0.7998 -0.2308 0.5541
vn 0.0048 0.0047 -1.0000
vn 0.7071 -0.0000 0.7071
vn 0.7145 -0.2857 0.6386
vn 0.6788 0.2491 -0.6908
vn 0.0930 0.3998 -0.9119
vn -0.7295 0.6839 -0.0048
vn -0.9649 0.2444 -0.0958
vn 1.0000 -0.0000 0.0001
vn -0.2946 0.5608 -0.7738
vn -0.2706 0.1502 -0.9509
vn -0.7459 0.6110 -0.2650
vn -0.7367 0.6759 -0.0211
vn 0.0893 0.9605 0.2637
vn 0.7072 0.7070 0.0042
vn 1.0000 -0.0030 -0.0018
vn 0.9976 0.0544 0.0436
vn 0.0064 -1.0000 -0.0015
vn 0.0144 0.9999 -0.0013
vn -0.2652 -0.9636 -0.0347
vn -0.0106 0.9009 0.4338
vn -0.7071 0.7071 -0.0000
vn -0.0354 0.5149 -0.8565
vn 0.0826 0.3901 -0.9171
vn 0.9942 -0.0645 -0.0864
vn -0.0592 0.9982 0.0001
vn -0.0130 -0.9999 -0.0000
vn -0.0630 -0.9980 -0.0000
vn 0.9934 -0.1149 -0.0002
vn 1.0000 0.0041 0.0050
vn -0.0150 0.7074 0.7067
vn -0.3878 0.8894 0.2420
vn 0.9276 0.2437 0.2830
vn 0.5809 0.7769 0.2429
vn 0.3504 0.4082 0.8429
vn 0.9734 0.1731 0.1504
vn 0.9671 0.1753 0.1845
vn -0.5648 0.3144 0.7630
vn -0.7970 0.0079 0.6040
vn -0.0163 -0.0071 0.9998
vn -0.0000 0.7071 0.7071
vn 0.0297 0.7071 0.7064
vn -0.2732 0.0329 0.9614
vn -0.1059 0.0803 0.9911
vn 0.1479 -0.1791 0.9727
vn 0.4922 0.5302 0.6904
vn 0.1919 0.1180 0.9743
vn 0.0163 -0.9214 0.3883
vn 0.9152 -0.2795 0.2904
vn 0.0069 -0.9954 0.0951
vn 0.0180 0.0128 0.9998
vn -0.0284 -0.1915 0.9811
vn 0.4814 -0.8334 0.2715
vn -0.0902 -0.8817 0.4630
vn 0.9834 -0.1812 -0.0093
vn -0.1154 0.9933 0.0081
vn 0.0326 -0.9833 -0.1790
vn 0.0368 -0.5849 -0.8103
vn 0.0024 -0.0304 0.9995
vn -0.9997 -0.0218 0.0072
vn 0.0196 -0.9997 0.0158
vn -0.7550 -0.6557 -0.0000
vn 0.0123 -0.0000 0.9999
vn 0.6847 -0.7288 -0.0026
vn -0.6344 -0.7117 0.3017
vn -0.7605 -0.2678 0.5916
vn -0.7055 -0.7087 0.0026
vn -0.7474 0.6534 0.1200
vn -0.7752 0.0927 -0.6249
vn -0.8175 0.2303 -0.5280
vn -0.9811 0.0071 0.1935
vn 0.9986 0.0255 0.0466
vn 0.3884 -0.3108 0.8675
vn 0.0523 -0.1210 0.9913
vn -0.1303 0.0703 -0.9890
vn 0.0286 -0.5878 -0.8085
vn -0.0067 -0.9889 -0.1482
vn -0.7222 -0.0588 0.6891
vn -0.9828 0.1551 0.1003
vn 0.0317 0.9116 -0.4098
vn 1.0000 -0.0009 0.0069
vn 0.1342 0.4178 0.8986
vn -0.2907 -0.0000 -0.9568
vn 0.7071 0.7071 -0.0001
vn 0.0714 -0.0001 0.9974
vn 1.0000 -0.0000 -0.0002
vn -0.6902 -0.0000 -0.7236
vn -0.3940 -0.0000 0.9191
vn -0.1866 -0.0000 0.9824
vn -0.8861 -0.0000 0.4634
vn 0.8392 -0.0000 -0.5438
vn -0.0024 -0.0000 -1.0000
vn -1.0000 -0.0000 -0.0007
vn -0.0043 -0.0000 -1.0000
vn 1.0000 -0.0000 0.0017
vn -0.0000 -0.9948 -0.1019
vn -0.9615 0.0702 -0.2656
vn -0.8791 0.0892 -0.4683
vn -0.8996 0.0660 -0.4318
vn -0.3402 0.0798 -0.9370
vn -0.3902 0.0704 -0.9180
vn -0.1970 0.0863 -0.9766
vn 0.4364 0.8895 -0.1353
vn -0.1354 -0.9900 0.0390
vn 0.7072 0.7071 -0.0000
vn 0.4406 -0.8543 0.2759
vn -0.9312 -0.0054 0.3646
vn 0.8855 0.4591 0.0715
vn 0.0134 -0.1187 0.9928
vn -0.9999 -0.0173 -0.0000
vn 0.9776 -0.0126 -0.2103
vn 0.0001 -1.0000 -0.0000
vn 0.8855 0.4591 0.0714
vn 0.9986 0.0530 -0.0000
vn 0.9974 -0.0000 0.0714
vn -0.0001 1.0000 -0.0000
vn 0.9974 -0.0000 0.0715
vn 0.8855 0.4590 0.0715
vn -0.9974 -0.0000 -0.0715
vn -0.0046 1.0000 -0.0000
vn -0.9379 0.2210 0.2675
vn 0.5173 0.8553 0.0309
vn -0.9974 -0.0000 0.0715
vn 0.6039 -0.0000 0.7970
vn -0.2707 -0.9351 0.2286
vn 0.9986 0.0013 -0.0522
vn -0.6340 -0.6235 0.4575
vn -0.0001 -1.0000 -0.0000
vn -0.0000 1.0000 0.0001
vn -0.8855 -0.4590 -0.0715
vn -0.0002 -1.0000 -0.0000
vn 0.1620 0.9868 -0.0000
vn 0.8795 -0.4742 0.0416
vn -0.7071 0.7071 0.0001
vn 0.0877 0.6219 -0.7782
vn 0.4520 0.5350 -0.7138
vn 0.4778 0.1853 -0.8587
vn 0.4037 0.2184 -0.8885
vn 0.8246 0.2637 -0.5004
vn 0.7433 0.4022 -0.5346
vn 0.7001 0.6027 -0.3828
vn -0.0240 0.9983 0.0536
vn 0.1418 0.9809 -0.1333
vn 0.2896 0.9334 -0.2117
vn 0.0723 0.9832 -0.1676
vn 0.4907 0.8003 -0.3445
vn 0.2404 0.9345 -0.2624
vn 0.5275 0.4167 -0.7404
vn 0.0483 0.9965 -0.0679
vn -0.0029 -0.0000 1.0000
vn 0.0771 -0.0001 0.9970
vn -0.0063 -0.0000 -1.0000
vn 1.0000 -0.0000 0.0005
vn 1.0000 -0.0000 -0.0004
vn 1.0000 -0.0000 -0.0005
vn 1.0000 -0.0000 -0.0007
vn 0.0029 -0.0000 -1.0000
vn 1.0000 -0.0000 -0.0036
vn -0.0094 -0.0000 -1.0000
vn 0.9966 -0.0724 -0.0403
vn 0.9992 -0.0155 -0.0377
vn 0.9993 0.0122 0.0349
vn 0.9996 -0.0055 0.0282
vn 0.9994 -0.0074 -0.0330
vn 0.9996 -0.0111 -0.0274
vn 0.9982 -0.0223 -0.0551
vn 0.9980 -0.0136 -0.0617
vn 0.9934 -0.0871 -0.0746
vn 0.9967 -0.0307 -0.0749
vn 0.9999 0.0097 0.0116
vn -0.0305 -0.9909 0.1310
vn 0.9996 0.0038 0.0264
vn 0.9985 0.0537 0.0047
vn 0.9997 -0.0020 0.0262
vn 0.9996 -0.0014 0.0294
vn -0.0126 -0.9696 0.2443
vn 0.9994 0.0325 0.0076
vn 0.9997 0.0258 -0.0002
vn 0.9994 0.0099 0.0326
vn 0.9994 0.0101 0.0332
vn 0.8616 -0.4539 0.2272
vn 0.8734 0.4181 -0.2498
vn 0.9939 0.0483 -0.0988
vn 0.6718 0.6528 -0.3501
vn 0.9000 -0.4306 0.0679
vn -0.6280 0.7502 0.2070
vn -0.6664 0.7455 -0.0075
vn -0.9915 0.1299 -0.0013
vn -0.8140 0.5752 0.0813
vn 0.9833 -0.1753 -0.0490
vn 0.4126 -0.7746 0.4792
vn -1.0000 -0.0001 -0.0000
vn -0.9801 0.1940 0.0428
vn 0.6033 -0.7905 0.1059
vn 0.9639 -0.2638 0.0353
vn 0.9992 0.0132 0.0367
vn 0.9991 0.0294 0.0291
vn 0.9996 0.0275 -0.0011
vn 0.9999 -0.0110 0.0010
vn 1.0000 0.0011 0.0027
vn -0.9986 0.0522 -0.0016
vn -0.9970 -0.0111 -0.0764
vn -0.9954 -0.0173 -0.0944
vn -0.9999 0.0038 0.0168
vn -0.9132 0.3205 -0.2518
vn -0.8906 0.4298 -0.1489
vn -0.9998 0.0068 0.0162
vn -0.9999 0.0056 0.0140
vn -0.9998 0.0040 0.0180
vn -0.9998 0.0033 0.0215
vn -0.4034 0.8669 -0.2927
vn 0.8738 0.4133 -0.2564
vn 0.0272 0.6350 0.7720
vn -0.9833 0.0384 -0.1781
vn -0.9921 -0.0570 -0.1122
vn -0.9967 -0.0474 -0.0665
vn -0.7667 0.3129 -0.5606
vn 0.9761 0.1895 -0.1062
vn -0.9959 -0.0279 -0.0863
vn -0.9856 -0.0536 -0.1603
vn 0.2249 -0.9734 -0.0431
vn 0.3365 -0.9392 -0.0684
vn -0.6365 0.7012 -0.3212
vn -0.6422 -0.7612 -0.0903
vn 0.8436 -0.5339 -0.0567
vn -0.6421 0.7364 0.2132
vn -0.6171 0.7470 0.2474
vn -0.6300 0.7234 -0.2825
vn -1.0000 0.0005 0.0039
vn -0.9407 0.3312 0.0730
vn 0.5494 -0.8309 -0.0878
vn 0.4999 -0.8613 -0.0910
vn -0.9828 -0.0354 -0.1815
vn 0.9981 0.0542 -0.0279
vn 1.0000 -0.0082 0.0008
vn 0.9998 -0.0199 0.0018
vn -0.9808 -0.0280 -0.1930
vn -0.8730 -0.4838 -0.0620
vn -0.8832 -0.4651 -0.0596
vn 0.2141 0.5128 -0.8314
vn 0.6406 0.4391 -0.6299
vn 0.9964 -0.0472 0.0705
vn 0.9978 -0.0590 0.0297
vn 0.6814 0.5741 -0.4539
vn 0.7148 0.4558 -0.5303
vn 0.0498 0.6276 -0.7769
vn 0.0306 0.7473 -0.6638
vn -0.9425 0.1754 -0.2844
vn -0.8515 0.2924 -0.4352
vn 0.9997 -0.0052 0.0242
vn 0.9971 -0.0656 -0.0389
vn 0.4172 -0.6558 -0.6291
vn 0.9959 -0.0664 0.0617
vn 0.9978 0.0439 0.0501
vn 0.9913 -0.1115 0.0705
vn 0.9931 -0.0918 0.0735
vn -0.9786 -0.0000 0.2058
vn 0.9953 0.0159 0.0956
vn 0.9997 0.0052 0.0242
vn 0.9965 -0.0525 0.0646
vn 0.9961 -0.0581 0.0671
vn -0.0528 0.9904 0.1279
vn -0.8650 0.4998 -0.0446
vn -0.9959 0.0897 -0.0132
vn -0.9836 0.1791 -0.0196
vn 0.9516 0.2570 -0.1683
vn -0.0905 -0.8692 0.4862
vn -1.0000 0.0039 0.0042
vn -0.9997 -0.0235 -0.0035
vn -0.0354 0.8360 -0.5476
vn -0.9115 -0.2417 -0.3327
vn -0.9149 -0.2372 -0.3265
vn -0.9997 -0.0222 0.0111
vn -0.9997 -0.0258 0.0009
vn -0.9999 -0.0035 0.0123
vn -1.0000 0.0015 0.0084
vn 0.9960 -0.0514 0.0736
vn 0.9967 -0.0145 0.0803
vn 0.9989 0.0118 0.0445
vn 1.0000 0.0001 -0.0004
vn 1.0000 -0.0019 -0.0009
vn 1.0000 -0.0000 -0.0001
vn 1.0000 -0.0014 -0.0005
vn 0.9995 -0.0314 0.0098
vn -0.9979 0.0412 0.0504
vn -0.7236 0.4150 -0.5515
vn -0.5397 0.5188 -0.6631
vn -0.9992 -0.0231 0.0337
vn -0.9999 -0.0157 0.0020
vn -0.9998 -0.0191 -0.0052
vn -0.9999 -0.0044 0.0142
vn -1.0000 -0.0024 0.0061
vn -0.9988 -0.0237 0.0421
vn -0.9968 -0.0685 0.0410
vn -0.0497 0.9926 0.1104
vn 0.8206 0.5667 -0.0736
vn 0.0853 -0.8479 0.5232
vn -0.0459 0.9401 -0.3379
vn 0.9999 0.0132 -0.0094
vn 0.9984 0.0201 -0.0529
vn -0.9989 0.0440 -0.0144
vn 0.9845 0.1733 -0.0269
vn -0.5622 0.5374 -0.6286
vn 0.9574 0.1865 -0.2205
vn 0.0942 0.1522 0.9838
vn -0.9997 0.0123 0.0229
vn -0.9987 -0.0021 0.0515
vn -0.9978 -0.0657 0.0035
vn 0.9441 -0.2142 -0.2505
vn 0.0365 -0.9116 -0.4094
vn -0.9994 -0.0311 0.0122
vn 0.8507 0.3281 -0.4108
vn 0.9199 0.3083 -0.2425
vn 0.9960 -0.0514 -0.0734
vn 0.6425 -0.1839 -0.7439
vn 0.9586 -0.1828 0.2183
vn -0.0727 0.0162 0.9972
vn -0.0520 0.0081 0.9986
vn 0.9347 0.2938 0.2000
vn 0.9737 -0.0336 0.2254
vn 0.2446 -0.0335 -0.9690
vn 0.2585 0.0316 -0.9655
vn 0.1740 -0.3006 -0.9377
vn 0.1707 -0.0443 -0.9843
vn -0.0162 0.0194 0.9997
vn 0.1240 -0.9659 0.2273
vn 0.0205 -0.1367 0.9904
vn -0.0681 -0.0112 0.9976
vn -0.0984 -0.0370 0.9945
vn -0.0881 -0.0565 0.9945
vn -0.0856 -0.0267 0.9960
vn -0.0000 0.9998 -0.0191
vn -0.0183 0.0607 0.9980
vn -0.0018 0.0349 0.9994
vn -0.0685 0.0059 0.9976
vn -0.0759 0.0062 0.9971
vn 0.0632 0.1245 -0.9902
vn 0.0690 0.1519 -0.9860
vn 0.1773 0.1093 -0.9781
vn 0.0210 0.0475 -0.9986
vn 0.2067 0.0890 0.9743
vn -0.5289 -0.8465 -0.0607
vn 0.1745 0.3453 -0.9221
vn 0.1167 -0.2611 -0.9582
vn -0.0781 0.0176 0.9968
vn -0.0586 0.0569 0.9967
vn -0.0017 0.0363 0.9993
vn 0.0009 -0.0151 0.9999
vn 0.0006 -0.0140 0.9999
vn -0.0079 -0.0132 0.9999
vn -0.0490 -0.0010 -0.9988
vn 0.3991 0.0128 -0.9168
vn 0.9755 -0.0002 -0.2202
vn -0.0389 0.0013 -0.9992
vn -0.0485 0.0205 -0.9986
vn -0.0616 0.0290 -0.9977
vn -0.0456 0.0074 -0.9989
vn -0.0413 0.0068 -0.9991
vn -0.0413 0.0010 -0.9991
vn -0.0443 -0.0389 -0.9983
vn 0.0833 0.1631 0.9831
vn 0.0797 0.1741 0.9815
vn 0.1582 0.3052 0.9390
vn -0.5786 -0.8132 0.0626
vn 0.7832 -0.2669 -0.5616
vn 0.8788 -0.4339 -0.1987
vn 0.7559 -0.4078 -0.5121
vn 0.1392 -0.0751 -0.9874
vn 0.0245 0.0884 0.9958
vn 0.9604 -0.1294 -0.2468
vn 0.2425 -0.0486 0.9689
vn -0.0165 0.0161 -0.9997
vn -0.0147 0.0248 -0.9996
vn -0.0515 0.0549 -0.9972
vn -0.0516 0.0167 -0.9985
vn 0.1405 -0.3394 0.9301
vn -0.0569 -0.9976 -0.0391
vn -0.0095 -0.0141 -0.9999
vn 0.2660 -0.0170 0.9638
vn 0.1777 0.0674 0.9818
vn 0.0011 -0.0107 0.9999
vn 0.0151 -0.0500 0.9986
vn 0.0475 -0.1010 0.9938
vn 0.0262 0.9992 -0.0316
vn -0.0411 0.9979 0.0494
vn -0.0252 0.9993 0.0280
vn 0.6569 0.0370 -0.7531
vn 0.8212 -0.0756 -0.5657
vn 0.1571 0.9856 -0.0631
vn 0.0020 -1.0000 -0.0021
vn 0.6898 0.0425 -0.7227
vn 0.0291 -0.9991 -0.0313
vn 0.0292 -0.9990 -0.0351
vn 0.0729 0.9828 0.1694
vn 0.0058 -0.9996 -0.0260
vn -0.0003 -0.9997 -0.0257
vn 0.0002 -0.9998 -0.0191
vn -0.0257 0.9996 0.0129
vn -0.0281 0.9995 0.0160
vn -0.0397 0.9992 0.0097
vn -0.0146 0.9999 -0.0012
vn 0.9404 0.3362 0.0504
vn -0.0208 0.9996 0.0196
vn -0.0236 0.9995 0.0223
vn 0.8976 0.1495 0.4146
vn 0.1224 -0.9916 0.0409
vn 0.1433 -0.9885 0.0479
vn 0.1502 0.9884 -0.0216
vn -0.0062 1.0000 -0.0014
vn 0.1567 0.9856 -0.0629
vn -0.0003 -0.9999 -0.0167
vn -0.0002 -1.0000 -0.0094
vn -0.0276 0.9991 0.0318
vn 0.1307 0.9914 0.0103
vn 0.9977 0.0671 0.0007
vn 0.1005 0.9949 0.0104
vn -0.0205 0.9997 -0.0148
vn -0.0273 0.9995 -0.0171
vn -0.0194 0.9997 -0.0142
vn -0.0294 0.9989 0.0353
vn 0.0610 0.9871 0.1478
vn -0.9632 0.0152 0.2683
vn 0.9249 -0.1713 -0.3395
vn 0.6832 0.7302 0.0001
vn -0.0019 -0.9999 0.0136
vn -0.0031 -1.0000 0.0013
vn -0.0031 -1.0000 0.0016
vn -0.0019 -1.0000 0.0075
vn -0.9842 -0.1769 0.0012
vn 0.6501 0.1030 0.7529
vn 0.5077 -0.1323 -0.8513
vn -0.0004 -0.9998 0.0196
vn 0.0623 0.9893 -0.1322
vn 0.0568 0.9962 -0.0664
vn 0.7889 -0.0815 -0.6091
vn 0.1307 0.9892 -0.0665
vn 0.5401 0.0275 0.8411
vn 0.0026 0.9999 -0.0138
vn 0.0119 -0.9996 0.0263
vn 0.0044 -1.0000 0.0077
vn -0.0048 -0.9998 0.0211
vn -0.0031 0.9999 -0.0104
vn -0.0161 0.9996 -0.0219
vn 0.9878 0.1546 -0.0210
vn -0.0235 0.9995 -0.0209
vn -0.9998 -0.0126 -0.0154
vn -0.0000 -0.0000 -0.0000
vn 1.0000 -0.0000 0.0006
vn -0.9397 -0.2583 -0.2240
vn 0.1994 -0.7772 -0.5968
vn -0.9618 0.2399 0.1318
vn -0.9933 -0.0916 -0.0705
vn 0.5035 -0.7881 -0.3540
vn -0.8775 -0.4365 -0.1987
vn -0.9984 -0.0319 -0.0476
vn 0.0001 0.9239 0.3827
vn -0.5669 0.7526 0.3350
vn 0.9999 -0.0169 -0.0025
vn 0.9997 -0.0214 -0.0086
vn 0.9986 -0.0497 -0.0188
vn 0.9995 -0.0313 -0.0025
vn -1.0000 -0.0018 -0.0000
vn 0.4878 0.8678 -0.0941
vn -0.9257 0.3783 0.0027
vn -0.8690 0.4940 0.0289
vn 0.9848 0.1674 -0.0462
vn -0.6753 0.6415 0.3638
vn 0.9997 -0.0165 -0.0167
vn -0.9998 0.0221 -0.0019
vn -0.9998 0.0184 0.0017
vn -1.0000 0.0022 -0.0023
vn -0.8477 0.2009 0.4909
vn -0.9999 -0.0008 0.0110
vn -1.0000 -0.0018 0.0055
vn -1.0000 0.0017 -0.0000
vn 1.0000 -0.0019 -0.0051
vn 0.9190 -0.1425 -0.3677
vn 0.9996 -0.0277 -0.0080
vn 1.0000 -0.0017 0.0046
vn 0.3383 -0.0000 0.9411
vn 0.7070 0.7072 -0.0001
vn -0.1215 -0.4280 -0.8956
vn -1.0000 0.0013 0.0031
vn -0.9986 0.0216 -0.0489
vn -0.9993 0.0368 0.0003
vn -1.0000 0.0050 0.0032
vn -0.9901 -0.0806 0.1150
vn 0.3075 -0.4520 -0.8374
vn 0.9989 -0.0315 -0.0335
vn 0.9941 -0.0514 -0.0957
vn 0.9967 -0.0576 -0.0570
vn 0.9996 -0.0211 -0.0208
vn 0.0324 -0.4320 0.9013
vn 0.9999 -0.0138 -0.0085
vn -0.9966 0.0160 -0.0814
vn 0.0184 0.4328 0.9013
vn -1.0000 0.0049 -0.0052
vn -1.0000 0.0072 -0.0002
vn -0.9982 0.0244 -0.0552
vn 0.0003 1.0000 -0.0000
vn 0.0001 1.0000 -0.0000
vn 1.0000 -0.0080 -0.0050
vn 0.9845 0.0653 0.1630
vn -0.9993 0.0158 0.0338
vn -0.9998 0.0110 0.0165
vn 0.2216 0.9751 -0.0000
vn -0.9942 -0.0380 -0.1004
vn 1.0000 -0.0070 0.0027
vn 0.9999 -0.0036 0.0098
vn -0.9998 0.0109 0.0161
vn -0.9988 0.0273 0.0405
vn -0.0380 0.9989 0.0264
vn -0.0139 0.9999 -0.0000
vn 0.5950 0.7942 -0.1235
vn 0.3553 0.9291 -0.1026
vn -0.0084 1.0000 0.0029
vn 1.0000 0.0049 -0.0000
vn -0.0028 1.0000 -0.0024
vn -0.0087 1.0000 -0.0006
vn -0.4732 0.5533 -0.6855
vn -0.6529 -0.0398 0.7564
vn 0.0945 -0.9093 -0.4052
vn -1.0000 0.0001 -0.0000
vn -0.4798 -0.8472 -0.2279
vn -0.0297 -0.9974 -0.0650
vn 0.0350 -0.9886 -0.1462
vn -0.0204 -0.9979 -0.0620
vn 0.6146 0.7869 -0.0551
vn 0.9912 0.1256 -0.0420
vn 0.0129 0.9977 0.0665
vn -0.0072 1.0000 0.0050
vn 0.9414 -0.3063 0.1411
vn -0.0050 1.0000 -0.0007
vn -0.0076 1.0000 0.0016
vn -0.0161 0.9999 0.0063
vn -0.0414 0.9991 0.0069
vn -0.0344 0.9994 0.0085
vn -0.0189 0.9998 0.0040
vn -0.0046 0.9999 0.0151
vn -0.0251 0.9997 0.0068
vn -0.0134 0.9999 0.0037
vn -0.0096 0.9999 0.0031
vn 0.0725 0.9902 0.1191
vn 0.9443 0.2632 -0.1974
vn 0.0457 -0.9876 -0.1501
vn 0.0051 -1.0000 0.0007
vn 0.0028 -1.0000 -0.0007
vn 0.0049 -1.0000 -0.0012
vn 0.0090 -1.0000 -0.0003
vn 0.0102 -0.9999 0.0069
vn 0.0037 -1.0000 0.0010
vn 0.0072 -1.0000 -0.0007
vn 0.0178 -0.9998 0.0054
vn 0.0045 -1.0000 0.0055
vn 0.9533 0.1485 -0.2630
vn 0.4935 -0.8316 0.2549
vn 0.9894 -0.1386 0.0425
vn 0.6566 -0.7507 -0.0729
vn -0.1104 -0.9938 0.0157
vn -0.1039 -0.9941 0.0307
vn 0.5123 -0.8461 -0.1472
vn 0.4310 -0.7892 -0.4375
vn 0.6948 -0.4327 -0.5745
vn 0.7246 -0.6036 -0.3326
vn 0.4304 -0.8703 -0.2394
vn 0.9239 -0.3033 -0.2334
vn 0.9629 -0.2693 0.0141
vn -0.0549 -0.9980 -0.0298
vn 0.8109 0.5528 0.1921
vn -0.0794 -0.9948 0.0640
vn -0.0892 -0.9924 0.0844
vn -0.0787 -0.9905 0.1126
vn -0.0867 -0.9893 -0.1176
vn -0.1154 -0.9918 -0.0554
vn -0.0837 -0.9957 0.0410
vn -0.0963 -0.9942 0.0482
vn -0.1909 0.1251 -0.9736
vn 0.0068 0.9826 -0.1855
vn 0.0054 0.9891 -0.1472
vn 0.0057 0.8320 -0.5548
vn 0.2011 -0.9486 -0.2443
vn -0.5731 0.1077 0.8124
vn 0.6214 -0.2106 -0.7547
vn 0.9875 -0.1080 0.1152
vn -0.1155 -0.9927 0.0336
vn -0.1364 -0.9906 0.0094
vn -0.0079 -0.9997 0.0230
vn -0.0000 0.9986 -0.0527
vn 0.0282 0.9989 -0.0387
vn 0.0851 0.9911 -0.1019
vn 0.0259 0.9987 -0.0429
vn 0.0036 1.0000 -0.0060
vn -0.9991 -0.0040 0.0426
vn -0.0016 1.0000 0.0028
vn -0.0011 1.0000 0.0028
vn -0.0037 1.0000 0.0024
vn -0.0017 1.0000 0.0003
vn -0.0004 1.0000 0.0012
vn -0.0000 1.0000 0.0008
vn 0.0099 0.9999 -0.0048
vn 0.1055 0.9931 -0.0513
vn 0.1082 0.9904 -0.0864
vn 0.0644 0.9965 -0.0538
vn -0.0009 1.0000 -0.0005
vn -0.1071 -0.9942 0.0048
vn -0.0365 -0.9993 0.0048
vn -0.0261 -0.9997 0.0017
vn -0.7110 -0.7032 -0.0022
vn 0.2414 -0.9690 0.0536
vn 0.1630 -0.9862 0.0296
vn 0.0601 -0.9982 -0.0060
vn 0.3154 -0.9485 0.0279
vn 0.0067 -0.9999 -0.0145
vn 0.0153 -0.9999 -0.0003
vn -0.0058 -0.9999 -0.0095
vn -0.0097 -0.9999 -0.0055
vn 0.6859 0.7277 -0.0000
vn 0.7372 0.6755 -0.0157
vn 0.9071 0.4151 -0.0701
vn 0.0005 1.0000 -0.0001
vn 0.0006 1.0000 -0.0005
vn 0.9543 0.2989 -0.0000
vn -0.0041 1.0000 -0.0015
vn -0.0057 1.0000 -0.0012
vn -0.0040 1.0000 -0.0010
vn 0.1264 0.9656 0.2274
vn 0.6934 -0.7204 0.0144
vn -0.0085 -0.9991 0.0416
vn -0.0095 -0.9998 0.0160
vn -0.0188 -0.9994 0.0291
vn 0.0042 -0.9979 0.0646
vn -0.0003 0.9734 0.2292
vn -0.0098 0.9347 0.3554
vn 0.6521 0.7582 -0.0000
vn 0.9998 0.0207 0.0009
vn 0.9999 0.0113 0.0005
vn 0.7804 0.1763 0.5999
vn 0.0041 1.0000 0.0032
vn 0.1618 -0.9771 0.1385
vn 0.1078 -0.9933 0.0424
vn 0.0063 -0.9951 0.0984
vn -0.1483 -0.9889 -0.0019
vn 0.9784 0.2027 -0.0414
vn 0.9969 0.0788 -0.0016
vn 0.0007 1.0000 -0.0012
vn -0.0010 1.0000 -0.0015
vn -0.0024 1.0000 -0.0010
vn -0.0843 0.6000 -0.7956
vn 0.9980 -0.0268 0.0566
vn 0.9980 -0.0377 0.0511
vn 0.9137 0.2139 -0.3455
vn 0.9755 0.0202 -0.2191
vn 0.8523 0.0322 -0.5221
vn 0.9813 0.0944 -0.1676
vn 0.9822 0.0905 -0.1644
vn -0.9133 0.2273 -0.3380
vn -0.9797 0.1621 -0.1177
vn 0.9999 -0.0085 0.0121
vn 0.8365 0.5428 -0.0748
vn 0.0434 0.9868 0.1561
vn 0.9996 0.0075 0.0279
vn 0.9994 0.0007 0.0346
vn 0.9972 0.0073 0.0739
vn 0.9992 -0.0398 0.0037
vn -0.0165 -0.9358 -0.3521
vn 1.0000 -0.0017 -0.0007
vn 0.9981 -0.0597 -0.0171
vn 0.9975 -0.0700 0.0116
vn 0.9998 -0.0111 0.0159
vn 0.9997 -0.0115 0.0233
vn -0.0230 -0.8259 -0.5634
vn -0.9962 -0.0554 -0.0664
vn -0.9964 -0.0540 -0.0647
vn -0.9479 -0.2134 -0.2364
vn 0.9751 0.0387 -0.2185
vn -0.0654 0.0732 0.9952
vn 0.5534 0.0513 -0.8313
vn -0.9940 0.1031 -0.0371
vn 0.9969 -0.0434 0.0654
vn 0.9977 -0.0654 -0.0152
vn 0.9957 -0.0721 0.0584
vn 1.0000 -0.0005 0.0054
vn 0.9999 0.0116 0.0070
vn 1.0000 -0.0020 0.0071
vn 0.9999 0.0107 0.0045
vn 0.9996 0.0117 0.0239
vn -0.9992 -0.0368 0.0152
vn -0.9995 -0.0112 0.0310
vn -0.3872 0.4020 -0.8298
vn -0.5811 0.3249 -0.7461
vn -0.9997 -0.0217 0.0078
vn -0.9999 -0.0033 0.0118
vn -1.0000 -0.0036 0.0082
vn -0.9996 -0.0214 0.0189
vn -0.9989 -0.0053 0.0465
vn -0.9995 -0.0131 0.0297
vn 0.0611 -0.8160 -0.5748
vn -0.7056 -0.2976 0.6431
vn 0.6907 -0.5132 -0.5095
vn -0.4809 0.5012 -0.7194
vn -0.9970 0.0222 -0.0743
vn 0.7745 0.4167 -0.4759
vn 0.8976 0.2764 -0.3435
vn 0.9823 -0.1475 -0.1153
vn -0.3270 0.4640 -0.8232
vn 0.9682 0.1235 -0.2174
vn -0.9998 -0.0161 0.0136
vn -0.9994 -0.0047 0.0349
vn -0.9976 -0.0608 0.0334
vn -0.9994 -0.0312 0.0131
vn 0.0220 0.9840 0.1771
vn 0.9782 0.2001 -0.0555
vn -0.9999 0.0029 0.0161
vn 0.9150 0.1785 -0.3619
vn 0.9417 0.0070 -0.3363
vn 0.9983 0.0551 -0.0204
vt 0.180208 0.373804
vt 0.226265 0.277088
vt 0.081519 0.396238
vt 0.316689 0.912741
vt 0.242703 0.877365
vt 0.328264 0.892394
vt 0.354460 0.503502
vt 0.258813 0.407401
vt 0.488199 0.414262
vt 0.787285 0.448482
vt 0.881196 0.533521
vt 0.872040 0.491653
vt 0.490403 0.859735
vt 0.465627 0.835953
vt 0.581207 0.786553
vt 0.104607 0.370018
vt 0.073128 0.431854
vt 0.064319 0.418868
vt 0.078727 0.777942
vt 0.142689 0.822652
vt 0.091790 0.743487
vt 0.344255 0.544694
vt 0.292159 0.535896
vt 0.480576 0.872813
vt 0.405212 0.900943
vt 0.488425 0.723423
vt 0.458582 0.683677
vt 0.469764 0.710488
vt 0.469329 0.529754
vt 0.478868 0.636539
vt 0.490061 0.595665
vt 0.880650 0.374462
vt 0.850692 0.274389
vt 0.806203 0.320882
vt 0.805326 0.743188
vt 0.845042 0.718300
vt 0.851818 0.770685
vt 0.735303 0.640770
vt 0.774035 0.664808
vt 0.699736 0.704154
vt 0.291997 0.427853
vt 0.264713 0.456289
vt 0.258361 0.339850
vt 0.840584 0.438974
vt 0.844958 0.373314
vt 0.874994 0.378578
vt 0.682760 0.736499
vt 0.622861 0.777245
vt 0.450656 0.886861
vt 0.385618 0.220643
vt 0.407275 0.162577
vt 0.317456 0.229943
vt 0.372884 0.558145
vt 0.386778 0.506733
vt 0.288302 0.664398
vt 0.406592 0.682357
vt 0.439048 0.621627
vt 0.391333 0.626327
vt 0.023129 0.609072
vt 0.026120 0.615177
vt 0.035379 0.518546
vt 0.041307 0.516638
vt 0.629040 0.257260
vt 0.619235 0.359166
vt 0.569012 0.346699
vt 0.305218 0.443021
vt 0.386535 0.443777
vt 0.286887 0.383186
vt 0.173923 0.457684
vt 0.581045 0.454061
vt 0.672536 0.364795
vt 0.596526 0.401464
vt 0.118945 0.820951
vt 0.347252 0.764771
vt 0.318363 0.716935
vt 0.213827 0.808596
vt 0.625054 0.266936
vt 0.744659 0.372142
vt 0.642893 0.363438
vt 0.645139 0.420912
vt 0.371156 0.340499
vt 0.558819 0.386807
vt 0.362228 0.899704
vt 0.450070 0.854336
vt 0.398544 0.827247
vt 0.304224 0.888657
vt 0.057309 0.699001
vt 0.765151 0.222583
vt 0.800897 0.202815
vt 0.776008 0.186177
vt 0.139465 0.696719
vt 0.145787 0.327097
vt 0.542505 0.744386
vt 0.510434 0.743627
vt 0.443867 0.819437
vt 0.341226 0.564992
vt 0.458969 0.498775
vt 0.518684 0.514801
vt 0.527106 0.488695
vt 0.490297 0.523233
vt 0.473372 0.508563
vt 0.492678 0.481990
vt 0.400673 0.723596
vt 0.319728 0.616468
vt 0.413338 0.773378
vt 0.442045 0.392108
vt 0.185460 0.645647
vt 0.191483 0.606028
vt 0.265147 0.647208
vt 0.634591 0.478693
vt 0.694790 0.440524
vt 0.668331 0.222609
vt 0.638292 0.151077
vt 0.615106 0.315512
vt 0.833027 0.782642
vt 0.801297 0.773240
vt 0.742134 0.783103
vt 0.915409 0.534385
vt 0.911442 0.504183
vt 0.903267 0.482610
vt 0.178402 0.511163
vt 0.143107 0.591015
vt 0.734921 0.349161
vt 0.732107 0.268460
vt 0.650096 0.756788
vt 0.428917 0.710556
vt 0.350830 0.231724
vt 0.046603 0.657142
vt 0.119525 0.668797
vt 0.124857 0.730540
vt 0.631512 0.741262
vt 0.682709 0.779204
vt 0.728527 0.771825
vt 0.709516 0.378134
vt 0.781346 0.383033
vt 0.745075 0.363900
vt 0.744236 0.250930
vt 0.029223 0.674125
vt 0.058471 0.734402
vt 0.677048 0.678476
vt 0.870888 0.678571
vt 0.807051 0.645192
vt 0.856082 0.603865
vt 0.088180 0.584014
vt 0.643099 0.606191
vt 0.710837 0.518650
vt 0.685098 0.521468
vt 0.281605 0.780083
vt 0.354430 0.843912
vt 0.620206 0.626333
vt 0.677288 0.626852
vt 0.216968 0.842118
vt 0.190268 0.748030
vt 0.299926 0.855677
vt 0.347967 0.865708
vt 0.814037 0.646075
vt 0.846060 0.701272
vt 0.863101 0.666537
vt 0.718815 0.633543
vt 0.692740 0.690944
vt 0.758952 0.687270
vt 0.101871 0.636884
vt 0.427195 0.520128
vt 0.622984 0.376367
vt 0.408916 0.601874
vt 0.362988 0.639956
vt 0.326453 0.653409
vt 0.070658 0.499972
vt 0.321488 0.653896
vt 0.131192 0.677510
vt 0.163517 0.741559
vt 0.124837 0.629413
vt 0.118854 0.578907
vt 0.400512 0.809168
vt 0.446248 0.759960
vt 0.455075 0.766542
vt 0.553435 0.748782
vt 0.538450 0.667144
vt 0.464390 0.697275
vt 0.485397 0.709873
vt 0.159379 0.828144
vt 0.123944 0.807102
vt 0.669450 0.606567
vt 0.339716 0.774512
vt 0.379577 0.851270
vt 0.471440 0.534494
vt 0.480310 0.490541
vt 0.463703 0.690447
vt 0.922637 0.780624
vt 0.884290 0.723598
vt 0.850875 0.736473
vt 0.911178 0.766316
vt 0.960748 0.866499
vt 0.910278 0.786240
vt 0.897282 0.725571
vt 0.883791 0.747439
vt 0.484996 0.639555
vt 0.515664 0.638616
vt 0.600973 0.753142
vt 0.534984 0.773744
vt 0.558430 0.625835
vt 0.888115 0.804014
vt 0.875278 0.807617
vt 0.862441 0.783525
vt 0.910957 0.616339
vt 0.899515 0.667662
vt 0.902279 0.654373
vt 0.759696 0.532105
vt 0.767589 0.603202
vt 0.791026 0.528500
vt 0.739666 0.549735
vt 0.739348 0.440891
vt 0.902968 0.585899
vt 0.908857 0.540682
vt 0.906417 0.609581
vt 0.911107 0.563497
vt 0.908967 0.573053
vt 0.575467 0.608940
vt 0.601246 0.656915
vt 0.900660 0.639970
vt 0.892850 0.616149
vt 0.780792 0.734237
vt 0.758156 0.785186
vt 0.641569 0.764418
vt 0.884679 0.482618
vt 0.895578 0.510433
vt 0.904831 0.543265
vt 0.475596 0.796618
vt 0.731111 0.368037
vt 0.695397 0.374149
vt 0.505058 0.496341
vt 0.502570 0.441645
vt 0.852500 0.435531
vt 0.866625 0.455293
vt 0.808995 0.399873
vt 0.517949 0.463176
vt 0.491795 0.602902
vt 0.778344 0.760899
vt 0.724352 0.213200
vt 0.723922 0.229663
vt 0.764624 0.273169
vt 0.726790 0.182145
vt 0.744550 0.206835
vt 0.720820 0.169142
vt 0.813787 0.294875
vt 0.804957 0.243777
vt 0.554119 0.101030
vt 0.637744 0.075250
vt 0.697294 0.104088
vt 0.819400 0.233069
vt 0.358072 0.306095
vt 0.464710 0.305242
vt 0.492967 0.176764
vt 0.273813 0.607012
vt 0.117183 0.575332
vt 0.208823 0.486184
vt 0.670482 0.727117
vt 0.587621 0.755886
vt 0.130929 0.404778
vt 0.094764 0.463106
vt 0.837004 0.408836
vt 0.822779 0.259505
vt 0.845353 0.373874
vt 0.325061 0.408683
vt 0.391446 0.528971
vt 0.217728 0.566947
vt 0.188225 0.318102
vt 0.106586 0.519609
vt 0.343831 0.543410
vt 0.588575 0.081467
vt 0.577182 0.152793
vt 0.513429 0.103571
vt 0.361688 0.241884
vt 0.335099 0.343296
vt 0.317678 0.272659
vt 0.849778 0.274050
vt 0.859553 0.302027
vt 0.819055 0.232820
vt 0.193092 0.328276
vt 0.173480 0.420023
vt 0.143860 0.389966
vt 0.664278 0.766158
vt 0.437780 0.177873
vt 0.318194 0.700575
vt 0.260218 0.696625
vt 0.271035 0.761404
vt 0.317473 0.701729
vt 0.519477 0.522845
vt 0.605404 0.586456
vt 0.515502 0.636999
vt 0.569910 0.350180
vt 0.588183 0.413583
vt 0.570047 0.421468
vt 0.547001 0.416580
vt 0.556631 0.420693
vt 0.521417 0.425073
vt 0.627841 0.394525
vt 0.506589 0.321981
vt 0.292129 0.346719
vt 0.440824 0.676187
vt 0.314063 0.667398
vt 0.196744 0.356383
vt 0.060007 0.560225
vt 0.258342 0.900491
vt 0.211528 0.882576
vt 0.801694 0.202766
vt 0.775319 0.186988
vt 0.540810 0.807052
vt 0.741366 0.380580
vt 0.817278 0.387409
vt 0.182367 0.683691
vt 0.143239 0.499238
vt 0.177210 0.443609
vt 0.072246 0.499140
vt 0.679608 0.112119
vt 0.689274 0.150056
vt 0.534633 0.184334
vt 0.601124 0.104183
vt 0.388015 0.444120
vt 0.874626 0.377046
vt 0.900039 0.605617
vt 0.883204 0.557712
vt 0.183260 0.510891
vt 0.640434 0.387010
vt 0.556237 0.419921
vt 0.721677 0.169953
vt 0.887857 0.443143
vt 0.840230 0.438542
vt 0.660724 0.187141
vt 0.738086 0.378041
vt 0.165038 0.855507
vt 0.590115 0.732158
vt 0.484809 0.555732
vt 0.735566 0.637600
vt 0.787475 0.594208
vt 0.518806 0.780214
vt 0.530616 0.292908
vt 0.329221 0.783729
vt 0.274777 0.781850
vt 0.425716 0.848020
vt 0.870629 0.592910
vt 0.573137 0.546657
vt 0.566220 0.501348
vt 0.479902 0.562833
vt 0.741214 0.381249
vt 0.642782 0.325623
vt 0.623664 0.325623
vt 0.624349 0.379121
vt 0.642958 0.379121
vt 0.627774 0.422747
vt 0.644891 0.422746
vt 0.582451 0.379121
vt 0.610658 0.422746
vt 0.579887 0.325623
vt 0.334837 0.325623
vt 0.335201 0.379121
vt 0.355827 0.379121
vt 0.355678 0.325623
vt 0.371366 0.379121
vt 0.371131 0.325623
vt 0.356576 0.422747
vt 0.373946 0.422746
vt 0.339205 0.422746
vt 0.425299 0.325623
vt 0.386708 0.325623
vt 0.386068 0.379121
vt 0.422507 0.379121
vt 0.382872 0.422747
vt 0.391797 0.422746
vt 0.666463 0.325623
vt 0.666463 0.255670
vt 0.655461 0.255670
vt 0.655417 0.325623
vt 0.642958 0.255670
vt 0.642782 0.325623
vt 0.655681 0.175845
vt 0.644891 0.175845
vt 0.666472 0.175845
vt 0.579887 0.325623
vt 0.582451 0.255670
vt 0.501512 0.255670
vt 0.501569 0.325623
vt 0.422507 0.255670
vt 0.425299 0.325623
vt 0.501228 0.175845
vt 0.391797 0.175845
vt 0.610658 0.175845
vt 0.225501 0.325623
vt 0.224818 0.255670
vt 0.212284 0.255945
vt 0.212454 0.326720
vt 0.205559 0.257316
vt 0.205559 0.338786
vt 0.211429 0.175845
vt 0.205559 0.175845
vt 0.217299 0.175845
vt 0.701764 0.325623
vt 0.700617 0.255670
vt 0.678668 0.255670
vt 0.678954 0.325623
vt 0.677235 0.175845
vt 0.687997 0.175845
vt 0.776702 0.325623
vt 0.777988 0.255670
vt 0.739889 0.255670
vt 0.739855 0.325623
vt 0.740062 0.175845
vt 0.792127 0.175845
vt 0.278252 0.325623
vt 0.278252 0.255670
vt 0.248630 0.255670
vt 0.248801 0.325623
vt 0.247776 0.175845
vt 0.278252 0.175845
vt 0.803710 0.338786
vt 0.803710 0.257316
vt 0.796312 0.255945
vt 0.795990 0.326720
vt 0.797918 0.175845
vt 0.803710 0.175845
vt 0.803710 0.422747
vt 0.803710 0.380766
vt 0.796312 0.379395
vt 0.797918 0.422747
vt 0.777988 0.379121
vt 0.792127 0.422746
vt 0.278252 0.422746
vt 0.278252 0.379121
vt 0.248630 0.379121
vt 0.247776 0.422747
vt 0.224818 0.379121
vt 0.217299 0.422746
vt 0.739889 0.379121
vt 0.740062 0.422747
vt 0.700617 0.379121
vt 0.687997 0.422746
vt 0.678668 0.379121
vt 0.677235 0.422747
vt 0.666463 0.379121
vt 0.666472 0.422746
vt 0.212284 0.379395
vt 0.211429 0.422747
vt 0.205559 0.380766
vt 0.205559 0.422747
vt 0.582451 0.379121
vt 0.501512 0.379121
vt 0.501228 0.422747
vt 0.422507 0.379121
vt 0.655461 0.379121
vt 0.655681 0.422747
vt 0.642958 0.379121
vt 0.382872 0.175845
vt 0.386068 0.255670
vt 0.422507 0.255670
vt 0.371366 0.255670
vt 0.373946 0.175845
vt 0.339205 0.175845
vt 0.335201 0.255670
vt 0.355827 0.255670
vt 0.356576 0.175845
vt 0.371366 0.255670
vt 0.627774 0.175845
vt 0.624349 0.255670
vt 0.642958 0.255670
vt 0.582451 0.255670
vt 0.335201 0.379121
vt 0.308274 0.379121
vt 0.308729 0.422747
vt 0.308183 0.325623
vt 0.334837 0.325623
vt 0.335201 0.255670
vt 0.308274 0.255670
vt 0.308729 0.175845
vt 0.640178 0.724710
vt 0.621060 0.724710
vt 0.621745 0.786436
vt 0.640354 0.786436
vt 0.625170 0.848161
vt 0.642287 0.848161
vt 0.579847 0.786436
vt 0.608054 0.848161
vt 0.577283 0.724710
vt 0.322195 0.726398
vt 0.323345 0.787280
vt 0.352173 0.786541
vt 0.351819 0.724921
vt 0.368762 0.786436
vt 0.368527 0.724710
vt 0.353972 0.848161
vt 0.371342 0.848161
vt 0.336601 0.848161
vt 0.422695 0.724710
vt 0.384103 0.724710
vt 0.383464 0.786436
vt 0.419903 0.786436
vt 0.380268 0.848161
vt 0.389193 0.848161
vt 0.368762 0.786436
vt 0.368527 0.724710
vt 0.663859 0.724710
vt 0.663859 0.662985
vt 0.652857 0.662985
vt 0.652813 0.724710
vt 0.640354 0.662985
vt 0.640178 0.724710
vt 0.653077 0.601260
vt 0.642287 0.601260
vt 0.663868 0.601260
vt 0.579847 0.662985
vt 0.498908 0.662985
vt 0.498965 0.724710
vt 0.419903 0.662985
vt 0.422695 0.724710
vt 0.498624 0.601260
vt 0.389193 0.601260
vt 0.608054 0.601260
vt 0.234410 0.733151
vt 0.233453 0.675928
vt 0.215282 0.677932
vt 0.214167 0.734628
vt 0.210768 0.678178
vt 0.208164 0.734839
vt 0.214762 0.621518
vt 0.213372 0.621518
vt 0.216153 0.621517
vt 0.698238 0.724710
vt 0.697552 0.662985
vt 0.676006 0.662985
vt 0.676235 0.724710
vt 0.674630 0.601260
vt 0.685393 0.601260
vt 0.769487 0.724710
vt 0.773078 0.662985
vt 0.735902 0.662985
vt 0.734484 0.724710
vt 0.737458 0.601260
vt 0.789523 0.601260
vt 0.795572 0.724710
vt 0.798339 0.662985
vt 0.790998 0.662985
vt 0.787968 0.724710
vt 0.795314 0.601260
vt 0.801106 0.601260
vt 0.323446 0.665236
vt 0.276703 0.670582
vt 0.276585 0.729775
vt 0.276377 0.611389
vt 0.336601 0.601260
vt 0.323345 0.787280
vt 0.276276 0.788968
vt 0.275648 0.848161
vt 0.232203 0.790656
vt 0.214695 0.848161
vt 0.790038 0.848161
vt 0.792805 0.786436
vt 0.785541 0.786436
vt 0.784246 0.848161
vt 0.768313 0.786436
vt 0.778455 0.848161
vt 0.733135 0.786436
vt 0.731924 0.848161
vt 0.696783 0.786436
vt 0.685393 0.848161
vt 0.675929 0.786436
vt 0.674630 0.848161
vt 0.663859 0.786436
vt 0.663868 0.848161
vt 0.212261 0.791395
vt 0.208825 0.848161
vt 0.205559 0.791500
vt 0.202955 0.848161
vt 0.579847 0.786436
vt 0.498908 0.786436
vt 0.498624 0.848161
vt 0.419903 0.786436
vt 0.652857 0.786436
vt 0.653077 0.848161
vt 0.640354 0.786436
vt 0.380268 0.601260
vt 0.383464 0.662985
vt 0.368762 0.662985
vt 0.371342 0.601260
vt 0.323446 0.665236
vt 0.352183 0.663231
vt 0.353972 0.601260
vt 0.368762 0.662985
vt 0.625170 0.601260
vt 0.621745 0.662985
vt 0.640354 0.662985
vt 0.579847 0.662985
vt 0.642782 0.299296
vt 0.623664 0.299296
vt 0.624349 0.361021
vt 0.642958 0.361021
vt 0.582451 0.361021
vt 0.579887 0.299296
vt 0.334837 0.299296
vt 0.335201 0.361021
vt 0.355827 0.361021
vt 0.355678 0.299296
vt 0.371366 0.361021
vt 0.371131 0.299296
vt 0.425299 0.299296
vt 0.386708 0.299296
vt 0.386068 0.361021
vt 0.422507 0.361021
vt 0.371366 0.361021
vt 0.666463 0.299296
vt 0.666463 0.237571
vt 0.655461 0.237571
vt 0.655417 0.299296
vt 0.642958 0.237571
vt 0.642782 0.299296
vt 0.579887 0.299296
vt 0.582451 0.237571
vt 0.501512 0.237571
vt 0.501569 0.299296
vt 0.422507 0.237571
vt 0.425299 0.299296
vt 0.225501 0.299296
vt 0.224818 0.237571
vt 0.212284 0.237571
vt 0.212454 0.299296
vt 0.205559 0.237571
vt 0.205559 0.299296
vt 0.693087 0.299296
vt 0.692663 0.237571
vt 0.677764 0.237571
vt 0.677870 0.299296
vt 0.740062 0.299296
vt 0.740062 0.237571
vt 0.714560 0.237571
vt 0.714666 0.299296
vt 0.714030 0.175845
vt 0.740062 0.175845
vt 0.278252 0.299296
vt 0.278252 0.237571
vt 0.248630 0.237571
vt 0.248801 0.299296
vt 0.803710 0.299296
vt 0.803710 0.237571
vt 0.797215 0.237571
vt 0.797075 0.299296
vt 0.785942 0.237571
vt 0.785380 0.299296
vt 0.334837 0.299296
vt 0.335201 0.237571
vt 0.308274 0.237571
vt 0.308183 0.299296
vt 0.335201 0.361021
vt 0.308274 0.361021
vt 0.278252 0.361021
vt 0.803710 0.361021
vt 0.797215 0.361021
vt 0.785942 0.361021
vt 0.248630 0.361021
vt 0.224818 0.361021
vt 0.740062 0.422746
vt 0.740062 0.361021
vt 0.714560 0.361021
vt 0.714030 0.422747
vt 0.692663 0.361021
vt 0.677764 0.361021
vt 0.666463 0.361021
vt 0.212284 0.361021
vt 0.205559 0.361021
vt 0.582451 0.361021
vt 0.501512 0.361021
vt 0.422507 0.361021
vt 0.655461 0.361021
vt 0.642958 0.361021
vt 0.386068 0.237571
vt 0.422507 0.237571
vt 0.371366 0.237571
vt 0.335201 0.237571
vt 0.355827 0.237571
vt 0.371366 0.237571
vt 0.624349 0.237571
vt 0.642958 0.237571
vt 0.582451 0.237571
vt 0.765392 0.361021
vt 0.766095 0.422747
vt 0.765251 0.299296
vt 0.765392 0.237571
vt 0.766095 0.175845
vt 0.622430 0.724710
vt 0.640529 0.724710
vt 0.582411 0.724710
vt 0.325218 0.726117
vt 0.352599 0.724851
vt 0.368996 0.724710
vt 0.382825 0.724710
vt 0.417111 0.724710
vt 0.368996 0.724710
vt 0.663860 0.724710
vt 0.652901 0.724710
vt 0.640529 0.724710
vt 0.582411 0.724710
vt 0.498851 0.724710
vt 0.417111 0.724710
vt 0.234481 0.733432
vt 0.215491 0.734699
vt 0.208164 0.734839
vt 0.219242 0.621517
vt 0.225111 0.621517
vt 0.696097 0.724710
vt 0.675700 0.724710
vt 0.771904 0.724710
vt 0.734553 0.724710
vt 0.795572 0.724710
vt 0.788572 0.724710
vt 0.325218 0.726117
vt 0.278572 0.729775
vt 0.280856 0.611389
vt 0.642782 0.309583
vt 0.623664 0.309583
vt 0.624349 0.362307
vt 0.642958 0.362307
vt 0.582451 0.362307
vt 0.579887 0.309583
vt 0.351733 0.309583
vt 0.351532 0.362307
vt 0.361764 0.362307
vt 0.361791 0.309583
vt 0.372910 0.362307
vt 0.372816 0.309583
vt 0.361629 0.422746
vt 0.349312 0.422746
vt 0.425299 0.309583
vt 0.386918 0.309583
vt 0.386244 0.362307
vt 0.422507 0.362307
vt 0.372816 0.309583
vt 0.666463 0.237571
vt 0.666463 0.206708
vt 0.655461 0.206708
vt 0.655417 0.237571
vt 0.642958 0.206708
vt 0.642782 0.237571
vt 0.579887 0.237571
vt 0.582451 0.206708
vt 0.501512 0.206708
vt 0.501569 0.237571
vt 0.422507 0.206708
vt 0.425299 0.237571
vt 0.220359 0.237571
vt 0.220104 0.206708
vt 0.211748 0.206708
vt 0.211812 0.237571
vt 0.205559 0.206708
vt 0.205559 0.237571
vt 0.686134 0.237571
vt 0.686289 0.206708
vt 0.677040 0.206708
vt 0.677000 0.237571
vt 0.703571 0.237571
vt 0.703135 0.206708
vt 0.693520 0.206708
vt 0.693590 0.237571
vt 0.693169 0.175845
vt 0.698342 0.175845
vt 0.256142 0.237571
vt 0.255413 0.206708
vt 0.233578 0.206708
vt 0.233823 0.237571
vt 0.232348 0.175845
vt 0.247397 0.175845
vt 0.803710 0.237571
vt 0.803710 0.206708
vt 0.797215 0.206708
vt 0.797075 0.237571
vt 0.785942 0.206708
vt 0.785380 0.237571
vt 0.765571 0.206708
vt 0.765467 0.237571
vt 0.741643 0.206708
vt 0.741786 0.237571
vt 0.785942 0.362307
vt 0.765571 0.362307
vt 0.741642 0.362307
vt 0.765467 0.309583
vt 0.741786 0.309583
vt 0.785380 0.309583
vt 0.797215 0.362093
vt 0.797075 0.308726
vt 0.247397 0.422746
vt 0.255413 0.362307
vt 0.233578 0.362307
vt 0.232348 0.422747
vt 0.220104 0.362307
vt 0.233823 0.309583
vt 0.220359 0.309583
vt 0.256142 0.309583
vt 0.698342 0.422746
vt 0.703135 0.362307
vt 0.693520 0.362307
vt 0.693169 0.422746
vt 0.686289 0.362307
vt 0.693590 0.309583
vt 0.686134 0.309583
vt 0.703571 0.309583
vt 0.677040 0.362307
vt 0.666463 0.362307
vt 0.677000 0.309583
vt 0.666463 0.309583
vt 0.211748 0.362093
vt 0.211812 0.308726
vt 0.582451 0.362307
vt 0.501512 0.362307
vt 0.422507 0.362307
vt 0.501569 0.309583
vt 0.579887 0.309583
vt 0.655461 0.362307
vt 0.642958 0.362307
vt 0.655417 0.309583
vt 0.642782 0.309583
vt 0.425299 0.237571
vt 0.386918 0.237571
vt 0.386918 0.269719
vt 0.425299 0.269719
vt 0.386918 0.309583
vt 0.425299 0.309583
vt 0.372816 0.269719
vt 0.372816 0.237571
vt 0.351733 0.237571
vt 0.351733 0.269719
vt 0.361791 0.269719
vt 0.361791 0.237571
vt 0.372816 0.269719
vt 0.372816 0.237571
vt 0.361791 0.309583
vt 0.372816 0.309583
vt 0.642782 0.237571
vt 0.623664 0.237571
vt 0.623665 0.269719
vt 0.642782 0.269719
vt 0.579887 0.269719
vt 0.579887 0.237571
vt 0.719926 0.362307
vt 0.719202 0.422746
vt 0.720071 0.309583
vt 0.719926 0.206708
vt 0.720071 0.237571
vt 0.719202 0.175845
vt 0.329967 0.422746
vt 0.318764 0.362307
vt 0.288320 0.362307
vt 0.288682 0.422747
vt 0.288248 0.309583
vt 0.317745 0.309583
vt 0.317745 0.237571
vt 0.318764 0.206708
vt 0.288320 0.206708
vt 0.288247 0.237571
vt 0.288682 0.175845
vt 0.329967 0.175845
vt 0.317745 0.309583
vt 0.317745 0.269719
vt 0.288247 0.269719
vt 0.256142 0.269719
vt 0.256142 0.309583
vt 0.288248 0.237571
vt 0.256142 0.237571
vt 0.317745 0.237571
vt 0.741786 0.309583
vt 0.741786 0.269719
vt 0.720071 0.269719
vt 0.720071 0.309583
vt 0.703571 0.269719
vt 0.703571 0.309583
vt 0.720071 0.237571
vt 0.703571 0.237571
vt 0.741786 0.237571
vt 0.624349 0.206708
vt 0.642958 0.206708
vt 0.623664 0.237571
vt 0.642782 0.237571
vt 0.582451 0.206708
vt 0.579887 0.237571
vt 0.349312 0.175845
vt 0.351532 0.206708
vt 0.361764 0.206708
vt 0.361629 0.175845
vt 0.372910 0.206708
vt 0.361791 0.237571
vt 0.372816 0.237571
vt 0.351733 0.237571
vt 0.386244 0.206708
vt 0.422507 0.206708
vt 0.386918 0.237571
vt 0.425299 0.237571
vt 0.372910 0.206708
vt 0.372816 0.237571
vt 0.785380 0.309583
vt 0.785380 0.269719
vt 0.765467 0.269719
vt 0.765467 0.309583
vt 0.765467 0.237571
vt 0.785380 0.237571
vt 0.803710 0.268433
vt 0.797075 0.269505
vt 0.785380 0.269719
vt 0.233824 0.269719
vt 0.233823 0.309583
vt 0.220359 0.269719
vt 0.220359 0.309583
vt 0.233824 0.237571
vt 0.220359 0.237571
vt 0.693590 0.269719
vt 0.693590 0.309583
vt 0.686134 0.269719
vt 0.686134 0.309583
vt 0.693590 0.237571
vt 0.686134 0.237571
vt 0.677000 0.269719
vt 0.666463 0.269719
vt 0.220359 0.269719
vt 0.211812 0.269505
vt 0.205559 0.268433
vt 0.501569 0.269719
vt 0.425299 0.309583
vt 0.501569 0.237571
vt 0.425299 0.237571
vt 0.655417 0.269719
vt 0.655417 0.309583
vt 0.642782 0.269719
vt 0.655417 0.237571
vt 0.642782 0.237571
vt 0.339350 0.309583
vt 0.339350 0.269719
vt 0.333077 0.269719
vt 0.333077 0.309583
vt 0.333077 0.237571
vt 0.339350 0.237571
vt 0.339350 0.237571
vt 0.339338 0.206708
vt 0.333328 0.206708
vt 0.333077 0.237571
vt 0.334586 0.175845
vt 0.339338 0.362307
vt 0.333328 0.362307
vt 0.334586 0.422747
vt 0.333077 0.309583
vt 0.339350 0.309583
vt 0.339338 0.206708
vt 0.344526 0.206708
vt 0.344259 0.175845
vt 0.344580 0.237571
vt 0.339350 0.237571
vt 0.339350 0.237571
vt 0.339350 0.269719
vt 0.344580 0.269719
vt 0.344580 0.237571
vt 0.344580 0.309583
vt 0.339350 0.309583
vt 0.339338 0.362307
vt 0.344526 0.362307
vt 0.344580 0.309583
vt 0.344259 0.422746
vt 0.643134 0.299296
vt 0.625035 0.299296
vt 0.585015 0.299296
vt 0.355131 0.299296
vt 0.327099 0.299296
vt 0.371600 0.299296
vt 0.419715 0.299296
vt 0.385429 0.299296
vt 0.371600 0.299296
vt 0.655505 0.299296
vt 0.666464 0.299296
vt 0.643134 0.299296
vt 0.501455 0.299296
vt 0.585015 0.299296
vt 0.419715 0.299296
vt 0.212959 0.299296
vt 0.232600 0.299296
vt 0.205559 0.299296
vt 0.678381 0.299296
vt 0.699470 0.299296
vt 0.739924 0.299296
vt 0.779273 0.299296
vt 0.278252 0.422747
vt 0.278572 0.299296
vt 0.327099 0.299296
vt 0.278252 0.175845
vt 0.796633 0.299296
vt 0.803710 0.299296
vt 0.623950 0.724710
vt 0.597610 0.724710
vt 0.333322 0.725414
vt 0.353409 0.724781
vt 0.381305 0.724710
vt 0.401913 0.724710
vt 0.662365 0.724710
vt 0.652751 0.724710
vt 0.498624 0.848161
vt 0.498624 0.724710
vt 0.445180 0.724710
vt 0.443908 0.848161
vt 0.443908 0.601260
vt 0.498624 0.601260
vt 0.226377 0.734136
vt 0.214681 0.734769
vt 0.674630 0.848161
vt 0.674630 0.724710
vt 0.669099 0.724710
vt 0.669249 0.848161
vt 0.669249 0.601260
vt 0.674630 0.601260
vt 0.696769 0.848161
vt 0.707792 0.724710
vt 0.692472 0.724710
vt 0.691081 0.848161
vt 0.685572 0.724710
vt 0.691758 0.601260
vt 0.698123 0.601260
vt 0.275648 0.848161
vt 0.278252 0.729775
vt 0.249725 0.732237
vt 0.245171 0.848161
vt 0.252984 0.616453
vt 0.280856 0.611389
vt 0.788739 0.724710
vt 0.773578 0.724710
vt 0.333322 0.725414
vt 0.307099 0.727313
vt 0.306125 0.848161
vt 0.308729 0.606324
vt 0.740711 0.724710
vt 0.737612 0.848161
vt 0.743823 0.601260
vt 0.680030 0.724710
vt 0.680012 0.848161
vt 0.680012 0.601260
vt 0.597610 0.724710
vt 0.552294 0.724710
vt 0.553339 0.848161
vt 0.553339 0.601260
vt 0.701764 0.299296
vt 0.700617 0.237571
vt 0.678668 0.237571
vt 0.678954 0.299296
vt 0.776702 0.299296
vt 0.777988 0.237571
vt 0.739889 0.237571
vt 0.739855 0.299296
vt 0.796312 0.237571
vt 0.795990 0.299296
vt 0.796312 0.361021
vt 0.777988 0.361021
vt 0.739889 0.361021
vt 0.700617 0.361021
vt 0.678668 0.361021
vt 0.756321 0.927916
vt 0.756321 0.769639
vt 0.802249 0.769639
vt 0.802249 0.927916
vt 0.756321 0.496405
vt 0.756321 0.627072
vt 0.739454 0.627072
vt 0.739454 0.496405
vt 0.739454 0.927916
vt 0.739454 0.769639
vt 0.054711 0.099441
vt 0.054711 0.164376
vt 0.017511 0.164376
vt 0.017511 0.099441
vt 0.802249 0.496405
vt 0.802249 0.462802
vt 0.817239 0.462802
vt 0.817239 0.496405
vt 0.182766 0.164376
vt 0.182766 0.099441
vt 0.054711 0.075718
vt 0.182766 0.067105
vt 0.802249 0.627072
vt 0.817239 0.627072
vt 0.393662 0.094552
vt 0.354697 0.094552
vt 0.354697 0.077236
vt 0.393662 0.077236
vt 0.756321 0.462802
vt 0.393662 0.174469
vt 0.354697 0.174469
vt 0.482995 0.331216
vt 0.476894 0.545514
vt 0.351857 0.541968
vt 0.376715 0.333393
vt 0.465064 0.961092
vt 0.379961 0.949271
vt 0.359319 0.938218
vt 0.465358 0.950741
vt 0.739454 0.462802
vt 0.054711 0.189631
vt 0.028585 0.184094
vt 0.507797 0.094552
vt 0.507797 0.077236
vt 0.182766 0.194552
vt 0.347259 0.890987
vt 0.466730 0.902560
vt 0.341519 0.723378
vt 0.471736 0.726722
vt 0.394646 0.318941
vt 0.481961 0.310660
vt 0.507797 0.174469
vt 0.817239 0.769639
vt 0.171118 0.308688
vt 0.258660 0.321105
vt 0.277452 0.336957
vt 0.169019 0.328995
vt 0.164134 0.728673
vt 0.295323 0.730399
vt 0.280931 0.899062
vt 0.161963 0.906298
vt 0.166374 0.545419
vt 0.295323 0.546981
vt 0.274891 0.934475
vt 0.161531 0.941588
vt 0.247560 0.951050
vt 0.161318 0.959075
vt 0.817239 0.927916
vt 0.507797 0.209970
vt 0.393662 0.209970
vt 0.027354 0.083100
vt 0.354697 0.209970
vt 0.669339 0.462998
vt 0.715268 0.462998
vt 0.715268 0.621275
vt 0.669339 0.621275
vt 0.669339 0.894508
vt 0.652472 0.894508
vt 0.652472 0.763192
vt 0.669339 0.763374
vt 0.652472 0.621275
vt 0.652472 0.462998
vt 0.310046 0.099441
vt 0.347246 0.099441
vt 0.347246 0.164376
vt 0.310046 0.164376
vt 0.715268 0.894508
vt 0.730257 0.894508
vt 0.730257 0.928112
vt 0.715268 0.928112
vt 0.310046 0.075718
vt 0.715268 0.764017
vt 0.730257 0.764492
vt 0.621931 0.094552
vt 0.621931 0.077236
vt 0.660896 0.077236
vt 0.660896 0.094552
vt 0.669339 0.928112
vt 0.660896 0.174469
vt 0.621931 0.174469
vt 0.588979 0.339436
vt 0.601932 0.549087
vt 0.571938 0.944271
vt 0.550701 0.954131
vt 0.652472 0.928112
vt 0.341710 0.180403
vt 0.310046 0.189631
vt 0.586666 0.897802
vt 0.601932 0.730792
vt 0.571900 0.323987
vt 0.485197 0.310752
vt 0.730257 0.621275
vt 0.167417 0.308643
vt 0.060424 0.334304
vt 0.079598 0.318916
vt 0.043207 0.896156
vt 0.032941 0.727192
vt 0.037425 0.543829
vt 0.048380 0.931706
vt 0.075297 0.948945
vt 0.730257 0.462998
vt 0.621931 0.209970
vt 0.336788 0.081870
vt 0.660896 0.209970
s 1
usemtl dingus.002
f 180/1/1 50/2/2 3/3/3
f 100/4/4 171/5/5 158/6/6
f 14/7/7 97/8/8 107/9/9
f 146/10/10 247/11/11 216/12/11
f 45/13/12 169/14/13 163/15/14
f 4/16/15 1/17/16 62/18/17
f 6/19/18 10/20/4 9/21/19
f 13/22/20 11/23/21 14/7/7
f 45/13/12 47/24/22 17/25/23
f 257/26/24 25/27/25 130/28/4
f 26/29/26 205/30/27 27/31/28
f 176/32/29 287/33/30 289/34/31
f 264/35/32 285/36/33 35/37/4
f 160/38/34 36/39/35 37/40/36
f 39/41/20 42/42/20 43/43/37
f 109/44/9 40/45/8 43/46/37
f 45/13/12 44/47/38 47/24/22
f 48/48/39 16/49/4 47/24/22
f 49/50/40 54/51/41 52/52/42
f 57/53/43 198/54/44 60/55/45
f 55/56/46 59/57/47 58/58/48
f 61/59/49 186/60/50 173/61/51
f 172/62/52 61/59/49 173/61/51
f 176/63/29 76/64/53 177/65/54
f 87/66/1 83/67/55 86/68/1
f 84/69/1 87/66/1 86/68/1
f 212/70/1 96/71/1 284/72/1
f 10/20/4 6/19/18 167/73/56
f 133/74/4 56/75/4 8/76/4
f 20/77/57 136/78/8 51/79/58
f 51/79/58 136/78/8 53/80/59
f 107/9/9 108/81/8 109/82/9
f 99/83/4 104/84/4 132/85/4 124/86/4
f 9/21/19 168/87/60 6/19/18
f 291/88/61 101/89/62 102/90/63
f 7/91/64 60/55/45 198/54/44
f 5/92/65 3/3/3 50/2/2
f 105/93/4 129/94/4 135/95/4
f 39/41/20 88/96/20 42/42/20
f 150/97/66 196/98/1 80/99/1
f 252/100/67 197/101/1 217/102/1
f 87/66/1 198/54/44 83/67/55
f 90/103/20 153/104/20 199/105/20
f 83/67/55 150/97/66 81/106/1
f 183/107/68 112/108/69 63/109/70
f 212/70/1 282/110/1 95/111/1
f 138/112/71 18/113/1 77/114/1
f 224/115/4 261/116/4 263/117/4
f 278/118/11 221/119/11 215/120/11
f 132/85/4 104/84/4 135/95/4
f 98/121/72 112/108/69 114/122/73
f 110/123/74 289/34/31 290/124/75
f 108/81/8 107/9/9 97/8/8
f 129/94/4 105/93/4 131/125/4
f 138/112/71 110/123/74 290/124/75
f 134/126/4 135/95/4 129/94/4
f 53/127/59 109/82/9 108/81/8
f 138/112/71 77/114/1 110/123/74
f 143/128/76 144/129/73 115/130/73
f 254/131/4 145/132/4 213/133/4
f 147/134/1 228/135/77 229/136/78
f 130/28/4 134/126/4 129/94/4
f 136/78/8 20/77/57 126/137/8
f 6/19/18 187/138/79 202/139/80
f 44/47/38 163/15/14 153/140/20
f 240/141/81 159/142/82 194/143/20
f 192/144/1 186/60/50 168/87/60
f 239/145/83 274/146/1 235/147/1
f 169/14/13 188/148/20 199/149/20
f 153/140/20 195/150/20 149/151/20
f 154/152/84 191/153/85 193/154/86
f 148/155/87 17/25/23 158/6/6
f 159/142/82 36/39/35 160/38/34
f 163/15/14 44/47/38 45/13/12
f 225/156/88 286/157/4 165/158/4
f 238/159/89 226/160/4 230/161/4
f 157/162/1 192/144/1 168/87/60
f 150/97/66 198/54/44 162/163/90
f 77/114/1 140/164/91 110/123/74
f 178/165/20 92/166/20 181/167/20
f 174/168/1 84/69/1 180/1/1
f 175/169/20 65/170/20 69/171/20
f 184/172/73 141/173/73 114/122/73
f 94/174/92 242/175/93 218/176/94
f 231/177/4 257/26/24 130/28/4
f 244/178/64 269/179/95 185/180/96
f 150/97/66 83/67/55 198/54/44
f 186/60/50 61/59/49 187/138/79
f 115/130/73 155/181/97 156/182/98
f 194/183/20 149/151/20 195/150/20
f 68/184/20 148/185/87 193/154/86
f 151/186/1 248/187/1 197/101/1
f 25/27/25 257/26/24 258/188/99
f 93/189/100 164/190/4 260/191/4
f 270/192/8 206/193/101 220/194/102
f 214/195/103 220/194/102 116/196/4
f 130/28/4 129/94/4 231/177/4
f 266/197/104 269/179/95 267/198/1
f 267/198/1 269/179/95 244/178/64
f 204/199/4 244/178/64 185/180/96
f 204/199/4 185/180/96 268/200/4
f 267/198/1 244/178/64 246/201/1
f 205/30/27 25/27/25 258/188/99
f 224/115/4 203/202/4 265/203/4
f 35/37/4 203/202/4 224/115/4
f 270/192/8 220/194/102 214/195/103
f 93/189/100 206/193/101 270/192/8
f 164/190/4 270/192/8 214/195/103
f 116/196/4 220/194/102 203/202/4
f 116/196/4 240/141/81 214/195/103
f 285/36/33 240/141/81 116/196/4
f 224/115/4 259/204/4 261/116/4
f 259/204/4 260/191/4 261/116/4
f 260/191/4 259/204/4 93/189/100
f 231/177/4 268/200/4 257/26/24
f 258/188/99 257/26/24 218/176/94
f 251/205/105 275/206/4 272/207/106
f 256/208/107 237/209/108 201/210/109
f 236/211/110 237/209/108 256/208/107
f 274/146/1 255/212/111 95/111/1
f 190/213/11 278/118/11 117/214/11
f 249/215/112 72/216/113 208/217/114
f 239/145/83 245/218/1 241/219/64
f 242/175/93 185/180/96 269/179/95
f 242/175/93 269/179/95 258/188/99
f 242/175/93 258/188/99 218/176/94
f 233/220/115 276/221/116 286/157/4
f 238/159/89 236/211/110 239/145/83
f 225/156/88 283/222/4 286/157/4
f 260/191/4 164/190/4 275/206/4
f 260/191/4 275/206/4 286/157/4
f 237/209/108 238/159/89 225/156/88
f 241/219/64 246/201/1 244/178/64
f 276/221/116 225/156/88 165/158/4
f 236/211/110 256/208/107 255/212/111
f 228/135/77 255/212/111 146/10/10
f 254/131/4 204/199/4 145/132/4
f 247/11/11 190/213/11 117/214/11
f 262/223/4 145/132/4 263/117/4
f 277/224/4 131/125/4 263/117/4
f 261/116/4 260/191/4 286/157/4
f 261/116/4 262/223/4 263/117/4
f 75/225/117 222/226/11 279/227/118
f 224/115/4 265/203/4 259/204/4
f 206/193/101 265/203/4 203/202/4
f 207/228/4 94/174/92 218/176/94
f 207/228/4 218/176/94 268/200/4
f 268/200/4 218/176/94 257/26/24
f 96/71/1 227/229/1 281/230/1
f 248/187/1 250/231/1 209/232/1
f 278/118/11 190/213/11 208/217/114
f 232/233/11 146/10/10 216/12/11
f 216/12/11 117/214/11 215/120/11
f 232/233/11 223/234/11 118/235/11
f 95/111/1 255/212/111 96/71/1
f 204/199/4 254/131/4 244/178/64
f 262/223/4 261/116/4 213/133/4
f 226/160/4 238/159/89 241/219/64
f 212/70/1 95/111/1 96/71/1
f 284/72/1 209/236/1 212/70/1
f 222/226/11 221/119/11 279/227/118
f 266/197/104 243/237/1 27/31/28
f 268/200/4 185/180/96 242/175/93
f 268/200/4 242/175/93 207/228/4
f 207/228/4 242/175/93 94/174/92
f 265/203/4 206/193/101 259/204/4
f 220/194/102 206/193/101 203/202/4
f 93/189/100 259/204/4 206/193/101
f 34/238/4 224/115/4 131/125/4
f 204/199/4 268/200/4 231/177/4
f 293/239/119 138/112/71 294/240/120
f 294/240/120 138/112/71 290/124/75
f 292/241/121 294/240/120 290/124/75
f 296/242/122 297/243/123 128/244/124
f 291/88/61 288/245/125 298/246/126
f 20/247/57 24/248/1 127/249/127
f 298/246/126 287/33/30 295/250/128
f 11/23/21 63/109/70 112/108/69 98/121/72
f 145/132/4 277/224/4 263/117/4
f 82/251/1 78/252/1 19/253/129 49/50/40
f 89/254/20 65/170/20 12/255/20 38/256/20
f 33/257/130 103/258/4 48/48/39
f 1/17/16 4/16/15 121/259/131 119/260/132
f 219/261/133 222/226/11 75/225/117
f 136/78/8 126/137/8 29/262/8 40/263/8
f 28/264/134 70/265/20 88/96/20 39/41/20
f 16/49/4 104/84/4 99/83/4
f 7/91/64 198/54/44 170/266/1 157/162/1
f 4/16/15 62/18/17 3/3/3 5/92/65
f 2/267/135 4/16/15 5/92/65
f 9/21/19 10/20/4 8/76/4 7/91/64
f 14/7/7 15/268/136 12/255/20 13/269/20
f 22/270/137 21/271/1 18/113/1 24/248/1
f 16/49/4 17/25/23 47/24/22
f 22/270/137 23/272/138 19/253/129 21/271/1
f 22/270/137 24/248/1 20/247/57 23/272/138
f 31/273/139 30/274/140 28/264/134 32/275/141
f 31/276/139 32/277/141 29/262/8 295/278/128
f 36/39/35 285/36/33 264/35/32 37/40/36
f 109/279/9 43/43/37 41/280/136 107/281/9
f 43/43/37 42/42/20 38/256/20 41/280/136
f 52/52/42 53/127/59 2/267/135 50/2/2
f 46/282/142 48/48/39 47/24/22
f 44/47/38 46/282/142 47/24/22
f 53/127/59 52/52/42 54/51/41 51/283/58
f 58/58/48 59/57/47 162/163/90 57/53/43
f 57/53/43 60/55/45 58/58/48
f 55/56/46 58/58/48 60/55/45 56/75/4
f 175/169/20 67/284/20 66/285/143 63/109/70
f 186/60/50 174/168/1 173/61/51
f 67/284/20 68/184/20 64/286/144 66/285/143
f 68/184/20 67/287/20 69/171/20 188/148/20
f 178/165/20 177/288/54 74/289/145 71/290/20
f 175/169/20 69/171/20 67/287/20
f 177/291/54 75/292/117 72/293/113 74/294/145
f 79/295/1 280/296/1 253/297/146 140/164/91
f 76/64/53 75/292/117 177/65/54
f 140/164/91 77/114/1 79/295/1
f 80/99/1 217/102/1 280/296/1 79/295/1
f 79/295/1 81/106/1 150/97/66 80/99/1
f 81/106/1 79/295/1 77/114/1 179/298/1
f 84/69/1 86/68/1 85/299/1 180/1/1
f 181/167/20 92/166/20 91/300/20 90/103/20
f 90/103/20 182/301/20 181/167/20
f 4/16/15 2/267/135 137/302/8 121/259/131
f 266/197/104 27/31/28 205/30/27
f 119/260/132 142/303/73 172/62/52 1/17/16
f 18/113/1 138/112/71 127/249/127 24/248/1
f 100/4/4 125/304/4 123/305/4
f 100/4/4 99/83/4 125/304/4
f 101/306/62 126/137/8 102/307/63
f 134/126/4 55/56/46 56/75/4 133/74/4
f 135/95/4 106/308/4 103/258/4 105/93/4
f 139/309/147 219/261/133 111/310/148 110/123/74
f 104/84/4 106/308/4 135/95/4
f 289/34/31 110/123/74 111/310/148
f 144/129/73 113/311/149 191/153/85 115/130/73
f 113/311/149 144/129/73 184/172/73 183/107/68
f 168/87/60 9/21/19 7/91/64 157/162/1
f 254/131/4 241/219/64 244/178/64
f 120/312/150 122/313/151 98/121/72
f 17/25/23 16/49/4 99/83/4 100/4/4
f 13/269/20 12/255/20 65/170/20 175/169/20
f 100/4/4 158/6/6 17/25/23
f 11/23/21 13/22/20 175/169/20 63/109/70
f 15/268/136 14/314/7 107/281/9 41/280/136
f 38/256/20 12/255/20 15/268/136 41/280/136
f 37/40/36 33/257/130 48/48/39 46/282/142
f 160/38/34 37/40/36 46/282/142 44/47/38
f 295/315/128 287/316/30 30/317/140 31/318/139
f 70/265/20 28/264/134 30/274/140 73/319/152
f 101/306/62 295/278/128 29/262/8 126/137/8
f 55/56/46 134/126/4 130/28/4 25/27/25
f 21/271/1 19/253/129 78/252/1 179/298/1
f 77/114/1 18/113/1 21/271/1 179/298/1
f 23/272/138 20/247/57 51/283/58 54/51/41
f 19/253/129 23/272/138 54/51/41 49/50/40
f 7/91/64 8/76/4 56/75/4 60/55/45
f 32/277/141 43/320/37 40/263/8 29/262/8
f 39/41/20 43/43/37 32/275/141 28/264/134
f 25/27/25 205/30/27 59/57/47 55/56/46
f 2/267/135 5/92/65 50/2/2
f 26/29/26 162/163/90 59/57/47 205/30/27
f 52/52/42 50/2/2 180/1/1 85/299/1
f 53/127/59 137/302/8 2/267/135
f 49/50/40 52/52/42 85/299/1 82/251/1
f 72/216/113 189/321/153 194/143/20 74/322/145
f 42/42/20 89/254/20 38/256/20
f 62/18/17 1/17/16 172/62/52
f 68/184/20 193/154/86 64/286/144
f 71/290/20 74/289/145 194/183/20 195/150/20
f 182/301/20 90/103/20 188/148/20 69/171/20
f 152/323/1 87/66/1 84/69/1
f 153/104/20 90/103/20 91/300/20
f 65/170/20 89/254/20 182/301/20 69/171/20
f 78/252/1 82/251/1 85/299/1 179/298/1
f 83/67/55 81/106/1 86/68/1
f 92/166/20 178/165/20 71/290/20 91/300/20
f 174/168/1 180/1/1 3/3/3
f 253/297/146 211/324/1 147/134/1
f 70/265/20 178/165/20 181/167/20 88/96/20
f 66/285/143 64/286/144 191/153/85 113/311/149
f 248/187/1 210/325/1 280/296/1 217/102/1
f 11/23/21 98/121/72 122/313/151 14/7/7
f 97/8/8 14/7/7 122/313/151
f 48/48/39 106/308/4 104/84/4 16/49/4
f 124/86/4 125/304/4 99/83/4
f 126/137/8 128/326/124 102/307/63
f 34/238/4 131/125/4 33/257/130
f 219/261/133 75/225/117 76/327/53 111/310/148
f 106/308/4 48/48/39 103/258/4
f 40/263/8 109/328/9 136/78/8
f 223/234/11 215/120/11 221/119/11 222/226/11
f 102/90/63 128/244/124 297/243/123 291/88/61
f 247/11/11 117/214/11 216/12/11
f 33/257/130 131/125/4 105/93/4 103/258/4
f 296/242/122 128/244/124 127/249/127 138/112/71 293/239/119
f 141/173/73 120/312/150 98/121/72 114/122/73
f 97/8/8 122/313/151 121/259/131 137/302/8
f 122/313/151 120/312/150 119/260/132 121/259/131
f 123/305/4 125/304/4 10/20/4 167/73/56
f 125/304/4 124/86/4 8/76/4 10/20/4
f 128/326/124 126/137/8 20/77/57 127/329/127
f 129/94/4 131/125/4 277/224/4 231/177/4
f 135/95/4 134/126/4 133/74/4 132/85/4
f 110/123/74 140/164/91 253/297/146 139/309/147
f 136/78/8 109/328/9 53/80/59
f 53/127/59 108/81/8 137/302/8
f 144/129/73 143/128/76 142/303/73 184/172/73
f 120/312/150 141/173/73 142/303/73 119/260/132
f 226/160/4 213/133/4 230/161/4
f 253/297/146 229/136/78 139/330/147
f 132/85/4 133/74/4 8/76/4 124/86/4
f 137/302/8 108/81/8 97/8/8
f 166/331/154 155/181/97 154/152/84 171/5/5
f 167/73/56 166/331/154 123/305/4
f 87/66/1 152/323/1 170/266/1 198/54/44
f 155/181/97 166/331/154 156/182/98
f 153/140/20 163/15/14 199/332/20
f 161/333/155 252/100/67 150/97/66 26/29/26
f 160/334/34 149/151/20 194/183/20 159/335/82
f 187/138/79 6/19/18 168/87/60 186/60/50
f 148/185/87 158/6/6 193/154/86
f 17/25/23 148/155/87 169/14/13 45/13/12
f 240/141/81 285/36/33 36/39/35 159/142/82
f 33/257/130 37/40/36 264/35/32 34/238/4
f 27/31/28 161/333/155 26/29/26
f 57/53/43 162/163/90 198/54/44
f 123/305/4 166/331/154 171/5/5 100/4/4
f 156/182/98 166/331/154 167/73/56 202/139/80
f 192/144/1 157/162/1 170/266/1 152/323/1
f 6/19/18 202/139/80 167/73/56
f 160/334/34 44/47/38 153/140/20 149/151/20
f 169/14/13 199/336/20 163/15/14
f 193/154/86 158/6/6 171/5/5 154/152/84
f 276/221/116 165/158/4 286/157/4
f 176/32/29 289/34/31 111/310/148 76/327/53
f 150/97/66 162/163/90 26/29/26
f 142/303/73 141/173/73 184/172/73
f 63/109/70 66/285/143 113/311/149 183/107/68
f 179/298/1 85/299/1 86/68/1 81/106/1
f 142/303/73 143/128/76 61/59/49 172/62/52
f 184/172/73 114/122/73 112/108/69 183/107/68
f 42/42/20 181/167/20 182/301/20 89/254/20
f 73/319/152 177/288/54 178/165/20 70/265/20
f 88/96/20 181/167/20 42/42/20
f 173/61/51 174/168/1 3/3/3 62/18/17
f 176/63/29 177/65/54 73/337/152
f 195/150/20 153/104/20 91/300/20 71/290/20
f 172/62/52 173/61/51 62/18/17
f 191/153/85 64/286/144 193/154/86
f 192/144/1 152/323/1 84/69/1 174/168/1
f 188/148/20 90/103/20 199/105/20
f 143/128/76 202/139/80 187/138/79 61/59/49
f 274/146/1 95/111/1 235/147/1
f 174/168/1 186/60/50 192/144/1
f 156/182/98 202/139/80 143/128/76 115/130/73
f 155/181/97 115/130/73 191/153/85 154/152/84
f 148/155/87 68/338/20 188/339/20 169/340/13
f 271/341/156 190/213/11 247/11/11
f 250/231/1 234/342/1 200/343/1
f 251/205/105 272/207/106 249/215/112
f 252/100/67 196/98/1 150/97/66
f 240/141/81 194/143/20 189/321/153
f 266/197/104 205/30/27 258/188/99 269/179/95
f 201/210/109 271/341/156 247/11/11
f 116/196/4 203/202/4 35/37/4
f 267/198/1 243/237/1 266/197/104
f 267/198/1 246/201/1 243/237/1
f 35/37/4 224/115/4 34/238/4 264/35/32
f 243/237/1 246/201/1 245/218/1 273/344/1
f 93/189/100 270/192/8 164/190/4
f 233/220/115 275/206/4 251/205/105
f 190/213/11 233/220/115 251/205/105
f 151/186/1 250/231/1 248/187/1
f 200/343/1 234/342/1 235/147/1
f 271/341/156 276/221/116 190/213/11
f 236/211/110 255/212/111 274/146/1
f 189/321/153 72/216/113 249/215/112
f 245/218/1 246/201/1 241/219/64
f 234/342/1 245/218/1 239/145/83
f 234/342/1 239/145/83 235/147/1
f 273/344/1 245/218/1 234/342/1 250/231/1
f 240/141/81 272/207/106 214/195/103
f 250/231/1 151/186/1 273/344/1
f 151/186/1 161/333/155 27/31/28 243/237/1
f 243/237/1 273/344/1 151/186/1
f 249/215/112 272/207/106 240/141/81 189/321/153
f 238/159/89 230/161/4 225/156/88
f 197/101/1 252/100/67 161/333/155 151/186/1
f 233/220/115 190/213/11 276/221/116
f 237/209/108 225/156/88 271/341/156
f 201/210/109 237/209/108 271/341/156
f 236/211/110 274/146/1 239/145/83
f 214/195/103 272/207/106 275/206/4 164/190/4
f 286/157/4 275/206/4 233/220/115
f 146/10/10 255/212/111 256/208/107 201/210/109
f 271/341/156 225/156/88 276/221/116
f 236/211/110 238/159/89 237/209/108
f 277/224/4 145/132/4 204/199/4 231/177/4
f 147/134/1 281/230/1 227/229/1 228/135/77
f 147/134/1 229/136/78 253/297/146
f 118/235/11 223/234/11 219/261/133 139/345/147
f 227/229/1 255/212/111 228/135/77
f 226/160/4 254/131/4 213/133/4
f 213/133/4 145/132/4 262/223/4
f 280/296/1 210/325/1 211/324/1 253/297/146
f 208/217/114 221/119/11 278/118/11
f 278/118/11 215/120/11 117/214/11
f 279/227/118 72/216/113 75/225/117
f 282/110/1 212/70/1 200/343/1 235/147/1
f 228/135/77 232/233/11 229/136/78
f 118/235/11 229/136/78 232/233/11
f 281/230/1 147/134/1 211/324/1
f 96/71/1 281/230/1 211/324/1
f 282/110/1 235/147/1 95/111/1
f 212/70/1 209/236/1 250/231/1 200/343/1
f 283/222/4 225/156/88 230/161/4 213/133/4
f 208/217/114 251/205/105 249/215/112
f 190/213/11 251/205/105 208/217/114
f 80/99/1 196/98/1 252/100/67 217/102/1
f 228/135/77 146/10/10 232/233/11
f 284/72/1 96/71/1 211/324/1 210/325/1
f 216/12/11 215/120/11 232/233/11
f 215/120/11 223/234/11 232/233/11
f 255/212/111 227/229/1 96/71/1
f 286/157/4 283/222/4 261/116/4
f 261/116/4 283/222/4 213/133/4
f 238/159/89 239/145/83 241/219/64
f 226/160/4 241/219/64 254/131/4
f 118/235/11 139/330/147 229/136/78
f 209/232/1 284/72/1 210/325/1 248/187/1
f 292/241/121 290/124/75 289/34/31 288/245/125
f 72/216/113 279/227/118 208/217/114
f 221/119/11 208/217/114 279/227/118
f 116/196/4 35/37/4 285/36/33
f 201/210/109 247/11/11 146/10/10
f 223/234/11 222/226/11 219/261/133
f 224/115/4 263/117/4 131/125/4
f 197/101/1 248/187/1 217/102/1
f 292/241/121 291/88/61 293/239/119 294/240/120
f 288/245/125 291/88/61 292/241/121
f 287/33/30 288/245/125 289/34/31
f 287/316/30 176/63/29 73/337/152 30/317/140
f 293/239/119 291/88/61 297/243/123
f 293/239/119 297/243/123 296/242/122
f 298/246/126 101/89/62 291/88/61
f 298/246/126 288/245/125 287/33/30
f 101/89/62 298/246/126 295/250/128
usemtl Material.013
f 321/346/64 386/347/157 392/348/64 337/349/96
f 337/349/96 392/348/64 346/350/4 300/351/4
f 392/348/64 373/352/64 315/353/1 346/350/4
f 386/347/157 328/354/1 373/352/64 392/348/64
f 324/355/1 344/356/1 393/357/1 385/358/1
f 385/358/1 393/357/1 374/359/1 329/360/1
f 393/357/1 353/361/1 316/362/1 374/359/1
f 344/356/1 305/363/1 353/361/1 393/357/1
f 322/364/1 384/365/1 394/366/1 339/367/1
f 339/367/1 394/366/1 352/368/1 301/369/1
f 394/366/1 374/359/1 316/362/1 352/368/1
f 384/365/1 329/360/1 374/359/1 394/366/1
f 326/370/20 371/371/1 395/372/1 383/373/158
f 383/373/158 395/372/1 366/374/1 321/375/64
f 395/372/1 355/376/1 299/377/1 366/374/1
f 371/371/1 312/378/1 355/376/1 395/372/1
f 328/379/1 358/380/1 396/381/1 382/382/1
f 382/382/1 396/381/1 367/383/1 322/384/1
f 396/381/1 345/385/1 302/386/1 367/383/1
f 358/380/1 313/387/1 345/385/1 396/381/1
f 330/388/1 362/389/1 397/390/1 381/391/1
f 381/391/1 397/390/1 370/392/1 325/393/1
f 397/390/1 360/394/1 310/395/1 370/392/1
f 362/389/1 317/396/1 360/394/1 397/390/1
f 323/397/1 368/398/1 398/399/1 380/400/1
f 380/400/1 398/399/1 371/371/1 326/370/20
f 398/399/1 340/401/1 312/378/1 371/371/1
f 368/398/1 303/402/20 340/401/1 398/399/1
f 331/403/1 365/404/1 399/405/159 379/406/1
f 379/406/1 399/405/159 368/398/1 323/397/1
f 399/405/159 364/407/1 303/402/20 368/398/1
f 365/404/1 320/408/1 364/407/1 399/405/159
f 334/409/1 391/410/1 400/411/1 389/412/1
f 389/412/1 400/411/1 362/389/1 330/388/1
f 400/411/1 387/413/1 317/396/1 362/389/1
f 391/410/1 332/414/1 387/413/1 400/411/1
f 327/415/1 357/416/1 401/417/1 377/418/1
f 377/418/1 401/417/1 365/404/1 331/403/1
f 401/417/1 348/419/1 320/408/1 365/404/1
f 357/416/1 307/420/1 348/419/1 401/417/1
f 308/421/1 372/422/1 402/423/1 363/424/1
f 363/424/1 402/423/1 376/425/1 319/426/1
f 402/423/1 377/418/1 331/403/1 376/425/1
f 372/422/1 327/415/1 377/418/1 402/423/1
f 333/427/1 390/428/1 403/429/1 361/430/1
f 361/430/1 403/429/1 375/431/1 318/432/1
f 403/429/1 389/412/1 330/388/1 375/431/1
f 390/428/1 334/409/1 389/412/1 403/429/1
f 319/426/1 376/425/1 404/433/1 341/434/4
f 341/434/4 404/433/1 342/435/64 304/436/1
f 404/433/1 379/406/1 323/397/1 342/435/64
f 376/425/1 331/403/1 379/406/1 404/433/1
f 304/436/1 342/435/64 405/437/160 354/438/4
f 354/438/4 405/437/160 356/439/8 311/440/4
f 405/437/160 380/400/1 326/370/20 356/439/8
f 342/435/64 323/397/1 380/400/1 405/437/160
f 318/432/1 375/431/1 406/441/1 349/442/1
f 349/442/1 406/441/1 350/443/1 309/444/1
f 406/441/1 381/391/1 325/393/1 350/443/1
f 375/431/1 330/388/1 381/391/1 406/441/1
f 315/353/1 373/445/64 407/446/1 347/447/1
f 347/447/1 407/446/1 339/448/1 301/369/1
f 407/446/1 382/382/1 322/384/1 339/448/1
f 373/445/64 328/379/1 382/382/1 407/446/1
f 311/440/4 356/439/8 408/449/4 336/450/4
f 336/450/4 408/449/4 337/451/96 300/351/4
f 408/449/4 383/373/158 321/375/64 337/451/96
f 356/439/8 326/370/20 383/373/158 408/449/4
f 302/386/1 338/452/1 409/453/1 367/454/1
f 367/454/1 409/453/1 384/365/1 322/364/1
f 409/453/1 359/455/1 329/360/1 384/365/1
f 338/452/1 314/456/1 359/455/1 409/453/1
f 306/457/1 369/458/1 410/459/1 351/460/1
f 351/460/1 410/459/1 359/461/1 314/456/1
f 410/459/1 385/358/1 329/360/1 359/461/1
f 369/458/1 324/355/1 385/358/1 410/459/1
f 299/377/1 335/462/1 411/463/1 366/464/1
f 366/464/1 411/463/1 386/347/157 321/346/64
f 411/463/1 358/465/1 328/354/1 386/347/157
f 335/462/1 313/387/1 358/465/1 411/463/1
f 305/363/1 344/466/1 412/467/1 388/468/1
f 388/468/1 412/467/1 390/428/1 333/427/1
f 412/467/1 378/469/1 334/409/1 390/428/1
f 344/466/1 324/470/1 378/469/1 412/467/1
f 324/470/1 369/471/1 413/472/1 378/469/1
f 378/469/1 413/472/1 391/410/1 334/409/1
f 413/472/1 343/473/1 332/414/1 391/410/1
f 369/471/1 306/457/1 343/473/1 413/472/1
f 436/474/20 498/475/20 499/476/20 449/477/20
f 449/477/20 499/476/20 457/478/20 415/479/20
f 499/476/20 485/480/20 430/481/20 457/478/20
f 498/475/20 443/482/20 485/480/20 499/476/20
f 439/483/20 455/484/20 500/485/20 497/486/20
f 497/486/20 500/485/20 486/487/20 444/488/20
f 500/485/20 464/489/20 431/490/20 486/487/20
f 455/484/20 420/491/20 464/489/20 500/485/20
f 437/492/20 496/493/20 501/494/20 451/495/20
f 451/495/20 501/494/20 463/496/20 416/497/20
f 501/494/20 486/498/20 431/490/20 463/496/20
f 496/493/20 444/499/20 486/498/20 501/494/20
f 441/500/20 483/501/20 502/502/20 495/503/20
f 495/503/20 502/502/20 478/504/20 436/505/20
f 502/502/20 466/506/20 414/507/20 478/504/20
f 483/501/20 427/508/20 466/506/20 502/502/20
f 443/482/20 469/509/20 503/510/20 494/511/20
f 494/511/20 503/510/20 479/512/20 437/513/20
f 503/510/20 456/514/20 417/515/20 479/512/20
f 469/509/20 428/516/20 456/514/20 503/510/20
f 445/517/20 472/518/20 504/519/20 493/520/20
f 493/520/20 504/519/20 482/521/20 440/522/20
f 504/519/20 471/523/20 425/524/20 482/521/20
f 472/518/20 432/525/20 471/523/20 504/519/20
f 438/526/20 480/527/20 505/528/20 492/529/20
f 492/529/20 505/528/20 483/501/20 441/500/20
f 505/528/20 452/530/20 427/508/20 483/501/20
f 480/527/20 418/531/20 452/530/20 505/528/20
f 446/532/161 475/533/162 506/534/20 491/535/163
f 491/535/163 506/534/20 480/527/20 438/526/20
f 506/534/20 474/536/20 418/531/20 480/527/20
f 475/533/162 435/537/20 474/536/20 506/534/20
f 442/538/20 468/539/20 507/540/20 490/541/20
f 490/541/20 507/540/20 475/533/162 446/532/161
f 507/540/20 459/542/20 435/537/20 475/533/162
f 468/539/20 422/543/20 459/542/20 507/540/20
f 439/483/20 481/544/20 508/545/20 489/546/20
f 489/546/20 508/545/20 472/518/20 445/517/20
f 508/545/20 476/547/20 432/525/20 472/518/20
f 481/544/20 421/548/20 476/547/20 508/545/20
f 420/491/20 455/549/20 509/550/20 477/551/20
f 477/551/20 509/550/20 487/552/20 433/553/20
f 509/550/20 489/546/20 445/517/20 487/552/20
f 455/549/20 439/483/20 489/546/20 509/550/20
f 423/554/20 484/555/20 510/556/20 473/557/20
f 473/557/20 510/556/20 488/558/164 434/559/20
f 510/556/20 490/541/20 446/532/161 488/558/164
f 484/555/20 442/538/20 490/541/20 510/556/20
f 434/559/20 488/558/164 511/560/165 453/561/1
f 453/561/1 511/560/165 454/562/20 419/563/20
f 511/560/165 491/535/163 438/526/20 454/562/20
f 488/558/164 446/532/161 491/535/163 511/560/165
f 419/563/20 454/562/20 512/564/20 465/565/20
f 465/565/20 512/564/20 467/566/20 426/567/20
f 512/564/20 492/529/20 441/500/20 467/566/20
f 454/562/20 438/526/20 492/529/20 512/564/20
f 433/553/20 487/552/20 513/568/20 460/569/20
f 460/569/20 513/568/20 461/570/20 424/571/20
f 513/568/20 493/520/20 440/522/20 461/570/20
f 487/552/20 445/517/20 493/520/20 513/568/20
f 430/481/20 485/572/20 514/573/20 458/574/20
f 458/574/20 514/573/20 451/575/20 416/497/20
f 514/573/20 494/511/20 437/513/20 451/575/20
f 485/572/20 443/482/20 494/511/20 514/573/20
f 426/567/20 467/566/20 515/576/20 448/577/20
f 448/577/20 515/576/20 449/578/20 415/479/20
f 515/576/20 495/503/20 436/505/20 449/578/20
f 467/566/20 441/500/20 495/503/20 515/576/20
f 417/515/20 450/579/20 516/580/20 479/512/20
f 479/512/20 516/580/20 496/493/20 437/492/20
f 516/580/20 470/581/20 444/499/20 496/493/20
f 450/579/20 429/582/20 470/581/20 516/580/20
f 421/548/20 481/583/20 517/584/20 462/585/20
f 462/585/20 517/584/20 470/586/20 429/582/20
f 517/584/20 497/486/20 444/488/20 470/586/20
f 481/583/20 439/483/20 497/486/20 517/584/20
f 414/507/20 447/587/20 518/588/20 478/589/20
f 478/589/20 518/588/20 498/475/20 436/474/20
f 518/588/20 469/590/20 443/482/20 498/475/20
f 447/587/20 428/516/20 469/590/20 518/588/20
f 543/591/20 614/592/20 620/593/20 560/594/20
f 560/594/20 620/593/20 569/350/20 520/351/20
f 620/593/20 599/595/20 535/353/20 569/350/20
f 614/592/20 550/596/20 599/595/20 620/593/20
f 546/597/20 567/598/20 621/599/83 613/600/1
f 613/600/1 621/599/83 600/601/1 551/602/1
f 621/599/83 576/361/1 536/362/1 600/601/1
f 567/598/20 525/363/1 576/361/1 621/599/83
f 544/603/20 612/604/166 622/605/73 562/606/20
f 562/606/20 622/605/73 575/368/1 521/369/20
f 622/605/73 600/607/1 536/362/1 575/368/1
f 612/604/166 551/602/1 600/607/1 622/605/73
f 548/608/20 597/609/20 623/610/20 611/611/20
f 611/611/20 623/610/20 592/612/20 543/613/20
f 623/610/20 578/376/20 519/377/20 592/612/20
f 597/609/20 532/378/20 578/376/20 623/610/20
f 550/614/20 581/615/20 624/616/20 610/617/20
f 610/617/20 624/616/20 593/618/20 544/619/20
f 624/616/20 568/385/20 522/386/20 593/618/20
f 581/615/20 533/387/20 568/385/20 624/616/20
f 552/620/20 585/621/20 625/622/20 609/623/20
f 609/623/20 625/622/20 596/624/20 547/625/20
f 625/622/20 583/394/20 530/395/20 596/624/20
f 585/621/20 537/396/20 583/394/20 625/622/20
f 545/626/20 594/627/20 626/628/20 608/629/20
f 608/629/20 626/628/20 597/609/20 548/608/20
f 626/628/20 563/401/20 532/378/20 597/609/20
f 594/627/20 523/402/20 563/401/20 626/628/20
f 557/630/20 619/631/20 627/632/20 617/633/20
f 617/633/20 627/632/20 594/627/20 545/626/20
f 627/632/20 616/634/20 523/402/20 594/627/20
f 619/631/20 556/635/20 616/634/20 627/632/20
f 554/636/20 591/637/20 628/638/20 606/639/20
f 606/639/20 628/638/20 585/621/20 552/620/20
f 628/638/20 589/413/20 537/396/20 585/621/20
f 591/637/20 541/414/20 589/413/20 628/638/20
f 549/640/20 580/641/20 629/642/20 605/643/20
f 605/643/20 629/642/20 588/644/20 553/645/20
f 629/642/20 571/419/20 540/408/20 588/644/20
f 580/641/20 527/420/20 571/419/20 629/642/20
f 546/646/20 595/647/167 630/648/20 604/649/20
f 604/649/20 630/648/20 591/637/20 554/636/20
f 630/648/20 566/473/20 541/414/20 591/637/20
f 595/647/167 526/457/20 566/473/20 630/648/20
f 525/363/1 567/650/20 631/651/20 590/468/20
f 590/468/20 631/651/20 603/652/20 542/427/20
f 631/651/20 604/649/20 554/636/20 603/652/20
f 567/650/20 546/646/20 604/649/20 631/651/20
f 528/421/20 598/653/20 632/654/20 586/424/20
f 586/424/20 632/654/20 602/655/20 539/426/20
f 632/654/20 605/643/20 553/645/20 602/655/20
f 598/653/20 549/640/20 605/643/20 632/654/20
f 542/427/20 603/652/20 633/656/20 584/430/20
f 584/430/20 633/656/20 601/657/20 538/432/20
f 633/656/20 606/639/20 552/620/20 601/657/20
f 603/652/20 554/636/20 606/639/20 633/656/20
f 555/658/20 618/659/20 634/660/20 564/661/20
f 564/661/20 634/660/20 565/662/20 524/436/20
f 634/660/20 617/633/20 545/626/20 565/662/20
f 618/659/20 557/630/20 617/633/20 634/660/20
f 524/436/20 565/662/20 635/663/20 577/438/20
f 577/438/20 635/663/20 579/664/20 531/440/20
f 635/663/20 608/629/20 548/608/20 579/664/20
f 565/662/20 545/626/20 608/629/20 635/663/20
f 538/432/20 601/657/20 636/665/20 572/442/20
f 572/442/20 636/665/20 573/666/20 529/444/20
f 636/665/20 609/623/20 547/625/20 573/666/20
f 601/657/20 552/620/20 609/623/20 636/665/20
f 535/353/20 599/667/20 637/668/20 570/447/20
f 570/447/20 637/668/20 562/669/20 521/369/20
f 637/668/20 610/617/20 544/619/20 562/669/20
f 599/667/20 550/614/20 610/617/20 637/668/20
f 531/440/20 579/664/20 638/670/20 559/450/20
f 559/450/20 638/670/20 560/671/20 520/351/20
f 638/670/20 611/611/20 543/613/20 560/671/20
f 579/664/20 548/608/20 611/611/20 638/670/20
f 522/386/20 561/452/20 639/672/168 593/673/20
f 593/673/20 639/672/168 612/604/166 544/603/20
f 639/672/168 582/674/1 551/602/1 612/604/166
f 561/452/20 534/456/1 582/674/1 639/672/168
f 526/457/20 595/675/167 640/676/169 574/460/1
f 574/460/1 640/676/169 582/677/1 534/456/1
f 640/676/169 613/600/1 551/602/1 582/677/1
f 595/675/167 546/597/20 613/600/1 640/676/169
f 519/377/20 558/462/20 641/678/20 592/679/20
f 592/679/20 641/678/20 614/592/20 543/591/20
f 641/678/20 581/680/20 550/596/20 614/592/20
f 558/462/20 533/387/20 581/680/20 641/678/20
f 539/426/20 602/655/20 642/681/20 615/682/20
f 615/682/20 642/681/20 618/659/20 555/658/20
f 642/681/20 607/683/20 557/630/20 618/659/20
f 602/655/20 553/645/20 607/683/20 642/681/20
f 553/645/20 588/644/20 643/684/20 607/683/20
f 607/683/20 643/684/20 619/631/20 557/630/20
f 643/684/20 587/685/20 556/635/20 619/631/20
f 588/644/20 540/408/20 587/685/20 643/684/20
f 644/507/73 666/587/73 697/686/73 668/687/73
f 668/687/73 697/686/73 676/478/73 645/479/73
f 697/686/73 688/688/73 660/481/73 676/478/73
f 666/587/73 658/516/73 688/688/73 697/686/73
f 651/548/73 674/689/73 698/690/170 681/585/73
f 681/585/73 698/690/170 689/691/4 659/582/73
f 698/690/170 683/489/11 661/490/73 689/691/4
f 674/689/73 650/491/73 683/489/11 698/690/170
f 647/515/73 669/579/73 699/692/73 670/693/73
f 670/693/73 699/692/73 682/496/73 646/497/73
f 699/692/73 689/694/4 661/490/73 682/496/73
f 669/579/73 659/582/73 689/694/4 699/692/73
f 656/567/73 686/695/73 700/696/73 667/577/73
f 667/577/73 700/696/73 668/697/73 645/479/73
f 700/696/73 685/506/73 644/507/73 668/697/73
f 686/695/73 657/508/73 685/506/73 700/696/73
f 660/481/73 688/698/73 701/699/73 677/574/73
f 677/574/73 701/699/73 670/700/73 646/497/73
f 701/699/73 675/514/73 647/515/73 670/700/73
f 688/698/73 658/516/73 675/514/73 701/699/73
f 663/553/171 691/701/172 702/702/20 679/569/20
f 679/569/20 702/702/20 680/703/20 654/571/20
f 702/702/20 690/704/20 655/524/20 680/703/20
f 691/701/172 662/705/173 690/704/20 702/702/20
f 649/563/73 673/706/73 703/707/73 684/565/73
f 684/565/73 703/707/73 686/695/73 656/567/73
f 703/707/73 671/530/73 657/508/73 686/695/73
f 673/706/73 648/531/73 671/530/73 703/707/73
f 664/559/73 694/708/73 704/709/73 672/561/73
f 672/561/73 704/709/73 673/706/73 649/563/73
f 704/709/73 693/536/73 648/531/73 673/706/73
f 694/708/73 665/537/73 693/536/73 704/709/73
f 653/554/73 687/710/73 705/711/73 692/557/73
f 692/557/73 705/711/73 694/708/73 664/559/73
f 705/711/73 678/542/73 665/537/73 694/708/73
f 687/710/73 652/543/73 678/542/73 705/711/73
f 650/491/73 674/712/73 706/713/174 696/551/175
f 696/551/175 706/713/174 691/701/172 663/553/171
f 706/713/174 695/714/176 662/705/173 691/701/172
f 674/712/73 651/548/73 695/714/176 706/713/174
f 731/715/4 827/716/4 879/717/4 773/718/4
f 773/718/4 879/717/4 782/350/4 708/351/4
f 879/717/4 812/719/4 723/353/4 782/350/4
f 827/716/4 738/720/4 812/719/4 879/717/4
f 769/721/8 878/722/8 880/723/8 874/724/8
f 874/724/8 880/723/8 813/725/177 739/726/178
f 880/723/8 873/727/8 724/362/8 813/725/177
f 878/722/8 768/728/8 873/727/8 880/723/8
f 732/729/4 825/730/179 881/731/4 775/732/4
f 775/732/4 881/731/4 788/368/4 709/369/4
f 881/731/4 813/725/177 724/362/8 788/368/4
f 825/730/179 739/733/178 813/725/177 881/731/4
f 760/734/180 849/735/181 882/736/4 864/737/4
f 864/737/4 882/736/4 844/738/4 755/739/4
f 882/736/4 791/376/4 707/377/4 844/738/4
f 849/735/181 720/378/4 791/376/4 882/736/4
f 750/740/4 794/741/4 883/742/4 863/743/4
f 863/743/4 883/742/4 845/744/64 756/745/4
f 883/742/4 781/385/4 710/386/4 845/744/64
f 794/741/4 721/387/4 781/385/4 883/742/4
f 752/746/182 798/747/4 884/748/183 862/749/96
f 862/749/96 884/748/183 848/750/4 759/751/1
f 884/748/183 796/394/4 718/395/1 848/750/4
f 798/747/4 725/396/4 796/394/4 884/748/183
f 757/752/184 846/753/185 885/754/8 861/755/186
f 861/755/186 885/754/8 849/735/181 760/734/180
f 885/754/8 776/401/8 720/378/4 849/735/181
f 846/753/185 711/402/8 776/401/8 885/754/8
f 761/756/4 832/757/4 886/758/4 860/759/4
f 860/759/4 886/758/4 846/753/185 757/752/184
f 886/758/4 829/760/4 711/402/8 846/753/185
f 832/757/4 744/761/4 829/760/4 886/758/4
f 762/762/187 837/763/182 887/764/96 859/765/96
f 859/765/96 887/764/96 798/747/4 752/746/182
f 887/764/96 833/766/20 725/396/4 798/747/4
f 837/763/182 746/767/4 833/766/20 887/764/96
f 749/768/4 793/769/4 888/770/4 858/771/4
f 858/771/4 888/770/4 801/772/4 753/773/4
f 888/770/4 784/419/4 728/408/4 801/772/4
f 793/769/4 715/420/4 784/419/4 888/770/4
f 753/773/4 801/772/4 889/774/4 857/775/4
f 857/775/4 889/774/4 804/776/4 754/777/4
f 889/774/4 800/685/4 730/635/4 804/776/4
f 801/772/4 728/408/4 800/685/4 889/774/4
f 727/426/4 815/778/4 890/779/4 802/682/4
f 802/682/4 890/779/4 816/780/4 729/658/4
f 890/779/4 817/781/4 742/782/4 816/780/4
f 815/778/4 741/783/4 817/781/4 890/779/4
f 716/421/4 811/653/4 891/784/4 799/424/4
f 799/424/4 891/784/4 815/778/4 727/426/4
f 891/784/4 818/785/4 741/783/4 815/778/4
f 811/653/4 737/640/4 818/785/4 891/784/4
f 747/786/4 836/787/4 892/788/4 797/789/188
f 797/789/188 892/788/4 814/790/1 726/432/4
f 892/788/4 835/791/20 740/792/96 814/790/1
f 836/787/4 748/793/4 835/791/20 892/788/4
f 743/794/4 831/795/4 893/796/4 777/797/4
f 777/797/4 893/796/4 778/798/4 712/436/4
f 893/796/4 830/799/4 733/800/4 778/798/4
f 831/795/4 745/801/4 830/799/4 893/796/4
f 712/436/4 778/798/4 894/802/4 790/438/4
f 790/438/4 894/802/4 792/803/4 719/440/4
f 894/802/4 821/804/4 736/805/4 792/803/4
f 778/798/4 733/800/4 821/804/4 894/802/4
f 726/432/4 814/790/1 895/806/73 785/442/189
f 785/442/189 895/806/73 786/666/20 717/444/20
f 895/806/73 822/807/64 735/625/4 786/666/20
f 814/790/1 740/792/96 822/807/64 895/806/73
f 723/353/4 812/808/4 896/809/4 783/447/4
f 783/447/4 896/809/4 775/810/4 709/369/4
f 896/809/4 823/811/4 732/729/4 775/810/4
f 812/808/4 738/812/4 823/811/4 896/809/4
f 719/440/4 792/803/4 897/813/4 772/450/4
f 772/450/4 897/813/4 773/814/4 708/351/4
f 897/813/4 824/815/4 731/816/4 773/814/4
f 792/803/4 736/805/4 824/815/4 897/813/4
f 756/817/4 856/818/4 898/819/64 806/820/190
f 806/820/190 898/819/64 825/821/179 732/822/4
f 898/819/64 840/823/1 739/733/178 825/821/179
f 856/818/4 751/824/187 840/823/1 898/819/64
f 770/825/57 877/826/57 899/827/8 875/828/187
f 875/828/187 899/827/8 840/829/1 751/830/187
f 899/827/8 874/831/8 739/832/178 840/829/1
f 877/826/57 769/721/8 874/831/8 899/827/8
f 755/833/4 854/834/4 900/835/4 805/836/4
f 805/836/4 900/835/4 827/716/4 731/816/4
f 900/835/4 839/837/4 738/812/4 827/716/4
f 854/834/4 750/838/4 839/837/4 900/835/4
f 729/658/4 816/780/4 901/839/4 828/840/4
f 828/840/4 901/839/4 831/795/4 743/794/4
f 901/839/4 820/841/4 745/801/4 831/795/4
f 816/780/4 742/782/4 820/841/4 901/839/4
f 754/777/4 804/776/4 902/842/4 853/843/4
f 853/843/4 902/842/4 832/757/4 761/756/4
f 902/842/4 803/844/4 744/761/4 832/757/4
f 804/776/4 730/635/4 803/844/4 902/842/4
f 765/845/4 871/846/4 903/847/4 834/848/4
f 834/848/4 903/847/4 836/787/4 747/786/4
f 903/847/4 866/849/96 748/793/4 836/787/4
f 871/846/4 764/850/4 866/849/96 903/847/4
f 766/851/4 870/852/191 904/853/4 868/854/192
f 868/854/192 904/853/4 837/763/182 762/762/187
f 904/853/4 865/855/20 746/767/4 837/763/182
f 870/852/191 763/856/20 865/855/20 904/853/4
f 764/857/4 869/858/96 905/859/179 866/849/96
f 866/849/96 905/859/179 851/860/20 748/861/4
f 905/859/179 868/862/192 762/863/187 851/860/20
f 869/858/96 766/864/4 868/862/192 905/859/179
f 742/865/4 843/866/4 906/867/4 820/868/4
f 820/868/4 906/867/4 850/869/4 745/870/4
f 906/867/4 853/871/4 761/872/4 850/869/4
f 843/866/4 754/873/4 853/871/4 906/867/4
f 707/377/4 771/462/4 907/874/4 844/875/4
f 844/875/4 907/874/4 854/876/4 755/877/4
f 907/874/4 794/878/4 750/879/4 854/876/4
f 771/462/4 721/387/4 794/878/4 907/874/4
f 767/880/4 876/881/96 908/882/20 787/883/193
f 787/883/193 908/882/20 795/884/64 722/456/4
f 908/882/20 875/885/187 751/886/187 795/884/64
f 876/881/96 770/887/57 875/885/187 908/882/20
f 710/386/4 774/452/1 909/888/4 845/889/64
f 845/889/64 909/888/4 856/890/4 756/891/4
f 909/888/4 795/892/64 751/893/187 856/890/4
f 774/452/1 722/456/4 795/892/64 909/888/4
f 741/894/4 842/895/4 910/896/4 817/897/4
f 817/897/4 910/896/4 843/866/4 742/865/4
f 910/896/4 857/898/4 754/873/4 843/866/4
f 842/895/4 753/899/4 857/898/4 910/896/4
f 737/640/4 838/900/4 911/901/4 818/785/4
f 818/785/4 911/901/4 842/902/4 741/783/4
f 911/901/4 858/771/4 753/773/4 842/902/4
f 838/900/4 749/768/4 858/771/4 911/901/4
f 748/861/4 851/860/20 912/903/64 835/904/20
f 835/904/20 912/903/64 841/905/191 740/906/96
f 912/903/64 859/907/96 752/908/182 841/905/191
f 851/860/20 762/863/187 859/907/96 912/903/64
f 745/870/4 850/869/4 913/909/4 830/910/4
f 830/910/4 913/909/4 807/911/4 733/912/4
f 913/909/4 860/913/4 757/914/184 807/911/4
f 850/869/4 761/872/4 860/913/4 913/909/4
f 733/912/4 807/911/4 914/915/194 821/804/4
f 821/804/4 914/915/194 810/916/4 736/805/4
f 914/915/194 861/755/186 760/734/180 810/916/4
f 807/911/4 757/914/184 861/755/186 914/915/194
f 740/792/96 841/917/191 915/918/182 822/807/64
f 822/807/64 915/918/182 809/919/4 735/625/4
f 915/918/182 862/749/96 759/751/1 809/919/4
f 841/917/191 752/746/182 862/749/96 915/918/182
f 738/812/4 839/837/4 916/920/4 823/811/4
f 823/811/4 916/920/4 806/820/190 732/921/4
f 916/920/4 863/922/4 756/923/4 806/820/190
f 839/837/4 750/740/4 863/922/4 916/920/4
f 736/805/4 810/916/4 917/924/4 824/925/4
f 824/925/4 917/924/4 805/926/4 731/816/4
f 917/924/4 864/927/4 755/928/4 805/926/4
f 810/916/4 760/734/180 864/927/4 917/924/4
f 734/929/195 808/930/196 918/931/4 819/932/4
f 819/932/4 918/931/4 869/858/96 764/857/4
f 918/931/4 852/933/64 766/864/4 869/858/96
f 808/930/196 758/934/64 852/933/64 918/931/4
f 758/935/64 847/936/4 919/937/197 852/938/64
f 852/938/64 919/937/197 870/852/191 766/851/4
f 919/937/197 779/939/4 763/856/20 870/852/191
f 847/936/4 714/457/198 779/939/4 919/937/197
f 713/363/190 780/940/199 920/941/4 867/942/4
f 867/942/4 920/941/4 871/846/4 765/845/4
f 920/941/4 819/943/4 764/850/4 871/846/4
f 780/940/199 734/944/195 819/943/4 920/941/4
f 714/457/198 847/945/4 921/946/4 872/947/4
f 872/947/4 921/946/4 876/881/96 767/880/4
f 921/946/4 855/948/200 770/887/57 876/881/96
f 847/945/4 758/949/64 855/948/200 921/946/4
f 758/950/64 808/951/196 922/952/8 855/953/200
f 855/953/200 922/952/8 877/826/57 770/825/57
f 922/952/8 826/954/8 769/721/8 877/826/57
f 808/951/196 734/955/195 826/954/8 922/952/8
f 734/929/195 780/956/199 923/957/8 826/958/8
f 826/958/8 923/957/8 878/722/8 769/721/8
f 923/957/8 789/959/8 768/728/8 878/722/8
f 780/956/199 713/363/190 789/959/8 923/957/8
f 924/377/8 948/960/8 977/961/8 946/462/8
f 948/960/8 925/351/8 957/350/8 977/961/8
f 977/961/8 957/350/8 940/353/8 969/962/8
f 946/462/8 977/961/8 969/962/8 938/387/8
f 931/457/8 962/460/8 978/963/8 955/964/8
f 962/460/8 939/456/8 970/965/8 978/963/8
f 978/963/8 970/965/8 941/362/8 964/361/8
f 955/964/8 978/963/8 964/361/8 930/363/8
f 927/386/8 950/966/8 979/967/8 949/452/8
f 950/966/8 926/369/8 963/368/8 979/967/8
f 979/967/8 963/368/8 941/362/8 970/968/8
f 949/452/8 979/967/8 970/968/8 939/456/8
f 936/440/4 947/450/4 980/969/201 967/970/4
f 947/450/4 925/351/8 948/971/8 980/969/201
f 980/969/201 948/971/8 924/377/8 966/376/186
f 967/970/4 980/969/201 966/376/186 937/378/4
f 940/353/8 958/447/8 981/972/8 969/973/8
f 958/447/8 926/369/8 950/974/8 981/972/8
f 981/972/8 950/974/8 927/386/8 956/385/8
f 969/973/8 981/972/8 956/385/8 938/387/8
f 943/432/8 960/442/8 982/975/8 973/976/8
f 960/442/8 934/444/8 961/977/8 982/975/8
f 982/975/8 961/977/8 935/395/8 971/394/8
f 973/976/8 982/975/8 971/394/8 942/396/8
f 929/436/8 965/438/4 983/978/190 953/979/202
f 965/438/4 936/440/4 967/970/4 983/978/190
f 983/978/190 967/970/4 937/378/4 951/401/4
f 953/979/202 983/978/190 951/401/4 928/402/203
f 944/426/8 952/434/8 984/980/8 976/981/57
f 952/434/8 929/436/8 953/979/202 984/980/8
f 984/980/8 953/979/202 928/402/203 975/407/8
f 976/981/57 984/980/8 975/407/8 945/408/8
f 930/363/8 972/982/8 985/983/8 955/984/8
f 972/982/8 943/432/8 973/976/8 985/983/8
f 985/983/8 973/976/8 942/396/8 954/985/8
f 955/984/8 985/983/8 954/985/8 931/457/8
f 933/421/20 974/424/20 986/986/57 968/987/1
f 974/424/20 944/426/8 976/981/57 986/986/57
f 986/986/57 976/981/57 945/408/8 959/419/8
f 968/987/1 986/986/57 959/419/8 932/420/1
f 987/507/4 1017/587/4 1060/988/4 1019/687/4
f 1019/687/4 1060/988/4 1028/478/4 988/479/4
f 1060/988/4 1040/989/4 1003/481/4 1028/478/4
f 1017/587/4 1001/516/4 1040/989/4 1060/988/4
f 994/548/204 1026/990/205 1061/991/8 1033/585/8
f 1033/585/8 1061/991/8 1041/691/206 1002/582/8
f 1061/991/8 1035/489/8 1004/490/8 1041/691/206
f 1026/990/205 993/491/8 1035/489/8 1061/991/8
f 990/515/20 1020/579/96 1062/992/207 1021/993/96
f 1021/993/96 1062/992/207 1034/496/8 989/497/4
f 1062/992/207 1041/694/206 1004/490/8 1034/496/8
f 1020/579/96 1002/582/8 1041/694/206 1062/992/207
f 999/567/4 1038/994/4 1063/995/4 1018/577/4
f 1018/577/4 1063/995/4 1019/697/4 988/479/4
f 1063/995/4 1037/506/4 987/507/4 1019/697/4
f 1038/994/4 1000/508/4 1037/506/4 1063/995/4
f 1016/996/4 1059/997/64 1064/998/208 1029/999/4
f 1029/999/4 1064/998/208 1021/993/96 989/497/4
f 1064/998/208 1057/1000/1 990/515/20 1021/993/96
f 1059/997/64 1015/1001/4 1057/1000/1 1064/998/208
f 1006/553/209 1044/1002/210 1065/1003/211 1031/569/73
f 1031/569/73 1065/1003/211 1032/703/212 997/571/73
f 1065/1003/211 1042/704/213 998/524/214 1032/703/212
f 1044/1002/210 1005/705/215 1042/704/213 1065/1003/211
f 1014/1004/4 1056/1005/4 1066/1006/4 1036/1007/4
f 1036/1007/4 1066/1006/4 1038/994/4 999/567/4
f 1066/1006/4 1054/1008/4 1000/508/4 1038/994/4
f 1056/1005/4 1013/1009/4 1054/1008/4 1066/1006/4
f 1011/1010/4 1053/1011/4 1067/1012/4 1023/1013/4
f 1023/1013/4 1067/1012/4 1024/1014/4 992/563/4
f 1067/1012/4 1052/1015/4 991/531/4 1024/1014/4
f 1053/1011/4 1012/1016/4 1052/1015/4 1067/1012/4
f 1010/1017/216 1050/1018/217 1068/1019/218 1043/1020/219
f 1043/1020/219 1068/1019/218 1044/1002/210 1006/553/209
f 1068/1019/218 1048/1021/220 1005/705/215 1044/1002/210
f 1050/1018/217 1009/1022/221 1048/1021/220 1068/1019/218
f 996/554/4 1039/710/4 1069/1023/4 1045/557/4
f 1045/557/4 1069/1023/4 1047/1024/4 1007/559/4
f 1069/1023/4 1030/542/4 1008/537/4 1047/1024/4
f 1039/710/4 995/543/4 1030/542/4 1069/1023/4
f 993/491/8 1026/1025/205 1070/1026/222 1049/1027/4
f 1049/1027/4 1070/1026/222 1050/1018/217 1010/1017/216
f 1070/1026/222 1025/1028/223 1009/1022/221 1050/1018/217
f 1026/1025/205 994/548/204 1025/1028/223 1070/1026/222
f 1007/559/4 1047/1024/4 1071/1029/4 1051/1030/4
f 1051/1030/4 1071/1029/4 1053/1011/4 1011/1010/4
f 1071/1029/4 1046/1031/4 1012/1016/4 1053/1011/4
f 1047/1024/4 1008/537/4 1046/1031/4 1071/1029/4
f 992/563/4 1024/1014/4 1072/1032/4 1055/1033/4
f 1055/1033/4 1072/1032/4 1056/1005/4 1014/1004/4
f 1072/1032/4 1022/1034/4 1013/1009/4 1056/1005/4
f 1024/1014/4 991/531/4 1022/1034/4 1072/1032/4
f 1003/481/4 1040/1035/4 1073/1036/4 1058/1037/4
f 1058/1037/4 1073/1036/4 1059/997/64 1016/996/4
f 1073/1036/4 1027/1038/4 1015/1001/4 1059/997/64
f 1040/1035/4 1001/516/4 1027/1038/4 1073/1036/4
f 1098/591/1 1166/592/1 1167/593/1 1112/594/1
f 1112/594/1 1167/593/1 1121/350/1 1075/351/1
f 1167/593/1 1151/595/1 1090/353/1 1121/350/1
f 1166/592/1 1105/596/1 1151/595/1 1167/593/1
f 1101/597/1 1119/598/1 1168/599/224 1165/600/225
f 1165/600/225 1168/599/224 1152/601/20 1106/602/226
f 1168/599/224 1128/361/20 1091/362/20 1152/601/20
f 1119/598/1 1080/363/227 1128/361/20 1168/599/224
f 1099/603/1 1164/604/228 1169/605/229 1114/606/1
f 1114/606/1 1169/605/229 1127/368/20 1076/369/1
f 1169/605/229 1152/607/20 1091/362/20 1127/368/20
f 1164/604/228 1106/602/226 1152/607/20 1169/605/229
f 1103/608/1 1149/609/1 1170/610/1 1163/611/1
f 1163/611/1 1170/610/1 1144/612/1 1098/613/1
f 1170/610/1 1130/376/1 1074/377/1 1144/612/1
f 1149/609/1 1087/378/1 1130/376/1 1170/610/1
f 1105/614/1 1133/615/1 1171/616/1 1162/617/1
f 1162/617/1 1171/616/1 1145/618/1 1099/619/1
f 1171/616/1 1120/385/1 1077/386/1 1145/618/1
f 1133/615/1 1088/387/1 1120/385/1 1171/616/1
f 1107/620/1 1137/621/1 1172/622/1 1161/623/1
f 1161/623/1 1172/622/1 1148/624/1 1102/625/1
f 1172/622/1 1135/394/1 1085/395/1 1148/624/1
f 1137/621/1 1092/396/1 1135/394/1 1172/622/1
f 1100/1039/1 1146/1040/1 1173/1041/1 1160/1042/1
f 1160/1042/1 1173/1041/1 1149/609/1 1103/608/1
f 1173/1041/1 1115/401/1 1087/378/1 1149/609/1
f 1146/1040/1 1078/402/1 1115/401/1 1173/1041/1
f 1108/1043/1 1140/1044/1 1174/1045/1 1159/1046/1
f 1159/1046/1 1174/1045/1 1146/1040/1 1100/1039/1
f 1174/1045/1 1139/407/1 1078/402/1 1146/1040/1
f 1140/1044/1 1095/408/1 1139/407/1 1174/1045/1
f 1109/636/1 1143/637/1 1175/638/1 1158/639/1
f 1158/639/1 1175/638/1 1137/621/1 1107/620/1
f 1175/638/1 1141/413/1 1092/396/1 1137/621/1
f 1143/637/1 1096/414/1 1141/413/1 1175/638/1
f 1104/640/1 1132/641/1 1176/1047/1 1157/1048/1
f 1157/1048/1 1176/1047/1 1140/1044/1 1108/1043/1
f 1176/1047/1 1123/419/1 1095/408/1 1140/1044/1
f 1132/641/1 1082/420/1 1123/419/1 1176/1047/1
f 1101/646/1 1147/647/1 1177/648/1 1156/649/1
f 1156/649/1 1177/648/1 1143/637/1 1109/636/1
f 1177/648/1 1118/473/1 1096/414/1 1143/637/1
f 1147/647/1 1081/457/1 1118/473/1 1177/648/1
f 1080/363/227 1119/650/1 1178/651/1 1142/468/1
f 1142/468/1 1178/651/1 1155/652/1 1097/427/1
f 1178/651/1 1156/649/1 1109/636/1 1155/652/1
f 1119/650/1 1101/646/1 1156/649/1 1178/651/1
f 1083/421/1 1150/653/1 1179/1049/1 1138/424/1
f 1138/424/1 1179/1049/1 1154/1050/1 1094/426/1
f 1179/1049/1 1157/1048/1 1108/1043/1 1154/1050/1
f 1150/653/1 1104/640/1 1157/1048/1 1179/1049/1
f 1097/427/1 1155/652/1 1180/656/1 1136/430/1
f 1136/430/1 1180/656/1 1153/657/1 1093/432/1
f 1180/656/1 1158/639/1 1107/620/1 1153/657/1
f 1155/652/1 1109/636/1 1158/639/1 1180/656/1
f 1094/426/1 1154/1050/1 1181/1051/1 1116/434/1
f 1116/434/1 1181/1051/1 1117/1052/1 1079/436/1
f 1181/1051/1 1159/1046/1 1100/1039/1 1117/1052/1
f 1154/1050/1 1108/1043/1 1159/1046/1 1181/1051/1
f 1079/436/1 1117/1052/1 1182/1053/1 1129/438/1
f 1129/438/1 1182/1053/1 1131/664/1 1086/440/1
f 1182/1053/1 1160/1042/1 1103/608/1 1131/664/1
f 1117/1052/1 1100/1039/1 1160/1042/1 1182/1053/1
f 1093/432/1 1153/657/1 1183/665/1 1124/442/1
f 1124/442/1 1183/665/1 1125/666/1 1084/444/1
f 1183/665/1 1161/623/1 1102/625/1 1125/666/1
f 1153/657/1 1107/620/1 1161/623/1 1183/665/1
f 1090/353/1 1151/667/1 1184/668/1 1122/447/1
f 1122/447/1 1184/668/1 1114/669/1 1076/369/1
f 1184/668/1 1162/617/1 1099/619/1 1114/669/1
f 1151/667/1 1105/614/1 1162/617/1 1184/668/1
f 1086/440/1 1131/664/1 1185/670/1 1111/450/1
f 1111/450/1 1185/670/1 1112/671/1 1075/351/1
f 1185/670/1 1163/611/1 1098/613/1 1112/671/1
f 1131/664/1 1103/608/1 1163/611/1 1185/670/1
f 1077/386/1 1113/452/1 1186/672/230 1145/673/1
f 1145/673/1 1186/672/230 1164/604/228 1099/603/1
f 1186/672/230 1134/674/231 1106/602/226 1164/604/228
f 1113/452/1 1089/456/232 1134/674/231 1186/672/230
f 1081/457/1 1147/675/1 1187/676/233 1126/460/1
f 1126/460/1 1187/676/233 1134/677/231 1089/456/232
f 1187/676/233 1165/600/225 1106/602/226 1134/677/231
f 1147/675/1 1101/597/1 1165/600/225 1187/676/233
f 1074/377/1 1110/462/1 1188/678/1 1144/679/1
f 1144/679/1 1188/678/1 1166/592/1 1098/591/1
f 1188/678/1 1133/680/1 1105/596/1 1166/592/1
f 1110/462/1 1088/387/1 1133/680/1 1188/678/1
usemtl Material.014
f 1194/1054/234 1190/1055/235 1189/1056/236 1192/1057/237
f 1197/1058/238 1195/1059/239 1206/1060/240 1207/1061/241
f 1190/1055/235 1194/1054/234 1204/1062/242 1203/1063/243
f 1191/1064/244 1193/1065/245 1194/1066/234 1192/1067/237
f 1198/1068/246 1202/1069/247 1217/1070/248 1215/1071/249
f 1239/1072/250 1193/1065/245 1191/1064/244 1240/1073/1
f 1240/1073/1 1191/1064/244 1212/1074/251 1251/1075/252
f 1189/1056/236 1190/1055/235 1195/1059/239 1196/1076/253
f 1196/1076/253 1198/1068/246 1215/1071/249 1214/1077/254
f 1199/1078/255 1200/1079/256 1209/1080/257 1208/1081/258
f 1196/1076/253 1195/1059/239 1197/1058/238 1198/1068/246
f 1198/1068/246 1197/1058/238 1200/1082/256 1202/1069/247
f 1199/1078/255 1201/1083/259 1202/1084/247 1200/1079/256
f 1210/1085/20 1243/1086/20 1203/1087/20 1204/1088/20
f 1247/1089/260 1208/1090/261 1209/1091/262 1248/1092/263
f 1200/1082/256 1197/1058/238 1207/1061/241 1209/1093/257
f 1194/1066/234 1193/1065/245 1205/1094/264 1204/1095/242
f 1195/1059/239 1190/1055/235 1203/1063/243 1206/1060/240
f 1241/1096/265 1199/1078/255 1208/1081/258 1247/1097/265
f 1193/1065/245 1239/1072/250 1244/1098/266 1205/1094/264
f 1207/1099/20 1246/1100/267 1248/1092/263 1209/1091/262
f 1206/1101/20 1245/1102/20 1246/1100/267 1207/1099/20
f 1205/1103/20 1244/1104/266 1210/1085/20 1204/1088/20
f 1203/1087/20 1243/1086/20 1245/1102/20 1206/1101/20
f 1199/1078/255 1241/1096/268 1242/1105/269 1201/1083/259
f 1189/1056/236 1196/1076/253 1214/1077/254 1213/1106/270
f 1251/1107/252 1212/1108/251 1211/1109/271 1259/1110/272
f 1260/1111/1 1214/1112/254 1215/1113/249 1261/1114/273
f 1258/1115/1 1213/1116/270 1214/1112/254 1260/1111/1
f 1261/1114/273 1215/1113/249 1217/1117/248 1257/1118/273
f 1216/1119/274 1262/1120/1 1257/1118/273 1217/1117/248
f 1211/1109/271 1213/1116/270 1258/1115/1 1259/1110/272
f 1192/1057/237 1189/1056/236 1213/1106/270 1211/1121/271
f 1201/1083/259 1242/1105/269 1262/1122/1 1216/1123/274
f 1191/1064/244 1192/1067/237 1211/1124/271 1212/1074/251
f 1202/1084/247 1201/1083/259 1216/1123/274 1217/1125/248
f 1223/1126/275 1221/1127/276 1218/1128/277 1219/1129/278
f 1226/1130/279 1236/1131/280 1235/1132/281 1224/1133/282
f 1219/1129/278 1232/1134/283 1233/1135/284 1223/1126/275
f 1220/1136/285 1221/1137/286 1223/1138/275 1222/1139/287
f 1227/1140/288 1254/1141/289 1256/1142/290 1231/1143/291
f 1239/1072/250 1240/1073/1 1220/1136/1 1222/1139/287
f 1240/1073/1 1251/1075/252 1250/1144/292 1220/1136/285
f 1218/1128/277 1225/1145/293 1224/1133/282 1219/1129/278
f 1225/1145/293 1253/1146/294 1254/1141/289 1227/1140/288
f 1228/1147/295 1237/1148/8 1238/1149/8 1229/1150/296
f 1225/1145/293 1227/1140/288 1226/1130/279 1224/1133/282
f 1227/1140/288 1231/1143/291 1229/1151/297 1226/1130/279
f 1228/1147/295 1229/1150/296 1231/1152/298 1230/1153/299
f 1210/1085/20 1233/1154/284 1232/1155/283 1243/1086/20
f 1247/1089/260 1248/1092/263 1238/1156/300 1237/1157/301
f 1229/1151/297 1238/1158/302 1236/1131/280 1226/1130/279
f 1223/1138/275 1233/1159/284 1234/1160/303 1222/1139/287
f 1224/1133/282 1235/1132/281 1232/1134/283 1219/1129/278
f 1241/1096/8 1247/1097/8 1237/1148/8 1228/1147/295
f 1222/1139/287 1234/1160/303 1244/1098/266 1239/1072/250
f 1236/1161/304 1238/1156/300 1248/1092/263 1246/1100/267
f 1235/1162/281 1236/1161/304 1246/1100/267 1245/1102/20
f 1234/1163/303 1233/1154/284 1210/1085/20 1244/1164/266
f 1232/1155/283 1235/1162/281 1245/1102/20 1243/1086/20
f 1228/1147/295 1230/1153/299 1242/1105/305 1241/1096/306
f 1218/1128/277 1252/1165/307 1253/1146/294 1225/1145/293
f 1251/1166/252 1259/1110/272 1249/1167/308 1250/1168/292
f 1260/1111/1 1261/1114/273 1254/1169/309 1253/1170/1
f 1258/1115/1 1260/1111/1 1253/1170/1 1252/1171/1
f 1261/1114/273 1257/1118/273 1256/1172/310 1254/1169/309
f 1255/1173/1 1256/1172/310 1257/1118/273 1262/1120/1
f 1249/1167/308 1259/1110/272 1258/1115/1 1252/1171/1
f 1221/1127/276 1249/1174/311 1252/1165/307 1218/1128/277
f 1230/1153/299 1255/1175/312 1262/1122/1 1242/1105/305
f 1220/1136/285 1250/1144/292 1249/1176/308 1221/1137/286
f 1231/1152/298 1256/1177/313 1255/1175/312 1230/1153/299
f 1268/1054/314 1264/1055/315 1263/1056/316 1266/1057/317
f 1271/1058/318 1269/1059/319 1280/1060/320 1281/1061/321
f 1264/1055/315 1268/1054/314 1278/1062/322 1277/1063/323
f 1265/1064/324 1267/1065/325 1268/1066/326 1266/1067/317
f 1272/1068/327 1276/1069/328 1291/1070/329 1289/1071/330
f 1313/1072/331 1267/1065/325 1265/1064/324 1314/1073/1
f 1314/1073/1 1265/1064/324 1286/1074/332 1325/1075/333
f 1263/1056/316 1264/1055/315 1269/1059/319 1270/1076/334
f 1270/1076/334 1272/1068/327 1289/1071/330 1288/1077/335
f 1273/1078/336 1274/1079/337 1283/1080/338 1282/1081/339
f 1270/1076/334 1269/1059/319 1271/1058/318 1272/1068/327
f 1272/1068/327 1271/1058/318 1274/1082/340 1276/1069/328
f 1273/1078/336 1275/1083/341 1276/1084/328 1274/1079/337
f 1284/1085/20 1317/1086/342 1277/1087/323 1278/1088/322
f 1321/1089/20 1282/1090/339 1283/1091/338 1322/1092/343
f 1274/1082/340 1271/1058/318 1281/1061/321 1283/1093/344
f 1268/1066/326 1267/1065/325 1279/1094/345 1278/1095/346
f 1269/1059/319 1264/1055/315 1277/1063/323 1280/1060/320
f 1315/1096/20 1273/1078/336 1282/1081/339 1321/1097/20
f 1267/1065/325 1313/1072/331 1318/1098/1 1279/1094/345
f 1281/1099/347 1320/1100/348 1322/1092/343 1283/1091/338
f 1280/1101/349 1319/1102/350 1320/1100/348 1281/1099/347
f 1279/1103/1 1318/1104/20 1284/1085/1 1278/1088/1
f 1277/1087/323 1317/1086/342 1319/1102/350 1280/1101/349
f 1273/1078/336 1315/1096/20 1316/1105/1 1275/1083/341
f 1263/1056/316 1270/1076/334 1288/1077/335 1287/1106/351
f 1325/1107/333 1286/1108/332 1285/1109/352 1333/1110/353
f 1334/1111/354 1288/1112/335 1289/1113/330 1335/1114/355
f 1332/1115/356 1287/1116/351 1288/1112/335 1334/1111/354
f 1335/1114/355 1289/1113/330 1291/1117/329 1331/1118/357
f 1290/1119/358 1336/1120/1 1331/1118/357 1291/1117/329
f 1285/1109/352 1287/1116/351 1332/1115/356 1333/1110/353
f 1266/1057/317 1263/1056/316 1287/1106/351 1285/1121/352
f 1275/1083/341 1316/1105/1 1336/1122/1 1290/1123/358
f 1265/1064/324 1266/1067/317 1285/1124/352 1286/1074/332
f 1276/1084/328 1275/1083/341 1290/1123/358 1291/1125/329
f 1297/1126/359 1295/1127/360 1292/1128/361 1293/1129/362
f 1300/1130/363 1310/1131/364 1309/1132/365 1298/1133/366
f 1293/1129/362 1306/1134/367 1307/1135/368 1297/1126/359
f 1294/1136/369 1295/1137/370 1297/1138/359 1296/1139/371
f 1301/1140/372 1328/1141/373 1330/1142/374 1305/1143/375
f 1313/1072/331 1314/1073/1 1294/1136/1 1296/1139/371
f 1314/1073/1 1325/1075/333 1324/1144/376 1294/1136/369
f 1292/1128/361 1299/1145/377 1298/1133/366 1293/1129/362
f 1299/1145/377 1327/1146/378 1328/1141/373 1301/1140/372
f 1302/1147/379 1311/1148/380 1312/1149/381 1303/1150/382
f 1299/1145/377 1301/1140/372 1300/1130/363 1298/1133/366
f 1301/1140/372 1305/1143/375 1303/1151/382 1300/1130/363
f 1302/1147/379 1303/1150/382 1305/1152/383 1304/1153/384
f 1284/1085/20 1307/1154/368 1306/1155/367 1317/1086/342
f 1321/1089/20 1322/1092/343 1312/1156/381 1311/1157/380
f 1303/1151/382 1312/1158/381 1310/1131/364 1300/1130/363
f 1297/1138/359 1307/1159/368 1308/1160/385 1296/1139/371
f 1298/1133/366 1309/1132/365 1306/1134/367 1293/1129/362
f 1315/1096/20 1321/1097/20 1311/1148/380 1302/1147/379
f 1296/1139/371 1308/1160/385 1318/1098/20 1313/1072/331
f 1310/1161/364 1312/1156/381 1322/1092/343 1320/1100/348
f 1309/1162/365 1310/1161/364 1320/1100/348 1319/1102/350
f 1308/1163/385 1307/1154/368 1284/1085/1 1318/1164/20
f 1306/1155/367 1309/1162/365 1319/1102/350 1317/1086/342
f 1302/1147/379 1304/1153/384 1316/1105/1 1315/1096/1
f 1292/1128/361 1326/1165/386 1327/1146/378 1299/1145/377
f 1325/1166/333 1333/1110/353 1323/1167/387 1324/1168/376
f 1334/1111/354 1335/1114/355 1328/1169/373 1327/1170/378
f 1332/1115/356 1334/1111/354 1327/1170/378 1326/1171/386
f 1335/1114/355 1331/1118/357 1330/1172/374 1328/1169/373
f 1329/1173/388 1330/1172/374 1331/1118/357 1336/1120/1
f 1323/1167/387 1333/1110/353 1332/1115/356 1326/1171/386
f 1295/1127/360 1323/1174/387 1326/1165/386 1292/1128/361
f 1304/1153/384 1329/1175/388 1336/1122/1 1316/1105/1
f 1294/1136/369 1324/1144/376 1323/1176/387 1295/1137/370
f 1305/1152/383 1330/1177/374 1329/1175/388 1304/1153/384
f 1342/1054/389 1338/1055/390 1337/1056/391 1340/1057/392
f 1345/1058/393 1343/1059/394 1354/1060/395 1355/1061/396
f 1338/1055/390 1342/1054/389 1352/1062/397 1351/1063/398
f 1339/1064/399 1341/1065/400 1342/1066/401 1340/1067/392
f 1346/1068/402 1350/1069/403 1365/1070/404 1363/1071/405
f 1387/1072/406 1341/1065/400 1339/1064/399 1388/1073/11
f 1388/1073/11 1339/1064/399 1360/1074/407 1399/1075/408
f 1337/1056/391 1338/1055/390 1343/1059/394 1344/1076/409
f 1344/1076/409 1346/1068/402 1363/1071/405 1362/1077/410
f 1347/1078/411 1348/1079/412 1357/1080/413 1356/1081/414
f 1344/1076/409 1343/1059/394 1345/1058/393 1346/1068/402
f 1346/1068/402 1345/1058/393 1348/1082/415 1350/1069/403
f 1347/1078/411 1349/1083/416 1350/1084/417 1348/1079/412
f 1358/1085/73 1391/1086/73 1351/1087/398 1352/1088/397
f 1395/1089/73 1356/1090/414 1357/1091/413 1396/1092/73
f 1348/1082/415 1345/1058/393 1355/1061/396 1357/1093/413
f 1342/1066/401 1341/1065/400 1353/1094/418 1352/1095/397
f 1343/1059/394 1338/1055/390 1351/1063/398 1354/1060/395
f 1389/1096/73 1347/1078/411 1356/1081/414 1395/1097/73
f 1341/1065/400 1387/1072/406 1392/1098/73 1353/1094/418
f 1355/1099/396 1394/1100/73 1396/1092/73 1357/1091/413
f 1354/1101/395 1393/1102/73 1394/1100/73 1355/1099/396
f 1353/1103/418 1392/1104/73 1358/1085/73 1352/1088/397
f 1351/1087/398 1391/1086/73 1393/1102/73 1354/1101/395
f 1347/1078/411 1389/1096/73 1390/1105/11 1349/1083/416
f 1337/1056/391 1344/1076/409 1362/1077/410 1361/1106/419
f 1399/1107/408 1360/1108/407 1359/1109/420 1407/1110/421
f 1408/1111/11 1362/1112/410 1363/1113/405 1409/1114/422
f 1406/1115/11 1361/1116/419 1362/1112/410 1408/1111/11
f 1409/1114/422 1363/1113/405 1365/1117/404 1405/1118/423
f 1364/1119/424 1410/1120/11 1405/1118/423 1365/1117/404
f 1359/1109/420 1361/1116/419 1406/1115/11 1407/1110/421
f 1340/1057/392 1337/1056/391 1361/1106/419 1359/1121/420
f 1349/1083/416 1390/1105/11 1410/1122/11 1364/1123/424
f 1339/1064/399 1340/1067/392 1359/1124/420 1360/1074/407
f 1350/1084/417 1349/1083/416 1364/1123/424 1365/1125/404
f 1371/1126/425 1369/1127/426 1366/1128/427 1367/1129/428
f 1374/1130/429 1384/1131/430 1383/1132/431 1372/1133/432
f 1367/1129/428 1380/1134/433 1381/1135/434 1371/1126/425
f 1368/1136/435 1369/1137/436 1371/1138/437 1370/1139/438
f 1375/1140/439 1402/1141/440 1404/1142/441 1379/1143/442
f 1387/1072/406 1388/1073/11 1368/1136/435 1370/1139/438
f 1388/1073/11 1399/1075/408 1398/1144/443 1368/1136/435
f 1366/1128/427 1373/1145/444 1372/1133/432 1367/1129/428
f 1373/1145/444 1401/1146/445 1402/1141/440 1375/1140/439
f 1376/1147/446 1385/1148/447 1386/1149/448 1377/1150/449
f 1373/1145/444 1375/1140/439 1374/1130/429 1372/1133/432
f 1375/1140/439 1379/1143/442 1377/1151/449 1374/1130/429
f 1376/1147/446 1377/1150/449 1379/1152/450 1378/1153/451
f 1358/1085/73 1381/1154/434 1380/1155/433 1391/1086/73
f 1395/1089/73 1396/1092/73 1386/1156/448 1385/1157/447
f 1377/1151/449 1386/1158/448 1384/1131/430 1374/1130/429
f 1371/1138/437 1381/1159/434 1382/1160/452 1370/1139/438
f 1372/1133/432 1383/1132/431 1380/1134/433 1367/1129/428
f 1389/1096/73 1395/1097/73 1385/1148/447 1376/1147/446
f 1370/1139/438 1382/1160/452 1392/1098/73 1387/1072/406
f 1384/1161/430 1386/1156/448 1396/1092/73 1394/1100/73
f 1383/1162/431 1384/1161/430 1394/1100/73 1393/1102/73
f 1382/1163/452 1381/1154/434 1358/1085/73 1392/1164/73
f 1380/1155/433 1383/1162/431 1393/1102/73 1391/1086/73
f 1376/1147/446 1378/1153/451 1390/1105/73 1389/1096/73
f 1366/1128/427 1400/1165/453 1401/1146/445 1373/1145/444
f 1399/1166/408 1407/1110/421 1397/1167/454 1398/1168/443
f 1408/1111/11 1409/1114/422 1402/1169/455 1401/1170/445
f 1406/1115/11 1408/1111/11 1401/1170/445 1400/1171/453
f 1409/1114/422 1405/1118/423 1404/1172/456 1402/1169/455
f 1403/1173/457 1404/1172/456 1405/1118/423 1410/1120/11
f 1397/1167/454 1407/1110/421 1406/1115/11 1400/1171/453
f 1369/1127/426 1397/1174/454 1400/1165/453 1366/1128/427
f 1378/1153/451 1403/1175/457 1410/1122/11 1390/1105/73
f 1368/1136/435 1398/1144/443 1397/1176/454 1369/1137/436
f 1379/1152/450 1404/1177/456 1403/1175/457 1378/1153/451
f 1416/1054/458 1414/1057/459 1411/1056/460 1412/1055/461
f 1419/1058/462 1429/1061/463 1428/1060/464 1417/1059/465
f 1412/1055/461 1425/1063/466 1426/1062/467 1416/1054/458
f 1413/1064/468 1414/1067/469 1416/1066/470 1415/1065/471
f 1420/1068/472 1437/1071/473 1439/1070/474 1424/1069/475
f 1461/1072/8 1462/1073/20 1413/1064/8 1415/1065/471
f 1462/1073/1 1473/1075/1 1434/1074/476 1413/1064/468
f 1411/1056/460 1418/1076/477 1417/1059/465 1412/1055/461
f 1418/1076/477 1436/1077/478 1437/1071/473 1420/1068/472
f 1421/1078/479 1430/1081/480 1431/1080/481 1422/1079/482
f 1418/1076/477 1420/1068/472 1419/1058/462 1417/1059/465
f 1420/1068/472 1424/1069/475 1422/1082/482 1419/1058/462
f 1421/1078/479 1422/1079/482 1424/1084/475 1423/1083/483
f 1432/1085/8 1426/1088/467 1425/1087/466 1465/1086/8
f 1469/1089/8 1470/1092/8 1431/1091/481 1430/1090/480
f 1422/1082/482 1431/1093/484 1429/1061/463 1419/1058/462
f 1416/1066/470 1426/1095/485 1427/1094/486 1415/1065/471
f 1417/1059/465 1428/1060/464 1425/1063/466 1412/1055/461
f 1463/1096/8 1469/1097/8 1430/1081/480 1421/1078/479
f 1415/1065/471 1427/1094/486 1466/1098/8 1461/1072/8
f 1429/1099/8 1431/1091/481 1470/1092/8 1468/1100/8
f 1428/1101/464 1429/1099/8 1468/1100/8 1467/1102/8
f 1427/1103/486 1426/1088/485 1432/1085/4 1466/1104/8
f 1425/1087/466 1428/1101/464 1467/1102/8 1465/1086/8
f 1421/1078/479 1423/1083/483 1464/1105/4 1463/1096/4
f 1411/1056/460 1435/1106/487 1436/1077/478 1418/1076/477
f 1473/1107/488 1481/1110/489 1433/1109/490 1434/1108/490
f 1482/1111/4 1483/1114/4 1437/1113/473 1436/1112/478
f 1480/1115/4 1482/1111/4 1436/1112/478 1435/1116/487
f 1483/1114/4 1479/1118/491 1439/1117/474 1437/1113/473
f 1438/1119/492 1439/1117/474 1479/1118/491 1484/1120/493
f 1433/1109/494 1481/1110/4 1480/1115/4 1435/1116/487
f 1414/1057/459 1433/1121/494 1435/1106/487 1411/1056/460
f 1423/1083/483 1438/1123/492 1484/1122/493 1464/1105/4
f 1413/1064/468 1434/1074/476 1433/1124/495 1414/1067/469
f 1424/1084/475 1439/1125/474 1438/1123/492 1423/1083/483
f 1445/1126/20 1441/1129/496 1440/1128/497 1443/1127/498
f 1448/1130/499 1446/1133/500 1457/1132/501 1458/1131/502
f 1441/1129/496 1445/1126/20 1455/1135/20 1454/1134/503
f 1442/1136/1 1444/1139/1 1445/1138/1 1443/1137/504
f 1449/1140/505 1453/1143/506 1478/1142/507 1476/1141/508
f 1461/1072/8 1444/1139/1 1442/1136/20 1462/1073/20
f 1462/1073/20 1442/1136/1 1472/1144/1 1473/1075/20
f 1440/1128/497 1441/1129/496 1446/1133/500 1447/1145/509
f 1447/1145/509 1449/1140/505 1476/1141/508 1475/1146/510
f 1450/1147/511 1451/1150/512 1460/1149/513 1459/1148/514
f 1447/1145/509 1446/1133/500 1448/1130/499 1449/1140/505
f 1449/1140/505 1448/1130/499 1451/1151/515 1453/1143/506
f 1450/1147/511 1452/1153/516 1453/1152/517 1451/1150/512
f 1432/1085/8 1465/1086/8 1454/1155/8 1455/1154/8
f 1469/1089/8 1459/1157/514 1460/1156/513 1470/1092/8
f 1451/1151/515 1448/1130/499 1458/1131/502 1460/1158/513
f 1445/1138/1 1444/1139/1 1456/1160/20 1455/1159/20
f 1446/1133/500 1441/1129/496 1454/1134/503 1457/1132/501
f 1463/1096/8 1450/1147/511 1459/1148/514 1469/1097/8
f 1444/1139/1 1461/1072/8 1466/1098/1 1456/1160/20
f 1458/1161/502 1468/1100/8 1470/1092/8 1460/1156/513
f 1457/1162/501 1467/1102/8 1468/1100/8 1458/1161/502
f 1456/1163/4 1466/1164/8 1432/1085/4 1455/1154/4
f 1454/1155/8 1465/1086/8 1467/1102/8 1457/1162/501
f 1450/1147/511 1463/1096/4 1464/1105/4 1452/1153/516
f 1440/1128/497 1447/1145/509 1475/1146/510 1474/1165/518
f 1473/1166/488 1472/1168/1 1471/1167/1 1481/1110/489
f 1482/1111/4 1475/1170/510 1476/1169/508 1483/1114/4
f 1480/1115/4 1474/1171/4 1475/1170/510 1482/1111/4
f 1483/1114/4 1476/1169/508 1478/1172/507 1479/1118/491
f 1477/1173/519 1484/1120/493 1479/1118/491 1478/1172/507
f 1471/1167/4 1474/1171/4 1480/1115/4 1481/1110/4
f 1443/1127/498 1440/1128/497 1474/1165/518 1471/1174/1
f 1452/1153/516 1464/1105/4 1484/1122/493 1477/1175/519
f 1442/1136/1 1443/1137/504 1471/1176/1 1472/1144/1
f 1453/1152/517 1452/1153/516 1477/1175/519 1478/1177/507
f 1490/1054/520 1488/1057/521 1485/1056/522 1486/1055/523
f 1493/1058/524 1503/1061/525 1502/1060/526 1491/1059/527
f 1486/1055/523 1499/1063/528 1500/1062/529 1490/1054/520
f 1487/1064/8 1488/1067/530 1490/1066/4 1489/1065/531
f 1494/1068/532 1511/1071/533 1513/1070/534 1498/1069/535
f 1535/1072/9 1536/1073/536 1487/1064/20 1489/1065/531
f 1536/1073/1 1547/1075/1 1508/1074/1 1487/1064/8
f 1485/1056/522 1492/1076/1 1491/1059/527 1486/1055/523
f 1492/1076/1 1510/1077/1 1511/1071/533 1494/1068/532
f 1495/1078/537 1504/1081/538 1505/1080/539 1496/1079/540
f 1492/1076/1 1494/1068/532 1493/1058/524 1491/1059/527
f 1494/1068/532 1498/1069/535 1496/1082/541 1493/1058/524
f 1495/1078/537 1496/1079/540 1498/1084/535 1497/1083/542
f 1506/1085/543 1500/1088/529 1499/1087/528 1539/1086/544
f 1543/1089/545 1544/1092/546 1505/1091/539 1504/1090/538
f 1496/1082/541 1505/1093/539 1503/1061/525 1493/1058/524
f 1490/1066/4 1500/1095/1 1501/1094/1 1489/1065/531
f 1491/1059/527 1502/1060/526 1499/1063/528 1486/1055/523
f 1537/1096/20 1543/1097/545 1504/1081/538 1495/1078/537
f 1489/1065/531 1501/1094/1 1540/1098/1 1535/1072/9
f 1503/1099/525 1505/1091/539 1544/1092/546 1542/1100/547
f 1502/1101/526 1503/1099/525 1542/1100/547 1541/1102/548
f 1501/1103/20 1500/1088/20 1506/1085/202 1540/1104/536
f 1499/1087/528 1502/1101/526 1541/1102/548 1539/1086/544
f 1495/1078/537 1497/1083/542 1538/1105/1 1537/1096/1
f 1485/1056/522 1509/1106/1 1510/1077/1 1492/1076/1
f 1547/1107/549 1555/1110/4 1507/1109/20 1508/1108/20
f 1556/1111/1 1557/1114/550 1511/1113/533 1510/1112/1
f 1554/1115/1 1556/1111/1 1510/1112/1 1509/1116/1
f 1557/1114/550 1553/1118/551 1513/1117/534 1511/1113/533
f 1512/1119/552 1513/1117/534 1553/1118/551 1558/1120/553
f 1507/1109/1 1555/1110/1 1554/1115/1 1509/1116/1
f 1488/1057/521 1507/1121/1 1509/1106/1 1485/1056/522
f 1497/1083/542 1512/1123/552 1558/1122/553 1538/1105/1
f 1487/1064/8 1508/1074/1 1507/1124/1 1488/1067/530
f 1498/1084/535 1513/1125/534 1512/1123/552 1497/1083/542
f 1519/1126/96 1515/1129/554 1514/1128/555 1517/1127/190
f 1522/1130/556 1520/1133/1 1531/1132/557 1532/1131/558
f 1515/1129/554 1519/1126/96 1529/1135/559 1528/1134/560
f 1516/1136/4 1518/1139/561 1519/1138/562 1517/1137/190
f 1523/1140/563 1527/1143/564 1552/1142/565 1550/1141/566
f 1535/1072/9 1518/1139/561 1516/1136/8 1536/1073/536
f 1536/1073/4 1516/1136/4 1546/1144/4 1547/1075/4
f 1514/1128/555 1515/1129/554 1520/1133/1 1521/1145/1
f 1521/1145/1 1523/1140/563 1550/1141/566 1549/1146/1
f 1524/1147/567 1525/1150/1 1534/1149/20 1533/1148/568
f 1521/1145/1 1520/1133/1 1522/1130/556 1523/1140/563
f 1523/1140/563 1522/1130/556 1525/1151/569 1527/1143/564
f 1524/1147/567 1526/1153/570 1527/1152/564 1525/1150/1
f 1506/1085/543 1539/1086/544 1528/1155/560 1529/1154/559
f 1543/1089/545 1533/1157/571 1534/1156/572 1544/1092/546
f 1525/1151/569 1522/1130/556 1532/1131/558 1534/1158/573
f 1519/1138/562 1518/1139/561 1530/1160/574 1529/1159/575
f 1520/1133/1 1515/1129/554 1528/1134/560 1531/1132/557
f 1537/1096/576 1524/1147/567 1533/1148/568 1543/1097/576
f 1518/1139/561 1535/1072/9 1540/1098/8 1530/1160/574
f 1532/1161/577 1542/1100/547 1544/1092/546 1534/1156/572
f 1531/1162/557 1541/1102/548 1542/1100/547 1532/1161/577
f 1530/1163/202 1540/1164/536 1506/1085/202 1529/1154/202
f 1528/1155/560 1539/1086/544 1541/1102/548 1531/1162/557
f 1524/1147/567 1537/1096/578 1538/1105/579 1526/1153/570
f 1514/1128/555 1521/1145/1 1549/1146/1 1548/1165/580
f 1547/1166/549 1546/1168/4 1545/1167/4 1555/1110/4
f 1556/1111/1 1549/1170/1 1550/1169/581 1557/1114/550
f 1554/1115/1 1548/1171/1 1549/1170/1 1556/1111/1
f 1557/1114/550 1550/1169/581 1552/1172/582 1553/1118/551
f 1551/1173/583 1558/1120/553 1553/1118/551 1552/1172/582
f 1545/1167/1 1548/1171/1 1554/1115/1 1555/1110/1
f 1517/1127/190 1514/1128/555 1548/1165/580 1545/1174/4
f 1526/1153/570 1538/1105/579 1558/1122/584 1551/1175/585
f 1516/1136/4 1517/1137/190 1545/1176/4 1546/1144/4
f 1527/1152/564 1526/1153/570 1551/1175/585 1552/1177/565
f 1564/1054/586 1560/1055/587 1559/1056/588 1562/1057/589
f 1567/1058/96 1565/1059/64 1576/1060/590 1577/1061/591
f 1560/1055/587 1564/1054/586 1574/1062/592 1573/1063/593
f 1561/1064/594 1563/1065/595 1564/1066/586 1562/1067/596
f 1568/1068/1 1572/1069/597 1587/1070/1 1585/1071/1
f 1609/1072/598 1563/1065/595 1561/1064/8 1610/1073/599
f 1610/1073/599 1561/1064/594 1582/1074/600 1621/1075/601
f 1559/1056/588 1560/1055/587 1565/1059/64 1566/1076/602
f 1566/1076/602 1568/1068/1 1585/1071/1 1584/1077/603
f 1569/1078/604 1570/1079/1 1579/1080/4 1578/1081/605
f 1566/1076/602 1565/1059/64 1567/1058/96 1568/1068/1
f 1568/1068/1 1567/1058/96 1570/1082/1 1572/1069/597
f 1569/1078/604 1571/1083/606 1572/1084/1 1570/1079/1
f 1580/1085/607 1613/1086/608 1573/1087/593 1574/1088/592
f 1617/1089/609 1578/1090/610 1579/1091/611 1618/1092/612
f 1570/1082/1 1567/1058/96 1577/1061/591 1579/1093/1
f 1564/1066/586 1563/1065/595 1575/1094/4 1574/1095/592
f 1565/1059/64 1560/1055/587 1573/1063/593 1576/1060/590
f 1611/1096/613 1569/1078/604 1578/1081/605 1617/1097/609
f 1563/1065/595 1609/1072/598 1614/1098/4 1575/1094/4
f 1577/1099/614 1616/1100/615 1618/1092/612 1579/1091/611
f 1576/1101/590 1615/1102/616 1616/1100/615 1577/1099/614
f 1575/1103/4 1614/1104/4 1580/1085/607 1574/1088/592
f 1573/1087/593 1613/1086/608 1615/1102/616 1576/1101/590
f 1569/1078/604 1611/1096/613 1612/1105/617 1571/1083/606
f 1559/1056/588 1566/1076/602 1584/1077/603 1583/1106/618
f 1621/1107/601 1582/1108/600 1581/1109/619 1629/1110/620
f 1630/1111/621 1584/1112/622 1585/1113/623 1631/1114/624
f 1628/1115/625 1583/1116/626 1584/1112/622 1630/1111/621
f 1631/1114/624 1585/1113/623 1587/1117/627 1627/1118/628
f 1586/1119/8 1632/1120/8 1627/1118/628 1587/1117/627
f 1581/1109/619 1583/1116/626 1628/1115/625 1629/1110/620
f 1562/1057/589 1559/1056/588 1583/1106/618 1581/1121/629
f 1571/1083/606 1612/1105/617 1632/1122/630 1586/1123/631
f 1561/1064/594 1562/1067/596 1581/1124/619 1582/1074/600
f 1572/1084/1 1571/1083/606 1586/1123/631 1587/1125/1
f 1593/1126/632 1591/1127/633 1588/1128/634 1589/1129/635
f 1596/1130/636 1606/1131/637 1605/1132/638 1594/1133/639
f 1589/1129/635 1602/1134/640 1603/1135/641 1593/1126/632
f 1590/1136/642 1591/1137/633 1593/1138/632 1592/1139/643
f 1597/1140/644 1624/1141/645 1626/1142/646 1601/1143/647
f 1609/1072/598 1610/1073/599 1590/1136/642 1592/1139/643
f 1610/1073/599 1621/1075/601 1620/1144/648 1590/1136/642
f 1588/1128/634 1595/1145/649 1594/1133/639 1589/1129/635
f 1595/1145/649 1623/1146/650 1624/1141/645 1597/1140/644
f 1598/1147/651 1607/1148/652 1608/1149/653 1599/1150/654
f 1595/1145/649 1597/1140/644 1596/1130/636 1594/1133/639
f 1597/1140/644 1601/1143/647 1599/1151/655 1596/1130/636
f 1598/1147/651 1599/1150/654 1601/1152/647 1600/1153/656
f 1580/1085/607 1603/1154/4 1602/1155/4 1613/1086/608
f 1617/1089/609 1618/1092/612 1608/1156/653 1607/1157/652
f 1599/1151/655 1608/1158/657 1606/1131/637 1596/1130/636
f 1593/1138/632 1603/1159/641 1604/1160/658 1592/1139/643
f 1594/1133/639 1605/1132/638 1602/1134/640 1589/1129/635
f 1611/1096/613 1617/1097/609 1607/1148/652 1598/1147/651
f 1592/1139/643 1604/1160/658 1614/1098/4 1609/1072/598
f 1606/1161/4 1608/1156/653 1618/1092/612 1616/1100/615
f 1605/1162/4 1606/1161/4 1616/1100/615 1615/1102/616
f 1604/1163/4 1603/1154/4 1580/1085/607 1614/1164/4
f 1602/1155/4 1605/1162/4 1615/1102/616 1613/1086/608
f 1598/1147/651 1600/1153/656 1612/1105/8 1611/1096/613
f 1588/1128/634 1622/1165/659 1623/1146/650 1595/1145/649
f 1621/1166/601 1629/1110/620 1619/1167/660 1620/1168/648
f 1630/1111/621 1631/1114/624 1624/1169/645 1623/1170/650
f 1628/1115/625 1630/1111/621 1623/1170/650 1622/1171/659
f 1631/1114/624 1627/1118/628 1626/1172/646 1624/1169/645
f 1625/1173/661 1626/1172/646 1627/1118/628 1632/1120/8
f 1619/1167/660 1629/1110/620 1628/1115/625 1622/1171/659
f 1591/1127/633 1619/1174/660 1622/1165/659 1588/1128/634
f 1600/1153/656 1625/1175/661 1632/1122/8 1612/1105/8
f 1590/1136/642 1620/1144/648 1619/1176/660 1591/1137/633
f 1601/1152/647 1626/1177/646 1625/1175/661 1600/1153/656
f 1638/1054/662 1636/1057/4 1633/1056/4 1634/1055/4
f 1641/1058/663 1651/1061/664 1650/1060/665 1639/1059/666
f 1634/1055/4 1647/1063/4 1648/1062/4 1638/1054/662
f 1635/1064/20 1636/1067/4 1638/1066/667 1637/1065/64
f 1642/1068/668 1659/1071/669 1661/1070/670 1646/1069/671
f 1683/1072/64 1684/1073/1 1635/1064/4 1637/1065/64
f 1684/1073/20 1695/1075/20 1656/1074/20 1635/1064/20
f 1633/1056/4 1640/1076/672 1639/1059/666 1634/1055/4
f 1640/1076/672 1658/1077/673 1659/1071/669 1642/1068/668
f 1643/1078/674 1652/1081/675 1653/1080/676 1644/1079/677
f 1640/1076/672 1642/1068/668 1641/1058/663 1639/1059/666
f 1642/1068/668 1646/1069/671 1644/1082/677 1641/1058/663
f 1643/1078/674 1644/1079/677 1646/1084/671 1645/1083/678
f 1654/1085/679 1648/1088/680 1647/1087/681 1687/1086/682
f 1691/1089/683 1692/1092/684 1653/1091/685 1652/1090/686
f 1644/1082/677 1653/1093/676 1651/1061/664 1641/1058/663
f 1638/1066/667 1648/1095/1 1649/1094/1 1637/1065/64
f 1639/1059/666 1650/1060/665 1647/1063/4 1634/1055/4
f 1685/1096/4 1691/1097/4 1652/1081/675 1643/1078/674
f 1637/1065/64 1649/1094/1 1688/1098/1 1683/1072/64
f 1651/1099/687 1653/1091/685 1692/1092/684 1690/1100/688
f 1650/1101/689 1651/1099/687 1690/1100/688 1689/1102/690
f 1649/1103/691 1648/1088/691 1654/1085/692 1688/1104/693
f 1647/1087/681 1650/1101/689 1689/1102/690 1687/1086/682
f 1643/1078/674 1645/1083/678 1686/1105/4 1685/1096/4
f 1633/1056/4 1657/1106/4 1658/1077/673 1640/1076/672
f 1695/1107/1 1703/1110/4 1655/1109/1 1656/1108/1
f 1704/1111/694 1705/1114/695 1659/1113/669 1658/1112/673
f 1702/1115/158 1704/1111/694 1658/1112/673 1657/1116/696
f 1705/1114/695 1701/1118/697 1661/1117/670 1659/1113/669
f 1660/1119/698 1661/1117/670 1701/1118/697 1706/1120/699
f 1655/1109/1 1703/1110/1 1702/1115/158 1657/1116/696
f 1636/1057/4 1655/1121/4 1657/1106/4 1633/1056/4
f 1645/1083/678 1660/1123/698 1706/1122/699 1686/1105/4
f 1635/1064/20 1656/1074/20 1655/1124/20 1636/1067/4
f 1646/1084/671 1661/1125/670 1660/1123/698 1645/1083/678
f 1667/1126/700 1663/1129/701 1662/1128/20 1665/1127/1
f 1670/1130/702 1668/1133/703 1679/1132/704 1680/1131/705
f 1663/1129/701 1667/1126/700 1677/1135/706 1676/1134/707
f 1664/1136/708 1666/1139/709 1667/1138/710 1665/1137/1
f 1671/1140/8 1675/1143/8 1700/1142/8 1698/1141/8
f 1683/1072/64 1666/1139/709 1664/1136/1 1684/1073/1
f 1684/1073/4 1664/1136/708 1694/1144/1 1695/1075/4
f 1662/1128/20 1663/1129/701 1668/1133/703 1669/1145/8
f 1669/1145/8 1671/1140/8 1698/1141/8 1697/1146/8
f 1672/1147/711 1673/1150/712 1682/1149/713 1681/1148/714
f 1669/1145/8 1668/1133/703 1670/1130/702 1671/1140/8
f 1671/1140/8 1670/1130/702 1673/1151/715 1675/1143/8
f 1672/1147/711 1674/1153/4 1675/1152/4 1673/1150/712
f 1654/1085/679 1687/1086/682 1676/1155/716 1677/1154/20
f 1691/1089/683 1681/1157/714 1682/1156/713 1692/1092/684
f 1673/1151/715 1670/1130/702 1680/1131/705 1682/1158/713
f 1667/1138/710 1666/1139/709 1678/1160/717 1677/1159/718
f 1668/1133/703 1663/1129/701 1676/1134/707 1679/1132/704
f 1685/1096/8 1672/1147/711 1681/1148/714 1691/1097/683
f 1666/1139/709 1683/1072/64 1688/1098/693 1678/1160/717
f 1680/1161/705 1690/1100/688 1692/1092/684 1682/1156/713
f 1679/1162/704 1689/1102/690 1690/1100/688 1680/1161/705
f 1678/1163/717 1688/1164/693 1654/1085/692 1677/1154/718
f 1676/1155/716 1687/1086/682 1689/1102/690 1679/1162/704
f 1672/1147/711 1685/1096/4 1686/1105/4 1674/1153/4
f 1662/1128/20 1669/1145/8 1697/1146/8 1696/1165/8
f 1695/1166/1 1694/1168/4 1693/1167/4 1703/1110/4
f 1704/1111/694 1697/1170/695 1698/1169/719 1705/1114/695
f 1702/1115/158 1696/1171/4 1697/1170/695 1704/1111/694
f 1705/1114/695 1698/1169/719 1700/1172/720 1701/1118/697
f 1699/1173/721 1706/1120/699 1701/1118/697 1700/1172/720
f 1693/1167/1 1696/1171/4 1702/1115/158 1703/1110/1
f 1665/1127/1 1662/1128/20 1696/1165/8 1693/1174/4
f 1674/1153/4 1686/1105/4 1706/1122/699 1699/1175/721
f 1664/1136/708 1665/1137/1 1693/1176/1 1694/1144/1
f 1675/1152/4 1674/1153/4 1699/1175/721 1700/1177/720
f 1712/1054/722 1710/1057/723 1707/1056/724 1708/1055/725
f 1715/1058/726 1725/1061/727 1724/1060/728 1713/1059/729
f 1708/1055/725 1721/1063/730 1722/1062/731 1712/1054/722
f 1709/1064/732 1710/1067/723 1712/1066/733 1711/1065/734
f 1716/1068/735 1733/1071/736 1735/1070/737 1720/1069/738
f 1757/1072/739 1758/1073/740 1709/1064/732 1711/1065/734
f 1758/1073/740 1769/1075/741 1730/1074/742 1709/1064/732
f 1707/1056/724 1714/1076/743 1713/1059/729 1708/1055/725
f 1714/1076/743 1732/1077/744 1733/1071/736 1716/1068/735
f 1717/1078/745 1726/1081/746 1727/1080/747 1718/1079/748
f 1714/1076/743 1716/1068/735 1715/1058/726 1713/1059/729
f 1716/1068/735 1720/1069/738 1718/1082/749 1715/1058/726
f 1717/1078/745 1718/1079/748 1720/1084/738 1719/1083/750
f 1728/1085/20 1722/1088/731 1721/1087/730 1761/1086/20
f 1765/1089/20 1766/1092/20 1727/1091/747 1726/1090/746
f 1718/1082/749 1727/1093/751 1725/1061/727 1715/1058/726
f 1712/1066/733 1722/1095/731 1723/1094/752 1711/1065/734
f 1713/1059/729 1724/1060/728 1721/1063/730 1708/1055/725
f 1759/1096/20 1765/1097/20 1726/1081/746 1717/1078/745
f 1711/1065/734 1723/1094/752 1762/1098/20 1757/1072/739
f 1725/1099/20 1727/1091/747 1766/1092/20 1764/1100/20
f 1724/1101/20 1725/1099/20 1764/1100/20 1763/1102/20
f 1723/1103/752 1722/1088/731 1728/1085/20 1762/1104/20
f 1721/1087/730 1724/1101/20 1763/1102/20 1761/1086/20
f 1717/1078/745 1719/1083/750 1760/1105/1 1759/1096/20
f 1707/1056/724 1731/1106/753 1732/1077/744 1714/1076/743
f 1769/1107/741 1777/1110/754 1729/1109/755 1730/1108/742
f 1778/1111/756 1779/1114/757 1733/1113/736 1732/1112/744
f 1776/1115/758 1778/1111/756 1732/1112/744 1731/1116/753
f 1779/1114/757 1775/1118/759 1735/1117/737 1733/1113/736
f 1734/1119/760 1735/1117/737 1775/1118/759 1780/1120/1
f 1729/1109/755 1777/1110/754 1776/1115/758 1731/1116/753
f 1710/1057/723 1729/1121/755 1731/1106/753 1707/1056/724
f 1719/1083/750 1734/1123/760 1780/1122/1 1760/1105/1
f 1709/1064/732 1730/1074/742 1729/1124/755 1710/1067/723
f 1720/1084/738 1735/1125/737 1734/1123/760 1719/1083/750
f 1741/1126/761 1737/1129/762 1736/1128/763 1739/1127/764
f 1744/1130/765 1742/1133/766 1753/1132/767 1754/1131/768
f 1737/1129/762 1741/1126/761 1751/1135/769 1750/1134/770
f 1738/1136/771 1740/1139/772 1741/1138/761 1739/1137/773
f 1745/1140/774 1749/1143/775 1774/1142/776 1772/1141/777
f 1757/1072/739 1740/1139/772 1738/1136/771 1758/1073/740
f 1758/1073/740 1738/1136/771 1768/1144/778 1769/1075/741
f 1736/1128/763 1737/1129/762 1742/1133/766 1743/1145/779
f 1743/1145/779 1745/1140/774 1772/1141/777 1771/1146/780
f 1746/1147/781 1747/1150/782 1756/1149/783 1755/1148/784
f 1743/1145/779 1742/1133/766 1744/1130/765 1745/1140/774
f 1745/1140/774 1744/1130/765 1747/1151/782 1749/1143/775
f 1746/1147/781 1748/1153/785 1749/1152/786 1747/1150/782
f 1728/1085/20 1761/1086/20 1750/1155/770 1751/1154/769
f 1765/1089/20 1755/1157/784 1756/1156/783 1766/1092/20
f 1747/1151/782 1744/1130/765 1754/1131/768 1756/1158/783
f 1741/1138/761 1740/1139/772 1752/1160/787 1751/1159/769
f 1742/1133/766 1737/1129/762 1750/1134/770 1753/1132/767
f 1759/1096/20 1746/1147/781 1755/1148/784 1765/1097/20
f 1740/1139/772 1757/1072/739 1762/1098/20 1752/1160/787
f 1754/1161/768 1764/1100/20 1766/1092/20 1756/1156/783
f 1753/1162/767 1763/1102/20 1764/1100/20 1754/1161/768
f 1752/1163/787 1762/1164/20 1728/1085/20 1751/1154/769
f 1750/1155/770 1761/1086/20 1763/1102/20 1753/1162/767
f 1746/1147/781 1759/1096/20 1760/1105/20 1748/1153/785
f 1736/1128/763 1743/1145/779 1771/1146/780 1770/1165/788
f 1769/1166/741 1768/1168/778 1767/1167/789 1777/1110/754
f 1778/1111/756 1771/1170/780 1772/1169/777 1779/1114/757
f 1776/1115/758 1770/1171/788 1771/1170/780 1778/1111/756
f 1779/1114/757 1772/1169/777 1774/1172/776 1775/1118/759
f 1773/1173/790 1780/1120/1 1775/1118/759 1774/1172/776
f 1767/1167/789 1770/1171/788 1776/1115/758 1777/1110/754
f 1739/1127/764 1736/1128/763 1770/1165/788 1767/1174/789
f 1748/1153/785 1760/1105/20 1780/1122/1 1773/1175/790
f 1738/1136/771 1739/1137/773 1767/1176/789 1768/1144/778
f 1749/1152/786 1748/1153/785 1773/1175/790 1774/1177/776
