# Blender 4.4.1
# www.blender.org
mtllib Rocket.mtl
o Cylinder
v 0.000065 0.149880 -0.116206
v 0.078793 0.100229 -0.117331
v 0.078793 -0.009263 -0.117196
v 0.000065 -0.049145 -0.116614
v 0.023683 0.135187 -0.116638
v 0.025441 -0.049124 -0.116581
v 0.032702 0.131713 0.362713
v 0.000065 0.160774 0.363945
v 0.087332 -0.008656 0.363129
v 0.086264 0.100132 0.363180
v 0.023698 -0.045322 0.364928
v 0.000065 -0.054691 0.365728
v 0.036926 0.138637 0.363119
v 0.095477 -0.013424 0.363731
v 0.000065 0.151213 0.363432
v 0.094326 0.104684 0.363554
v 0.026104 -0.053622 0.365764
v 0.000065 -0.046396 0.365000
v 0.000065 0.103789 0.141724
v 0.000065 -0.008000 0.143458
v 0.017866 0.093332 0.141214
v 0.012955 -0.007837 0.143466
v 0.047662 0.014325 0.142239
v 0.047080 0.075881 0.140891
v 0.080234 0.095800 0.316547
v 0.025682 -0.041464 0.319302
v 0.025725 -0.042232 0.324106
v 0.000065 -0.044183 0.324599
v 0.000000 -0.043392 0.319879
v 0.000000 -0.034919 0.318786
v 0.080969 0.031098 0.315702
v 0.027417 0.132258 0.316310
v 0.028389 0.132727 0.321119
v 0.084741 0.100438 0.322264
v 0.083650 0.100008 0.317562
v 0.028975 0.125198 0.315337
v 0.085943 -0.006972 0.321122
v 0.084858 -0.006460 0.316251
v 0.027393 -0.033161 0.318228
v 0.081336 -0.001253 0.315280
v 0.000000 0.149030 0.317592
v 0.000065 0.150017 0.322384
v 0.000000 0.146980 0.256311
v 0.075131 0.062499 0.256336
v 0.080602 0.063449 0.316124
v 0.077680 0.098500 0.255590
v 0.075469 0.030572 0.256022
v 0.078793 -0.006572 0.254614
v 0.024184 0.125546 0.256057
v 0.000000 -0.044156 0.258822
v 0.027173 -0.035639 0.259482
v 0.025441 -0.044182 0.258519
v 0.000000 -0.035615 0.259774
v 0.022161 0.132640 0.254976
v 0.000065 0.150243 -0.069163
v 0.000065 0.149445 -0.022210
v 0.000065 0.147416 0.024630
v 0.000065 0.145783 0.071556
v 0.000065 0.145614 0.118831
v 0.000065 0.146193 0.166428
v 0.000065 0.146765 0.214160
v 0.077805 0.099081 0.213086
v 0.077946 0.099181 0.164808
v 0.078087 0.098923 0.116516
v 0.078228 0.098867 0.068588
v 0.078369 0.099512 0.021472
v 0.078511 0.100420 -0.024892
v 0.078652 0.100678 -0.071026
v 0.078793 -0.006036 0.212756
v 0.078793 -0.006911 0.165498
v 0.078793 -0.007715 0.118003
v 0.078793 -0.008120 0.070282
v 0.078793 -0.008775 0.022853
v 0.078793 -0.009056 -0.024102
v 0.078793 -0.009162 -0.070699
v 0.000065 -0.043966 0.216924
v 0.000065 -0.045363 0.169815
v 0.000065 -0.046804 0.122584
v 0.000065 -0.047376 0.074767
v 0.000065 -0.048108 0.026596
v 0.000065 -0.048648 -0.021478
v 0.000065 -0.048978 -0.069181
v 0.025441 -0.043873 0.216691
v 0.025441 -0.045292 0.169733
v 0.025441 -0.046766 0.122669
v 0.025441 -0.047388 0.074951
v 0.025441 -0.048166 0.026747
v 0.025441 -0.048703 -0.021403
v 0.025441 -0.049006 -0.069146
v 0.022332 0.132627 0.212791
v 0.022525 0.132114 0.164977
v 0.022718 0.131521 0.117225
v 0.022911 0.131595 0.069812
v 0.023104 0.133098 0.022952
v 0.023297 0.134992 -0.023533
v 0.023490 0.135656 -0.070013
v -0.023998 -0.060320 0.223966
v -0.023998 -0.038121 0.223870
v -0.023998 -0.060421 -0.113184
v -0.023998 -0.038193 -0.113188
v 0.023998 -0.060321 0.223745
v 0.023998 -0.038124 0.223624
v 0.023998 -0.060424 -0.113185
v 0.023998 -0.038196 -0.113189
v -0.023998 -0.060449 -0.070950
v -0.023998 -0.060490 -0.028733
v -0.023998 -0.060549 0.013452
v -0.023998 -0.060628 0.055574
v -0.023998 -0.060710 0.097592
v -0.023998 -0.060740 0.139520
v -0.023998 -0.060606 0.181576
v -0.023998 -0.038390 0.181484
v -0.023998 -0.038515 0.139452
v -0.023998 -0.038483 0.097545
v -0.023998 -0.038400 0.055544
v -0.023998 -0.038322 0.013434
v -0.023998 -0.038262 -0.028744
v -0.023998 -0.038221 -0.070957
v 0.023998 -0.060705 0.181263
v 0.023998 -0.060837 0.139293
v 0.023998 -0.060770 0.097491
v 0.023998 -0.060661 0.055536
v 0.023998 -0.060567 0.013438
v 0.023998 -0.060499 -0.028739
v 0.023998 -0.060454 -0.070953
v 0.023998 -0.038226 -0.070960
v 0.023998 -0.038272 -0.028750
v 0.023998 -0.038339 0.013418
v 0.023998 -0.038433 0.055503
v 0.023998 -0.038541 0.097439
v 0.023998 -0.038608 0.139219
v 0.023998 -0.038480 0.181156
v -0.023998 -0.052920 0.223923
v -0.023998 -0.045521 0.223891
v -0.023998 -0.045602 -0.113187
v -0.023998 -0.053012 -0.113185
v 0.023998 -0.045605 -0.113188
v 0.023998 -0.053015 -0.113186
v 0.023998 -0.045524 0.223648
v 0.023998 -0.052923 0.223689
v 0.023998 -0.045636 -0.070957
v 0.023998 -0.053045 -0.070955
v 0.023998 -0.045681 -0.028747
v 0.023998 -0.053091 -0.028743
v 0.023998 -0.045749 0.013424
v 0.023998 -0.053159 0.013430
v 0.023998 -0.045844 0.055511
v 0.023998 -0.053253 0.055522
v 0.023998 -0.045954 0.097450
v 0.023998 -0.053363 0.097467
v 0.023998 -0.046023 0.139229
v 0.023998 -0.053432 0.139254
v 0.023998 -0.045894 0.181170
v 0.023998 -0.053302 0.181206
v -0.023998 -0.045799 0.181501
v -0.023998 -0.053204 0.181532
v -0.023998 -0.045927 0.139464
v -0.023998 -0.053336 0.139487
v -0.023998 -0.045895 0.097556
v -0.023998 -0.053304 0.097571
v -0.023998 -0.045811 0.055552
v -0.023998 -0.053220 0.055562
v -0.023998 -0.045732 0.013439
v -0.023998 -0.053141 0.013445
v -0.023998 -0.045672 -0.028741
v -0.023998 -0.053081 -0.028737
v -0.023998 -0.045631 -0.070955
v -0.023998 -0.053040 -0.070953
v -0.016335 -0.178576 0.212462
v -0.015725 -0.084055 0.213071
v -0.016368 -0.179285 0.162912
v -0.015963 -0.084000 0.163537
v 0.016078 -0.178405 0.212036
v 0.015628 -0.083947 0.213106
v 0.016103 -0.179091 0.162562
v 0.016302 -0.084141 0.163702
v -0.015875 -0.147090 0.212723
v -0.015754 -0.115728 0.213024
v -0.015501 -0.115951 0.163573
v -0.016132 -0.147404 0.163213
v 0.015316 -0.115457 0.163660
v 0.015784 -0.147341 0.163119
v 0.016109 -0.115695 0.213051
v 0.016670 -0.147106 0.212536
v -0.016365 -0.178885 0.179280
v -0.016353 -0.178579 0.195789
v -0.015770 -0.084011 0.196562
v -0.015874 -0.083980 0.180060
v 0.016073 -0.178262 0.195179
v 0.016082 -0.178565 0.178711
v 0.016045 -0.084033 0.180195
v 0.015765 -0.083966 0.196641
v 0.016002 -0.147073 0.179458
v 0.016401 -0.146980 0.195916
v 0.015570 -0.115571 0.180188
v 0.015931 -0.115645 0.196623
v -0.015960 -0.147032 0.196142
v -0.016059 -0.147160 0.179646
v -0.015803 -0.115646 0.196530
v -0.015736 -0.115693 0.180055
v 0.005265 -0.179101 0.162672
v -0.005553 -0.179162 0.162789
v -0.005178 -0.083950 0.163582
v 0.005571 -0.083990 0.163638
v -0.005535 -0.178226 0.212318
v 0.005259 -0.178113 0.212176
v 0.005133 -0.083996 0.213093
v -0.005258 -0.084032 0.213081
v 0.005867 -0.146970 0.212592
v -0.004990 -0.146965 0.212655
v 0.005480 -0.115681 0.213035
v -0.005111 -0.115690 0.213026
v -0.005493 -0.147248 0.163151
v 0.005091 -0.147219 0.163111
v -0.005183 -0.115356 0.163535
v 0.004909 -0.115080 0.163530
v -0.005210 -0.083938 0.180097
v 0.005405 -0.083954 0.180143
v -0.005240 -0.083985 0.196585
v 0.005224 -0.083970 0.196611
v 0.005250 -0.178553 0.178895
v -0.005558 -0.178660 0.179085
v 0.005248 -0.178118 0.195378
v -0.005552 -0.178247 0.195582
v -0.015845 -0.136630 0.212817
v -0.015805 -0.126175 0.212917
v -0.015541 -0.126440 0.163413
v -0.015902 -0.136865 0.163295
v 0.015169 -0.126035 0.163385
v 0.015437 -0.136714 0.163243
v 0.016265 -0.126163 0.212870
v 0.016454 -0.136633 0.212699
v -0.015862 -0.126095 0.196386
v -0.015919 -0.136559 0.196258
v -0.015780 -0.126177 0.179889
v -0.015936 -0.136650 0.179755
v 0.015500 -0.126032 0.179878
v 0.015702 -0.136553 0.179653
v 0.016001 -0.126077 0.196360
v 0.016169 -0.136525 0.196128
v -0.005256 -0.125941 0.163339
v -0.005433 -0.136587 0.163229
v 0.004775 -0.125723 0.163298
v 0.004890 -0.136503 0.163193
v 0.005583 -0.126104 0.212878
v 0.005713 -0.136534 0.212730
v -0.005089 -0.126107 0.212894
v -0.005048 -0.136533 0.212771
v -0.015742 -0.105164 0.213040
v -0.015730 -0.094608 0.213057
v -0.015933 -0.094534 0.163559
v -0.015810 -0.105177 0.163566
v 0.016218 -0.094602 0.163757
v 0.015842 -0.104979 0.163721
v 0.015800 -0.094532 0.213091
v 0.015955 -0.105114 0.213071
v 0.016024 -0.094552 0.180231
v 0.015826 -0.105042 0.180215
v 0.015863 -0.094528 0.196647
v 0.015902 -0.105084 0.196636
v -0.015775 -0.094543 0.196556
v -0.015789 -0.105085 0.196543
v -0.015860 -0.094503 0.180068
v -0.015821 -0.105071 0.180062
v 0.005259 -0.094556 0.213077
v 0.005370 -0.105116 0.213056
v -0.005201 -0.094581 0.213065
v -0.005155 -0.105132 0.213045
v -0.005180 -0.094359 0.163599
v -0.005217 -0.104778 0.163569
v 0.005521 -0.094352 0.163661
v 0.005259 -0.104632 0.163602
v -0.016264 -0.158041 0.163120
v -0.016327 -0.168672 0.163021
v 0.015958 -0.157961 0.162958
v 0.016058 -0.168538 0.162770
v 0.016470 -0.157538 0.212369
v 0.016275 -0.167971 0.212203
v -0.016185 -0.168083 0.212549
v -0.016033 -0.157587 0.212635
v -0.016102 -0.157552 0.196026
v -0.016230 -0.168069 0.195909
v -0.016193 -0.157743 0.179529
v -0.016286 -0.168320 0.179408
v 0.016074 -0.157588 0.179224
v 0.016099 -0.168083 0.178975
v 0.016302 -0.157410 0.195673
v 0.016196 -0.167838 0.195428
v -0.005531 -0.157928 0.163048
v -0.005540 -0.168563 0.162927
v 0.005187 -0.157902 0.162991
v 0.005245 -0.168520 0.162842
v 0.005662 -0.157352 0.212452
v 0.005461 -0.167733 0.212314
v -0.005175 -0.157387 0.212542
v -0.005355 -0.167808 0.212430
v -0.017119 -0.084307 0.216300
v -0.017119 -0.059941 0.217177
v -0.017119 -0.084166 0.159141
v -0.017119 -0.059889 0.159989
v 0.017119 -0.084300 0.216142
v 0.017119 -0.059940 0.217205
v 0.017119 -0.084126 0.158994
v 0.017119 -0.059882 0.160017
v -0.017119 -0.084200 0.178131
v -0.017119 -0.084252 0.197182
v -0.017119 -0.059922 0.198127
v -0.017119 -0.059904 0.179064
v 0.017119 -0.084230 0.196998
v 0.017119 -0.084165 0.177951
v 0.017119 -0.059898 0.179095
v 0.017119 -0.059919 0.198158
v -0.017119 -0.072197 0.216944
v -0.017119 -0.072089 0.159764
v 0.017119 -0.072065 0.159766
v 0.017119 -0.072193 0.216943
v 0.017119 -0.072096 0.178826
v 0.017119 -0.072143 0.197884
v -0.017119 -0.072156 0.197884
v -0.017119 -0.072117 0.178825
v -0.016088 -0.060456 0.038669
v -0.016088 -0.060532 0.028935
v -0.016087 -0.106179 0.020069
v -0.016087 -0.097487 0.012047
v 0.016088 -0.060384 0.038646
v 0.016088 -0.060440 0.028906
v 0.016087 -0.105966 0.020010
v 0.016087 -0.097224 0.011980
v -0.016088 -0.096307 -0.045969
v -0.016088 -0.105413 -0.049204
v 0.016088 -0.105194 -0.049433
v 0.016088 -0.096058 -0.046223
v -0.016087 -0.090473 0.026414
v -0.016087 -0.074801 0.032762
v -0.016087 -0.071249 0.023634
v -0.016087 -0.084359 0.017842
v 0.016087 -0.074686 0.032736
v 0.016087 -0.090306 0.026372
v 0.016087 -0.084159 0.017794
v 0.016087 -0.071109 0.023603
v 0.016087 -0.105191 -0.005344
v 0.016087 -0.104759 -0.030598
v 0.016087 -0.096162 -0.027968
v 0.016087 -0.096567 -0.008028
v -0.016087 -0.105585 -0.005242
v -0.016087 -0.105237 -0.030480
v -0.016087 -0.096629 -0.027858
v -0.016087 -0.096970 -0.007929
v -0.016088 -0.060495 0.033802
v -0.016087 -0.101829 0.016056
v 0.016087 -0.101591 0.015993
v 0.016088 -0.060413 0.033776
v -0.016088 -0.100854 -0.047593
v 0.016088 -0.100618 -0.047837
v 0.016087 -0.087230 0.022082
v 0.016087 -0.072897 0.028169
v -0.016087 -0.073025 0.028197
v -0.016087 -0.087414 0.022127
v -0.016087 -0.101271 -0.006587
v -0.016087 -0.100926 -0.029171
v 0.016087 -0.100870 -0.006688
v 0.016087 -0.100449 -0.029286
v -0.006964 -0.091307 -0.013610
v -0.006964 -0.064293 -0.049343
v -0.006964 -0.052454 -0.025553
v 0.006964 -0.090870 -0.014146
v 0.006964 -0.063972 -0.049494
v 0.006964 -0.052946 -0.025211
v -0.006964 -0.065163 -0.021403
v 0.006964 -0.074977 -0.032683
v -0.006964 -0.084290 -0.021930
v 0.006964 -0.083806 -0.022351
v -0.006964 -0.074396 -0.018884
v 0.006964 -0.074148 -0.019276
v -0.006964 -0.075784 -0.032272
v 0.006964 -0.065571 -0.021220
v -0.020090 -0.171030 -0.071481
v -0.020090 -0.059193 -0.034742
v -0.020090 -0.150482 -0.134241
v -0.020090 -0.038644 -0.097237
v 0.020090 -0.171477 -0.071883
v 0.020090 -0.059435 -0.034623
v 0.020090 -0.150468 -0.133949
v 0.020090 -0.038849 -0.096744
v -0.020090 -0.156860 -0.112945
v -0.020090 -0.164100 -0.092306
v -0.020090 -0.052448 -0.055505
v -0.020090 -0.045595 -0.076291
v 0.020090 -0.164578 -0.092551
v 0.020090 -0.157189 -0.112914
v 0.020090 -0.045854 -0.075869
v 0.020090 -0.052715 -0.055231
v -0.020090 -0.143484 -0.062065
v -0.020090 -0.115636 -0.052618
v -0.020090 -0.087492 -0.043486
v -0.020090 -0.066754 -0.105291
v -0.020090 -0.094637 -0.113844
v -0.020090 -0.122119 -0.123391
v 0.020090 -0.067154 -0.104298
v 0.020090 -0.095165 -0.112496
v 0.020090 -0.122450 -0.122353
v 0.020090 -0.087893 -0.043337
v 0.020090 -0.116146 -0.052664
v 0.020090 -0.144015 -0.062359
v 0.020090 -0.074346 -0.083663
v 0.020090 -0.102583 -0.092164
v 0.020090 -0.130129 -0.102129
v 0.020090 -0.081232 -0.063504
v 0.020090 -0.109516 -0.072485
v 0.020090 -0.137287 -0.082375
v -0.020090 -0.080755 -0.063983
v -0.020090 -0.108881 -0.072941
v -0.020090 -0.136654 -0.082512
v -0.020090 -0.073846 -0.084494
v -0.020090 -0.101890 -0.093214
v -0.020090 -0.129523 -0.102827
v -0.022301 -0.209309 -0.066300
v -0.023009 -0.174353 -0.056451
v -0.023280 -0.183837 -0.146422
v -0.022904 -0.149324 -0.136187
v 0.023970 -0.209147 -0.066008
v 0.022596 -0.174087 -0.057380
v 0.022967 -0.183844 -0.145306
v 0.022708 -0.149366 -0.136389
v 0.000065 0.132347 -0.161116
v 0.000065 0.129392 -0.302070
v -0.068553 0.090049 -0.160120
v -0.067471 0.088041 -0.300883
v -0.068553 -0.004635 -0.159685
v -0.068553 -0.004742 -0.301935
v 0.000065 -0.039588 -0.160712
v 0.000065 -0.038552 -0.303834
v -0.020521 0.119645 -0.160807
v -0.019041 0.116807 -0.301621
v -0.022053 -0.039508 -0.160537
v -0.022053 -0.038528 -0.303713
v -0.027048 0.135942 -0.361905
v 0.000065 0.166737 -0.362507
v -0.079496 -0.016525 -0.363256
v -0.078471 0.101735 -0.361564
v -0.018404 -0.059224 -0.365383
v 0.000065 -0.067860 -0.365719
v -0.031104 0.143203 -0.362051
v -0.087316 -0.021128 -0.363465
v 0.000065 0.156734 -0.362314
v -0.086211 0.106511 -0.361703
v -0.020713 -0.067727 -0.365764
v 0.000065 -0.059350 -0.365351
v 0.000065 0.092843 -0.230269
v 0.000065 -0.006048 -0.230531
v -0.015450 0.083497 -0.229974
v -0.011170 -0.006047 -0.230417
v -0.041420 0.013574 -0.229691
v -0.040913 0.067991 -0.229588
v 0.000065 0.131238 -0.196304
v 0.000065 0.130130 -0.231478
v 0.000065 0.129415 -0.266707
v -0.067742 0.087739 -0.265415
v -0.068012 0.088224 -0.230164
v -0.068283 0.089154 -0.195093
v -0.068553 -0.005682 -0.266030
v -0.068553 -0.005816 -0.230320
v -0.068553 -0.005337 -0.194880
v 0.000065 -0.039766 -0.267852
v 0.000065 -0.040240 -0.231948
v 0.000065 -0.040080 -0.196227
v -0.022053 -0.039773 -0.267689
v -0.022053 -0.040235 -0.231757
v -0.022053 -0.040036 -0.196032
v -0.019411 0.116737 -0.266250
v -0.019781 0.117428 -0.231041
v -0.020151 0.118545 -0.195919
v -0.068553 0.058554 -0.159583
v -0.068553 0.026968 -0.159423
v -0.068193 0.026111 -0.300941
v -0.067832 0.056998 -0.300609
v 0.000065 0.075109 -0.160074
v 0.000065 0.017730 -0.159846
v -0.021031 0.066691 -0.159805
v -0.021542 0.013560 -0.159665
v -0.086947 0.021410 -0.361976
v -0.086579 0.063820 -0.361407
v -0.079155 0.022884 -0.361875
v -0.078813 0.062188 -0.361329
v 0.000065 0.059815 -0.229798
v 0.000065 0.026861 -0.229865
v -0.014023 0.053601 -0.229613
v -0.012597 0.023758 -0.229755
v -0.041251 0.031700 -0.229445
v -0.041082 0.049839 -0.229414
v -0.068373 0.057679 -0.194518
v -0.068463 0.026164 -0.194432
v -0.068193 0.056835 -0.229628
v -0.068373 0.025488 -0.229665
v -0.068012 0.056505 -0.264992
v -0.068283 0.025385 -0.265180
v 0.000000 -0.065926 -0.114088
v 0.000000 -0.066639 -0.165625
v 0.098493 -0.009075 -0.114593
v 0.098493 -0.009339 -0.162837
v 0.098493 0.104687 -0.115122
v 0.098493 0.104599 -0.163120
v 0.000000 0.161520 -0.113475
v 0.000000 0.161484 -0.163355
v -0.098493 0.104615 -0.113613
v -0.098493 0.104557 -0.163487
v -0.098493 -0.009094 -0.113822
v -0.098493 -0.009321 -0.164004
v 0.000000 -0.065836 -0.130797
v 0.000000 -0.065940 -0.147959
v 0.098493 -0.009040 -0.146620
v 0.098493 -0.008970 -0.130883
v 0.098493 0.104782 -0.146937
v 0.098493 0.104912 -0.131186
v 0.000000 0.161621 -0.146891
v 0.000000 0.161715 -0.130340
v -0.098493 0.104652 -0.146916
v -0.098493 0.104683 -0.130291
v -0.098493 -0.009105 -0.147272
v -0.098493 -0.009044 -0.130513
v 0.098493 0.028840 -0.114852
v 0.098493 0.066762 -0.115066
v 0.098493 0.066636 -0.162955
v 0.098493 0.028654 -0.162776
v 0.098493 0.028982 -0.131044
v 0.098493 0.066951 -0.131174
v 0.098493 0.028902 -0.146659
v 0.098493 0.066847 -0.146820
v -0.032831 0.142549 -0.113435
v -0.065662 0.123579 -0.113547
v -0.065662 0.123530 -0.163460
v -0.032831 0.142507 -0.163409
v -0.032831 0.142702 -0.130284
v -0.065662 0.123686 -0.130288
v -0.032831 0.142636 -0.146903
v -0.065662 0.123642 -0.146916
v 0.032831 -0.046969 -0.114272
v 0.065662 -0.028019 -0.114454
v 0.065662 -0.028470 -0.163835
v 0.032831 -0.047631 -0.165131
v 0.032831 -0.046866 -0.130862
v 0.065662 -0.027912 -0.130881
v 0.032831 -0.046964 -0.147673
v 0.065662 -0.027997 -0.147076
v -0.010671 0.135770 0.041910
v -0.010699 0.150910 0.042051
v -0.010666 0.135770 0.023326
v -0.010647 0.150919 0.023637
v 0.016257 0.135774 0.041904
v 0.016169 0.150946 0.042112
v 0.016262 0.135773 0.023333
v 0.016107 0.150978 0.023927
v -0.010667 0.135770 0.029522
v -0.010669 0.135771 0.035716
v -0.010697 0.150911 0.035933
v -0.010679 0.150915 0.029810
v 0.016260 0.135774 0.035714
v 0.016261 0.135774 0.029525
v 0.016082 0.150975 0.030078
v 0.016119 0.150961 0.036097
v -0.010645 0.140823 0.041933
v -0.010617 0.145875 0.042004
v -0.010521 0.145878 0.023597
v -0.010622 0.140822 0.023400
v 0.016326 0.145912 0.024141
v 0.016294 0.140835 0.023478
v 0.016282 0.145931 0.041874
v 0.016277 0.140842 0.041878
v 0.016315 0.145923 0.030188
v 0.016292 0.140840 0.029630
v 0.016298 0.145933 0.035995
v 0.016286 0.140843 0.035748
v -0.010580 0.145877 0.035882
v -0.010634 0.140824 0.035759
v -0.010541 0.145879 0.029760
v -0.010625 0.140823 0.029585
v 0.007906 0.150700 0.044359
v 0.008593 0.160013 0.044553
v 0.007791 0.150643 0.020571
v 0.008662 0.160005 0.020751
v 0.019265 0.150690 0.044214
v 0.018393 0.160010 0.044551
v 0.019189 0.150610 0.020522
v 0.018449 0.159998 0.020847
v 0.009540 0.159991 0.040681
v 0.009500 0.172538 0.040716
v 0.009538 0.159874 0.025168
v 0.009481 0.172373 0.025872
v 0.015747 0.159948 0.040679
v 0.013064 0.172538 0.040701
v 0.015746 0.159871 0.025268
v 0.013044 0.172364 0.025928
v 0.078793 0.063731 -0.117286
v 0.078793 0.027234 -0.117241
v 0.000065 0.083539 -0.116342
v 0.000065 0.017197 -0.116478
v 0.024269 0.073750 -0.116619
v 0.024855 0.012313 -0.116600
v 0.095093 0.025945 0.363672
v 0.094709 0.065314 0.363613
v 0.086976 0.027607 0.363146
v 0.086620 0.063870 0.363163
v 0.000065 0.066526 0.142302
v 0.000065 0.029263 0.142880
v 0.016229 0.059609 0.141964
v 0.014592 0.025886 0.142715
v 0.047468 0.034844 0.141789
v 0.047274 0.055362 0.141340
v 0.000000 0.140487 0.316575
v 0.000000 0.138618 0.257347
v 0.084052 0.064518 0.317125
v 0.084455 0.029029 0.316688
v 0.085141 0.064635 0.321883
v 0.085542 0.028831 0.321503
v 0.078051 0.063476 0.255265
v 0.078422 0.028452 0.254939
v 0.075807 -0.001355 0.255707
v 0.074793 0.094426 0.256651
v 0.078699 0.064064 -0.070917
v 0.078746 0.027451 -0.070808
v 0.078605 0.063928 -0.024629
v 0.078699 0.027436 -0.024366
v 0.078511 0.063416 0.021933
v 0.078652 0.027320 0.022393
v 0.078416 0.063205 0.069153
v 0.078605 0.027542 0.069717
v 0.078322 0.063377 0.117011
v 0.078558 0.027831 0.117507
v 0.078228 0.063817 0.165038
v 0.078511 0.028453 0.165268
v 0.078134 0.064042 0.212976
v 0.078463 0.029003 0.212866
v -0.000065 0.149880 -0.116206
v -0.078793 0.100229 -0.117331
v -0.078793 -0.009263 -0.117196
v -0.000065 -0.049145 -0.116614
v -0.023683 0.135187 -0.116638
v -0.025441 -0.049124 -0.116581
v -0.032702 0.131713 0.362713
v -0.000065 0.160774 0.363945
v -0.087332 -0.008656 0.363129
v -0.086264 0.100132 0.363180
v -0.023698 -0.045322 0.364928
v -0.000065 -0.054691 0.365728
v -0.036926 0.138637 0.363119
v -0.095477 -0.013424 0.363731
v -0.000065 0.151213 0.363432
v -0.094326 0.104684 0.363554
v -0.026104 -0.053622 0.365764
v -0.000065 -0.046396 0.365000
v -0.000065 0.103789 0.141724
v -0.000065 -0.008000 0.143458
v -0.017866 0.093332 0.141214
v -0.012955 -0.007837 0.143466
v -0.047662 0.014325 0.142239
v -0.047080 0.075881 0.140891
v -0.080234 0.095800 0.316547
v -0.025682 -0.041464 0.319302
v -0.025725 -0.042232 0.324106
v -0.000065 -0.044183 0.324599
v -0.080969 0.031098 0.315702
v -0.027417 0.132258 0.316310
v -0.028389 0.132727 0.321119
v -0.084741 0.100438 0.322264
v -0.083650 0.100008 0.317562
v -0.028975 0.125198 0.315337
v -0.085943 -0.006972 0.321122
v -0.084858 -0.006460 0.316251
v -0.027393 -0.033161 0.318228
v -0.081336 -0.001253 0.315280
v -0.000065 0.150017 0.322384
v -0.075131 0.062499 0.256336
v -0.080602 0.063449 0.316124
v -0.077680 0.098500 0.255590
v -0.075469 0.030572 0.256022
v -0.078793 -0.006572 0.254614
v -0.024184 0.125546 0.256057
v -0.027173 -0.035639 0.259482
v -0.025441 -0.044182 0.258519
v -0.022161 0.132640 0.254976
v -0.000065 0.150243 -0.069163
v -0.000065 0.149445 -0.022210
v -0.000065 0.147416 0.024630
v -0.000065 0.145783 0.071556
v -0.000065 0.145614 0.118831
v -0.000065 0.146193 0.166428
v -0.000065 0.146765 0.214160
v -0.077805 0.099081 0.213086
v -0.077946 0.099181 0.164808
v -0.078087 0.098923 0.116516
v -0.078228 0.098867 0.068588
v -0.078369 0.099512 0.021472
v -0.078511 0.100420 -0.024892
v -0.078652 0.100678 -0.071026
v -0.078793 -0.006036 0.212756
v -0.078793 -0.006911 0.165498
v -0.078793 -0.007715 0.118003
v -0.078793 -0.008120 0.070282
v -0.078793 -0.008775 0.022853
v -0.078793 -0.009056 -0.024102
v -0.078793 -0.009162 -0.070699
v -0.000065 -0.043966 0.216924
v -0.000065 -0.045363 0.169815
v -0.000065 -0.046804 0.122584
v -0.000065 -0.047376 0.074767
v -0.000065 -0.048108 0.026596
v -0.000065 -0.048648 -0.021478
v -0.000065 -0.048978 -0.069181
v -0.025441 -0.043873 0.216691
v -0.025441 -0.045292 0.169733
v -0.025441 -0.046766 0.122669
v -0.025441 -0.047388 0.074951
v -0.025441 -0.048166 0.026747
v -0.025441 -0.048703 -0.021403
v -0.025441 -0.049006 -0.069146
v -0.022332 0.132627 0.212791
v -0.022525 0.132114 0.164977
v -0.022718 0.131521 0.117225
v -0.022911 0.131595 0.069812
v -0.023104 0.133098 0.022952
v -0.023297 0.134992 -0.023533
v -0.023490 0.135656 -0.070013
v 0.023998 -0.060320 0.223966
v 0.023998 -0.038121 0.223870
v 0.023998 -0.060421 -0.113184
v 0.023998 -0.038193 -0.113188
v -0.023998 -0.060321 0.223745
v -0.023998 -0.038124 0.223624
v -0.023998 -0.060424 -0.113185
v -0.023998 -0.038196 -0.113189
v 0.023998 -0.060449 -0.070950
v 0.023998 -0.060490 -0.028733
v 0.023998 -0.060549 0.013452
v 0.023998 -0.060628 0.055574
v 0.023998 -0.060710 0.097592
v 0.023998 -0.060740 0.139520
v 0.023998 -0.060606 0.181576
v 0.023998 -0.038390 0.181484
v 0.023998 -0.038515 0.139452
v 0.023998 -0.038483 0.097545
v 0.023998 -0.038400 0.055544
v 0.023998 -0.038322 0.013434
v 0.023998 -0.038262 -0.028744
v 0.023998 -0.038221 -0.070957
v -0.023998 -0.060705 0.181263
v -0.023998 -0.060837 0.139293
v -0.023998 -0.060770 0.097491
v -0.023998 -0.060661 0.055536
v -0.023998 -0.060567 0.013438
v -0.023998 -0.060499 -0.028739
v -0.023998 -0.060454 -0.070953
v -0.023998 -0.038226 -0.070960
v -0.023998 -0.038272 -0.028750
v -0.023998 -0.038339 0.013418
v -0.023998 -0.038433 0.055503
v -0.023998 -0.038541 0.097439
v -0.023998 -0.038608 0.139219
v -0.023998 -0.038480 0.181156
v 0.023998 -0.052920 0.223923
v 0.023998 -0.045521 0.223891
v 0.023998 -0.045602 -0.113187
v 0.023998 -0.053012 -0.113185
v -0.023998 -0.045605 -0.113188
v -0.023998 -0.053015 -0.113186
v -0.023998 -0.045524 0.223648
v -0.023998 -0.052923 0.223689
v -0.023998 -0.045636 -0.070957
v -0.023998 -0.053045 -0.070955
v -0.023998 -0.045681 -0.028747
v -0.023998 -0.053091 -0.028743
v -0.023998 -0.045749 0.013424
v -0.023998 -0.053159 0.013430
v -0.023998 -0.045844 0.055511
v -0.023998 -0.053253 0.055522
v -0.023998 -0.045954 0.097450
v -0.023998 -0.053363 0.097467
v -0.023998 -0.046023 0.139229
v -0.023998 -0.053432 0.139254
v -0.023998 -0.045894 0.181170
v -0.023998 -0.053302 0.181206
v 0.023998 -0.045799 0.181501
v 0.023998 -0.053204 0.181532
v 0.023998 -0.045927 0.139464
v 0.023998 -0.053336 0.139487
v 0.023998 -0.045895 0.097556
v 0.023998 -0.053304 0.097571
v 0.023998 -0.045811 0.055552
v 0.023998 -0.053220 0.055562
v 0.023998 -0.045732 0.013439
v 0.023998 -0.053141 0.013445
v 0.023998 -0.045672 -0.028741
v 0.023998 -0.053081 -0.028737
v 0.023998 -0.045631 -0.070955
v 0.023998 -0.053040 -0.070953
v 0.016335 -0.178576 0.212462
v 0.015725 -0.084055 0.213071
v 0.016368 -0.179285 0.162912
v 0.015963 -0.084000 0.163537
v -0.016078 -0.178405 0.212036
v -0.015628 -0.083947 0.213106
v -0.016103 -0.179091 0.162562
v -0.016302 -0.084141 0.163702
v 0.015875 -0.147090 0.212723
v 0.015754 -0.115728 0.213024
v 0.015501 -0.115951 0.163573
v 0.016132 -0.147404 0.163213
v -0.015316 -0.115457 0.163660
v -0.015784 -0.147341 0.163119
v -0.016109 -0.115695 0.213051
v -0.016670 -0.147106 0.212536
v 0.016365 -0.178885 0.179280
v 0.016353 -0.178579 0.195789
v 0.015770 -0.084011 0.196562
v 0.015874 -0.083980 0.180060
v -0.016073 -0.178262 0.195179
v -0.016082 -0.178565 0.178711
v -0.016045 -0.084033 0.180195
v -0.015765 -0.083966 0.196641
v -0.016002 -0.147073 0.179458
v -0.016401 -0.146980 0.195916
v -0.015570 -0.115571 0.180188
v -0.015931 -0.115645 0.196623
v 0.015960 -0.147032 0.196142
v 0.016059 -0.147160 0.179646
v 0.015803 -0.115646 0.196530
v 0.015736 -0.115693 0.180055
v -0.005265 -0.179101 0.162672
v 0.005553 -0.179162 0.162789
v 0.005178 -0.083950 0.163582
v -0.005571 -0.083990 0.163638
v 0.005535 -0.178226 0.212318
v -0.005259 -0.178113 0.212176
v -0.005133 -0.083996 0.213093
v 0.005258 -0.084032 0.213081
v -0.005867 -0.146970 0.212592
v 0.004990 -0.146965 0.212655
v -0.005480 -0.115681 0.213035
v 0.005111 -0.115690 0.213026
v 0.005493 -0.147248 0.163151
v -0.005091 -0.147219 0.163111
v 0.005183 -0.115356 0.163535
v -0.004909 -0.115080 0.163530
v 0.005210 -0.083938 0.180097
v -0.005405 -0.083954 0.180143
v 0.005240 -0.083985 0.196585
v -0.005224 -0.083970 0.196611
v -0.005250 -0.178553 0.178895
v 0.005558 -0.178660 0.179085
v -0.005248 -0.178118 0.195378
v 0.005552 -0.178247 0.195582
v 0.015845 -0.136630 0.212817
v 0.015805 -0.126175 0.212917
v 0.015541 -0.126440 0.163413
v 0.015902 -0.136865 0.163295
v -0.015169 -0.126035 0.163385
v -0.015437 -0.136714 0.163243
v -0.016265 -0.126163 0.212870
v -0.016454 -0.136633 0.212699
v 0.015862 -0.126095 0.196386
v 0.015919 -0.136559 0.196258
v 0.015780 -0.126177 0.179889
v 0.015936 -0.136650 0.179755
v -0.015500 -0.126032 0.179878
v -0.015702 -0.136553 0.179653
v -0.016001 -0.126077 0.196360
v -0.016169 -0.136525 0.196128
v 0.005256 -0.125941 0.163339
v 0.005433 -0.136587 0.163229
v -0.004775 -0.125723 0.163298
v -0.004890 -0.136503 0.163193
v -0.005583 -0.126104 0.212878
v -0.005713 -0.136534 0.212730
v 0.005089 -0.126107 0.212894
v 0.005048 -0.136533 0.212771
v 0.015742 -0.105164 0.213040
v 0.015730 -0.094608 0.213057
v 0.015933 -0.094534 0.163559
v 0.015810 -0.105177 0.163566
v -0.016218 -0.094602 0.163757
v -0.015842 -0.104979 0.163721
v -0.015800 -0.094532 0.213091
v -0.015955 -0.105114 0.213071
v -0.016024 -0.094552 0.180231
v -0.015826 -0.105042 0.180215
v -0.015863 -0.094528 0.196647
v -0.015902 -0.105084 0.196636
v 0.015775 -0.094543 0.196556
v 0.015789 -0.105085 0.196543
v 0.015860 -0.094503 0.180068
v 0.015821 -0.105071 0.180062
v -0.005259 -0.094556 0.213077
v -0.005370 -0.105116 0.213056
v 0.005201 -0.094581 0.213065
v 0.005155 -0.105132 0.213045
v 0.005180 -0.094359 0.163599
v 0.005217 -0.104778 0.163569
v -0.005521 -0.094352 0.163661
v -0.005259 -0.104632 0.163602
v 0.016264 -0.158041 0.163120
v 0.016327 -0.168672 0.163021
v -0.015958 -0.157961 0.162958
v -0.016058 -0.168538 0.162770
v -0.016470 -0.157538 0.212369
v -0.016275 -0.167971 0.212203
v 0.016185 -0.168083 0.212549
v 0.016033 -0.157587 0.212635
v 0.016102 -0.157552 0.196026
v 0.016230 -0.168069 0.195909
v 0.016193 -0.157743 0.179529
v 0.016286 -0.168320 0.179408
v -0.016074 -0.157588 0.179224
v -0.016099 -0.168083 0.178975
v -0.016302 -0.157410 0.195673
v -0.016196 -0.167838 0.195428
v 0.005531 -0.157928 0.163048
v 0.005540 -0.168563 0.162927
v -0.005187 -0.157902 0.162991
v -0.005245 -0.168520 0.162842
v -0.005662 -0.157352 0.212452
v -0.005461 -0.167733 0.212314
v 0.005175 -0.157387 0.212542
v 0.005355 -0.167808 0.212430
v 0.017119 -0.084307 0.216300
v 0.017119 -0.059941 0.217177
v 0.017119 -0.084166 0.159141
v 0.017119 -0.059889 0.159989
v -0.017119 -0.084300 0.216142
v -0.017119 -0.059940 0.217205
v -0.017119 -0.084126 0.158994
v -0.017119 -0.059882 0.160017
v 0.017119 -0.084200 0.178131
v 0.017119 -0.084252 0.197182
v 0.017119 -0.059922 0.198127
v 0.017119 -0.059904 0.179064
v -0.017119 -0.084230 0.196998
v -0.017119 -0.084165 0.177951
v -0.017119 -0.059898 0.179095
v -0.017119 -0.059919 0.198158
v 0.017119 -0.072197 0.216944
v 0.017119 -0.072089 0.159764
v -0.017119 -0.072065 0.159766
v -0.017119 -0.072193 0.216943
v -0.017119 -0.072096 0.178826
v -0.017119 -0.072143 0.197884
v 0.017119 -0.072156 0.197884
v 0.017119 -0.072117 0.178825
v 0.016088 -0.060456 0.038669
v 0.016088 -0.060532 0.028935
v 0.016087 -0.106179 0.020069
v 0.016087 -0.097487 0.012047
v -0.016088 -0.060384 0.038646
v -0.016088 -0.060440 0.028906
v -0.016087 -0.105966 0.020010
v -0.016087 -0.097224 0.011980
v 0.016088 -0.096307 -0.045969
v 0.016088 -0.105413 -0.049204
v -0.016088 -0.105194 -0.049433
v -0.016088 -0.096058 -0.046223
v 0.016087 -0.090473 0.026414
v 0.016087 -0.074801 0.032762
v 0.016087 -0.071249 0.023634
v 0.016087 -0.084359 0.017842
v -0.016087 -0.074686 0.032736
v -0.016087 -0.090306 0.026372
v -0.016087 -0.084159 0.017794
v -0.016087 -0.071109 0.023603
v -0.016087 -0.105191 -0.005344
v -0.016087 -0.104759 -0.030598
v -0.016087 -0.096162 -0.027968
v -0.016087 -0.096567 -0.008028
v 0.016087 -0.105585 -0.005242
v 0.016087 -0.105237 -0.030480
v 0.016087 -0.096629 -0.027858
v 0.016087 -0.096970 -0.007929
v 0.016088 -0.060495 0.033802
v 0.016087 -0.101829 0.016056
v -0.016087 -0.101591 0.015993
v -0.016088 -0.060413 0.033776
v 0.016088 -0.100854 -0.047593
v -0.016088 -0.100618 -0.047837
v -0.016087 -0.087230 0.022082
v -0.016087 -0.072897 0.028169
v 0.016087 -0.073025 0.028197
v 0.016087 -0.087414 0.022127
v 0.016087 -0.101271 -0.006587
v 0.016087 -0.100926 -0.029171
v -0.016087 -0.100870 -0.006688
v -0.016087 -0.100449 -0.029286
v 0.006964 -0.091307 -0.013610
v 0.006964 -0.064293 -0.049343
v 0.006964 -0.052454 -0.025553
v -0.006964 -0.090870 -0.014146
v -0.006964 -0.063972 -0.049494
v -0.006964 -0.052946 -0.025211
v 0.006964 -0.065163 -0.021403
v -0.006964 -0.074977 -0.032683
v 0.006964 -0.084290 -0.021930
v -0.006964 -0.083806 -0.022351
v 0.006964 -0.074396 -0.018884
v -0.006964 -0.074148 -0.019276
v 0.006964 -0.075784 -0.032272
v -0.006964 -0.065571 -0.021220
v 0.020090 -0.171030 -0.071481
v 0.020090 -0.059193 -0.034742
v 0.020090 -0.150482 -0.134241
v 0.020090 -0.038644 -0.097237
v -0.020090 -0.171477 -0.071883
v -0.020090 -0.059435 -0.034623
v -0.020090 -0.150468 -0.133949
v -0.020090 -0.038849 -0.096744
v 0.020090 -0.156860 -0.112945
v 0.020090 -0.164100 -0.092306
v 0.020090 -0.052448 -0.055505
v 0.020090 -0.045595 -0.076291
v -0.020090 -0.164578 -0.092551
v -0.020090 -0.157189 -0.112914
v -0.020090 -0.045854 -0.075869
v -0.020090 -0.052715 -0.055231
v 0.020090 -0.143484 -0.062065
v 0.020090 -0.115636 -0.052618
v 0.020090 -0.087492 -0.043486
v 0.020090 -0.066754 -0.105291
v 0.020090 -0.094637 -0.113844
v 0.020090 -0.122119 -0.123391
v -0.020090 -0.067154 -0.104298
v -0.020090 -0.095165 -0.112496
v -0.020090 -0.122450 -0.122353
v -0.020090 -0.087893 -0.043337
v -0.020090 -0.116146 -0.052664
v -0.020090 -0.144015 -0.062359
v -0.020090 -0.074346 -0.083663
v -0.020090 -0.102583 -0.092164
v -0.020090 -0.130129 -0.102129
v -0.020090 -0.081232 -0.063504
v -0.020090 -0.109516 -0.072485
v -0.020090 -0.137287 -0.082375
v 0.020090 -0.080755 -0.063983
v 0.020090 -0.108881 -0.072941
v 0.020090 -0.136654 -0.082512
v 0.020090 -0.073846 -0.084494
v 0.020090 -0.101890 -0.093214
v 0.020090 -0.129523 -0.102827
v 0.022301 -0.209309 -0.066300
v 0.023009 -0.174353 -0.056451
v 0.023280 -0.183837 -0.146422
v 0.022904 -0.149324 -0.136187
v -0.023970 -0.209147 -0.066008
v -0.022596 -0.174087 -0.057380
v -0.022967 -0.183844 -0.145306
v -0.022708 -0.149366 -0.136389
v -0.000065 0.132347 -0.161116
v -0.000065 0.129392 -0.302070
v 0.068553 0.090049 -0.160120
v 0.067471 0.088041 -0.300883
v 0.068553 -0.004635 -0.159685
v 0.068553 -0.004742 -0.301935
v -0.000065 -0.039588 -0.160712
v -0.000065 -0.038552 -0.303834
v 0.020521 0.119645 -0.160807
v 0.019041 0.116807 -0.301621
v 0.022053 -0.039508 -0.160537
v 0.022053 -0.038528 -0.303713
v 0.027048 0.135942 -0.361905
v -0.000065 0.166737 -0.362507
v 0.079496 -0.016525 -0.363256
v 0.078471 0.101735 -0.361564
v 0.018404 -0.059224 -0.365383
v -0.000065 -0.067860 -0.365719
v 0.031104 0.143203 -0.362051
v 0.087316 -0.021128 -0.363465
v -0.000065 0.156734 -0.362314
v 0.086211 0.106511 -0.361703
v 0.020713 -0.067727 -0.365764
v -0.000065 -0.059350 -0.365351
v -0.000065 0.092843 -0.230269
v -0.000065 -0.006048 -0.230531
v 0.015450 0.083497 -0.229974
v 0.011170 -0.006047 -0.230417
v 0.041420 0.013574 -0.229691
v 0.040913 0.067991 -0.229588
v -0.000065 0.131238 -0.196304
v -0.000065 0.130130 -0.231478
v -0.000065 0.129415 -0.266707
v 0.067742 0.087739 -0.265415
v 0.068012 0.088224 -0.230164
v 0.068283 0.089154 -0.195093
v 0.068553 -0.005682 -0.266030
v 0.068553 -0.005816 -0.230320
v 0.068553 -0.005337 -0.194880
v -0.000065 -0.039766 -0.267852
v -0.000065 -0.040240 -0.231948
v -0.000065 -0.040080 -0.196227
v 0.022053 -0.039773 -0.267689
v 0.022053 -0.040235 -0.231757
v 0.022053 -0.040036 -0.196032
v 0.019411 0.116737 -0.266250
v 0.019781 0.117428 -0.231041
v 0.020151 0.118545 -0.195919
v 0.068553 0.058554 -0.159583
v 0.068553 0.026968 -0.159423
v 0.068193 0.026111 -0.300941
v 0.067832 0.056998 -0.300609
v -0.000065 0.075109 -0.160074
v -0.000065 0.017730 -0.159846
v 0.021031 0.066691 -0.159805
v 0.021542 0.013560 -0.159665
v 0.086947 0.021410 -0.361976
v 0.086579 0.063820 -0.361407
v 0.079155 0.022884 -0.361875
v 0.078813 0.062188 -0.361329
v -0.000065 0.059815 -0.229798
v -0.000065 0.026861 -0.229865
v 0.014023 0.053601 -0.229613
v 0.012597 0.023758 -0.229755
v 0.041251 0.031700 -0.229445
v 0.041082 0.049839 -0.229414
v 0.068373 0.057679 -0.194518
v 0.068463 0.026164 -0.194432
v 0.068193 0.056835 -0.229628
v 0.068373 0.025488 -0.229665
v 0.068012 0.056505 -0.264992
v 0.068283 0.025385 -0.265180
v -0.098493 -0.009075 -0.114593
v -0.098493 -0.009339 -0.162837
v -0.098493 0.104687 -0.115122
v -0.098493 0.104599 -0.163120
v 0.098493 0.104615 -0.113613
v 0.098493 0.104557 -0.163487
v 0.098493 -0.009094 -0.113822
v 0.098493 -0.009321 -0.164004
v -0.098493 -0.009040 -0.146620
v -0.098493 -0.008970 -0.130883
v -0.098493 0.104782 -0.146937
v -0.098493 0.104912 -0.131186
v 0.098493 0.104652 -0.146916
v 0.098493 0.104683 -0.130291
v 0.098493 -0.009105 -0.147272
v 0.098493 -0.009044 -0.130513
v -0.098493 0.028840 -0.114852
v -0.098493 0.066762 -0.115066
v -0.098493 0.066636 -0.162955
v -0.098493 0.028654 -0.162776
v -0.098493 0.028982 -0.131044
v -0.098493 0.066951 -0.131174
v -0.098493 0.028902 -0.146659
v -0.098493 0.066847 -0.146820
v 0.032831 0.142549 -0.113435
v 0.065662 0.123579 -0.113547
v 0.065662 0.123530 -0.163460
v 0.032831 0.142507 -0.163409
v 0.032831 0.142702 -0.130284
v 0.065662 0.123686 -0.130288
v 0.032831 0.142636 -0.146903
v 0.065662 0.123642 -0.146916
v -0.032831 -0.046969 -0.114272
v -0.065662 -0.028019 -0.114454
v -0.065662 -0.028470 -0.163835
v -0.032831 -0.047631 -0.165131
v -0.032831 -0.046866 -0.130862
v -0.065662 -0.027912 -0.130881
v -0.032831 -0.046964 -0.147673
v -0.065662 -0.027997 -0.147076
v 0.010671 0.135770 0.041910
v 0.010699 0.150910 0.042051
v 0.010666 0.135770 0.023326
v 0.010647 0.150919 0.023637
v -0.016257 0.135774 0.041904
v -0.016169 0.150946 0.042112
v -0.016262 0.135773 0.023333
v -0.016107 0.150978 0.023927
v 0.010667 0.135770 0.029522
v 0.010669 0.135771 0.035716
v 0.010697 0.150911 0.035933
v 0.010679 0.150915 0.029810
v -0.016260 0.135774 0.035714
v -0.016261 0.135774 0.029525
v -0.016082 0.150975 0.030078
v -0.016119 0.150961 0.036097
v 0.010645 0.140823 0.041933
v 0.010617 0.145875 0.042004
v 0.010521 0.145878 0.023597
v 0.010622 0.140822 0.023400
v -0.016326 0.145912 0.024141
v -0.016294 0.140835 0.023478
v -0.016282 0.145931 0.041874
v -0.016277 0.140842 0.041878
v -0.016315 0.145923 0.030188
v -0.016292 0.140840 0.029630
v -0.016298 0.145933 0.035995
v -0.016286 0.140843 0.035748
v 0.010580 0.145877 0.035882
v 0.010634 0.140824 0.035759
v 0.010541 0.145879 0.029760
v 0.010625 0.140823 0.029585
v -0.007906 0.150700 0.044359
v -0.008593 0.160013 0.044553
v -0.007791 0.150643 0.020571
v -0.008662 0.160005 0.020751
v -0.019265 0.150690 0.044214
v -0.018393 0.160010 0.044551
v -0.019189 0.150610 0.020522
v -0.018449 0.159998 0.020847
v -0.009540 0.159991 0.040681
v -0.009500 0.172538 0.040716
v -0.009538 0.159874 0.025168
v -0.009481 0.172373 0.025872
v -0.015747 0.159948 0.040679
v -0.013064 0.172538 0.040701
v -0.015746 0.159871 0.025268
v -0.013044 0.172364 0.025928
v -0.078793 0.063731 -0.117286
v -0.078793 0.027234 -0.117241
v -0.000065 0.083539 -0.116342
v -0.000065 0.017197 -0.116478
v -0.024269 0.073750 -0.116619
v -0.024855 0.012313 -0.116600
v -0.095093 0.025945 0.363672
v -0.094709 0.065314 0.363613
v -0.086976 0.027607 0.363146
v -0.086620 0.063870 0.363163
v -0.000065 0.066526 0.142302
v -0.000065 0.029263 0.142880
v -0.016229 0.059609 0.141964
v -0.014592 0.025886 0.142715
v -0.047468 0.034844 0.141789
v -0.047274 0.055362 0.141340
v -0.084052 0.064518 0.317125
v -0.084455 0.029029 0.316688
v -0.085141 0.064635 0.321883
v -0.085542 0.028831 0.321503
v -0.078051 0.063476 0.255265
v -0.078422 0.028452 0.254939
v -0.075807 -0.001355 0.255707
v -0.074793 0.094426 0.256651
v -0.078699 0.064064 -0.070917
v -0.078746 0.027451 -0.070808
v -0.078605 0.063928 -0.024629
v -0.078699 0.027436 -0.024366
v -0.078511 0.063416 0.021933
v -0.078652 0.027320 0.022393
v -0.078416 0.063205 0.069153
v -0.078605 0.027542 0.069717
v -0.078322 0.063377 0.117011
v -0.078558 0.027831 0.117507
v -0.078228 0.063817 0.165038
v -0.078511 0.028453 0.165268
v -0.078134 0.064042 0.212976
v -0.078463 0.029003 0.212866
v -0.018576 -0.059882 0.049857
v -0.018576 -0.050036 0.054117
v -0.018576 -0.059882 -0.049148
v -0.018576 -0.050036 -0.045124
v 0.018576 -0.059882 0.049857
v 0.018576 -0.050036 0.054117
v 0.018576 -0.059882 -0.049148
v 0.018576 -0.050036 -0.045124
v -0.020067 -0.072293 0.193068
v -0.018839 -0.102817 0.196335
v -0.020067 -0.072243 0.189524
v -0.018832 -0.102600 0.194940
v 0.020067 -0.069667 0.187893
v 0.018794 -0.100243 0.187415
v 0.019247 -0.068605 0.219060
v 0.013407 -0.102187 0.160626
v 0.012906 -0.072325 0.156801
v 0.017140 -0.097255 0.215732
v 0.013210 -0.085353 0.156328
v 0.018625 -0.082919 0.218911
v 0.020038 -0.084636 0.187713
v -0.019551 -0.085904 0.192282
v -0.019610 -0.085822 0.194712
v -0.020024 -0.069800 0.217494
v -0.015964 -0.099921 0.216027
v -0.017096 -0.085289 0.219080
v 0.018784 -0.097110 0.206069
v 0.020067 -0.067595 0.202641
v 0.020067 -0.082405 0.204391
v 0.020067 -0.069090 0.168464
v 0.018894 -0.098972 0.173645
v 0.020067 -0.084191 0.171087
v -0.018802 -0.103670 0.177876
v -0.020067 -0.073320 0.175362
v -0.019025 -0.088594 0.176752
v -0.019327 -0.071618 0.157820
v -0.016931 -0.101765 0.160822
v -0.018457 -0.086791 0.159041
v 0.002068 -0.099974 0.216010
v 0.001241 -0.084998 0.219092
v 0.000412 -0.070618 0.219922
v -0.020067 -0.071037 0.205119
v 0.018883 -0.092768 0.187548
v -0.018796 -0.103183 0.186420
v 0.020067 -0.069415 0.178190
v 0.018825 -0.098735 0.196759
v 0.020067 -0.068075 0.210332
v -0.018811 -0.095149 0.195488
v 0.018946 -0.100678 0.163649
v 0.013315 -0.094725 0.160621
v -0.002525 -0.072469 0.156793
v 0.010716 -0.098605 0.216024
v -0.020067 -0.079831 0.190905
v 0.017939 -0.086748 0.217735
v 0.020067 -0.077407 0.187811
v 0.018866 -0.075795 0.219130
v -0.018833 -0.094945 0.193578
v -0.020067 -0.079956 0.193892
v 0.013069 -0.079967 0.156324
v 0.020067 -0.083755 0.196053
v 0.019020 -0.086423 0.161665
v 0.010001 -0.084104 0.219230
v -0.018912 -0.088000 0.184482
v -0.008872 -0.070240 0.219929
v -0.018830 -0.101352 0.207482
v -0.019490 -0.086030 0.206302
v -0.016218 -0.092401 0.216007
v -0.018613 -0.077427 0.219211
v 0.018786 -0.097171 0.213134
v 0.020067 -0.068636 0.195269
v 0.020067 -0.082653 0.211763
v 0.020067 -0.075017 0.203521
v 0.018701 -0.089795 0.205229
v 0.020006 -0.070597 0.159196
v 0.018874 -0.099620 0.180508
v 0.020059 -0.084417 0.179407
v 0.020067 -0.076679 0.169787
v 0.019071 -0.091648 0.172314
v -0.018783 -0.105091 0.169702
v -0.020067 -0.072794 0.182447
v -0.019130 -0.090064 0.168390
v -0.018954 -0.096039 0.177296
v -0.020067 -0.080981 0.176087
v -0.020067 -0.074883 0.166847
v -0.000871 -0.102479 0.160648
v -0.001669 -0.086359 0.157115
v -0.019710 -0.079203 0.157900
v -0.017214 -0.094287 0.160904
v -0.006995 -0.099950 0.216016
v -0.007934 -0.085086 0.219100
v 0.009292 -0.069632 0.219941
v 0.001654 -0.092643 0.216023
v 0.000823 -0.077941 0.219517
v -0.008399 -0.077706 0.219562
v -0.007466 -0.092525 0.216031
v -0.001287 -0.095022 0.160672
v -0.002101 -0.080039 0.156367
v -0.020067 -0.082501 0.167636
v -0.018997 -0.097570 0.169049
v 0.018980 -0.092201 0.179932
v 0.020067 -0.077073 0.178808
v 0.018677 -0.089908 0.212458
v 0.020067 -0.075377 0.211052
v -0.020067 -0.078641 0.205713
v -0.018760 -0.093800 0.206891
v -0.018902 -0.095534 0.185444
v 0.010360 -0.091369 0.216036
v 0.009643 -0.076898 0.219611
v 0.020067 -0.078222 0.160667
v -0.020067 -0.080417 0.183500
v 0.018935 -0.093245 0.162581
v 0.020067 -0.076218 0.195668
v 0.018783 -0.091282 0.196385
v 0.017592 -0.101061 0.161180
v 0.017162 -0.087114 0.159305
v 0.016603 -0.070950 0.156837
v 0.016865 -0.078458 0.156404
v 0.017111 -0.093615 0.160854
v -0.025346 -0.063401 0.103802
v -0.026361 -0.062565 0.149698
v -0.018110 -0.063720 0.103835
v -0.024373 -0.063728 0.149660
v -0.000423 0.148585 0.106009
v 0.000878 0.148851 0.152002
v -0.075873 0.103651 0.115579
v 0.081012 0.088594 0.153013
v 0.081125 0.089663 0.106595
v -0.072109 0.106031 0.160105
v 0.081072 0.089447 0.129811
v -0.074003 0.104825 0.137854
v -0.000077 0.148685 0.129018
v -0.021444 -0.063761 0.126727
v -0.025733 -0.063199 0.126727
v -0.068418 -0.019022 0.111901
v -0.066862 -0.019290 0.156891
v -0.067665 -0.019093 0.134287
v -0.044753 0.122238 0.155253
v -0.045812 0.121374 0.109718
v -0.045282 0.121713 0.132517
v 0.051354 0.118126 0.105943
v 0.047703 0.120454 0.152174
v 0.049507 0.119214 0.129093
v 0.025791 -0.063144 0.149502
v 0.025096 -0.063514 0.103217
v 0.025352 -0.063434 0.126356
v 0.080759 -0.010040 0.102863
v 0.081722 -0.007506 0.149823
v 0.081321 -0.009089 0.126309
v -0.081340 0.045816 0.154406
v -0.081387 0.043754 0.132090
v -0.081428 0.041683 0.109746
v -0.043558 -0.037274 0.107607
v 0.000299 0.148816 0.140502
v 0.003717 -0.063711 0.149582
v 0.016853 0.138683 0.106170
v -0.024547 0.134210 0.151901
v -0.026016 -0.062983 0.138211
v 0.071972 0.106071 0.151835
v 0.081042 0.089040 0.141411
v 0.081513 0.028706 0.104183
v -0.081055 0.081766 0.157013
v -0.019776 -0.063741 0.115283
v -0.073075 0.105411 0.148945
v -0.000280 0.148558 0.117490
v -0.074935 0.104236 0.126762
v -0.022972 -0.063781 0.138199
v -0.025514 -0.063326 0.115265
v 0.081094 0.089583 0.118218
v -0.026652 0.132733 0.129286
v 0.073195 0.105268 0.128791
v -0.081124 0.080265 0.134670
v 0.004175 -0.063735 0.126537
v -0.081692 0.000789 0.110316
v -0.043185 -0.036431 0.153232
v -0.043416 -0.036983 0.130199
v -0.067264 -0.019191 0.145588
v -0.067983 -0.019167 0.122741
v -0.028085 0.131825 0.106298
v -0.045536 0.121523 0.121168
v -0.044990 0.121984 0.143925
v 0.074472 0.104493 0.105657
v 0.019956 0.137061 0.152825
v 0.018688 0.137617 0.129449
v 0.050413 0.118639 0.117592
v 0.048549 0.119836 0.140703
v 0.058850 -0.025191 0.149421
v 0.005301 -0.063704 0.103526
v 0.056712 -0.027351 0.125857
v 0.025583 -0.063319 0.137945
v 0.025225 -0.063478 0.114784
v 0.055159 -0.028814 0.102943
v 0.081443 0.032751 0.150807
v 0.081476 0.030866 0.127495
v 0.081036 -0.009656 0.114604
v 0.081576 -0.008346 0.138067
v -0.081646 0.006112 0.155339
v -0.081668 0.003442 0.132824
v -0.081181 0.078766 0.112306
v -0.081369 0.044769 0.143237
v -0.081404 0.042718 0.120932
v -0.081676 0.002116 0.121579
v -0.081661 0.004783 0.144086
v 0.081459 0.031807 0.139150
v 0.081496 0.029774 0.115821
v 0.055977 -0.028116 0.114589
v 0.057674 -0.026278 0.137522
v 0.019427 0.137273 0.141126
v 0.017792 0.138059 0.117818
v -0.043546 -0.037185 0.119078
v -0.043302 -0.036706 0.141715
v 0.003945 -0.063743 0.138068
v -0.081094 0.081005 0.145836
v -0.081150 0.079514 0.123497
v 0.073835 0.104850 0.117251
v 0.004736 -0.063721 0.115033
v 0.072584 0.105669 0.140315
v -0.027476 0.132143 0.117825
v -0.025676 0.133427 0.140612
v -0.026907 -0.061257 0.105781
v 0.000117 0.148755 0.134760
v -0.010399 -0.063725 0.149621
v 0.007257 0.144655 0.106093
v -0.012036 0.142000 0.151957
v -0.026179 -0.062804 0.143947
v 0.081057 0.089244 0.135611
v 0.081321 0.059174 0.105389
v -0.080906 0.099334 0.158507
v -0.018943 -0.063730 0.109559
v -0.073539 0.105118 0.143400
v -0.000357 0.148572 0.111750
v -0.075403 0.103940 0.121214
v -0.022208 -0.063771 0.132463
v -0.025616 -0.063271 0.120996
v 0.081109 0.089623 0.112397
v -0.012870 0.141229 0.129144
v -0.080983 0.098226 0.136236
v -0.008644 -0.063744 0.126631
v -0.080871 -0.009864 0.111123
v -0.055075 -0.027814 0.155149
v -0.055452 -0.028080 0.132121
v -0.067465 -0.019142 0.139938
v -0.068232 -0.019111 0.117534
v -0.036949 0.126599 0.108008
v -0.045667 0.121437 0.115396
v -0.045108 0.121856 0.138259
v 0.062931 0.111310 0.105779
v 0.033893 0.128663 0.152501
v 0.034095 0.128311 0.129336
v 0.050882 0.118381 0.111694
v 0.049067 0.119494 0.134832
v 0.039003 -0.039633 0.149091
v 0.017009 -0.063718 0.103371
v 0.037316 -0.041601 0.125847
v 0.025470 -0.063379 0.132150
v 0.025160 -0.063497 0.109000
v 0.068393 -0.019118 0.102900
v 0.081601 0.012186 0.150318
v 0.081632 0.008805 0.126946
v 0.080894 -0.009861 0.108733
v 0.081458 -0.008733 0.132188
v -0.081487 0.025964 0.154882
v -0.081526 0.023574 0.132452
v -0.081303 0.060225 0.111033
v -0.081378 0.044276 0.137674
v -0.081414 0.042200 0.115327
v -0.055988 -0.028148 0.109754
v 0.000543 0.148856 0.146252
v 0.017822 -0.063740 0.149543
v 0.034146 0.128257 0.106054
v -0.034650 0.128224 0.153577
v -0.060843 0.112512 0.112648
v -0.025864 -0.063107 0.132469
v 0.059802 0.113263 0.152046
v 0.081027 0.088817 0.147212
v 0.081668 0.005228 0.103555
v -0.081194 0.063811 0.155714
v -0.020610 -0.063751 0.121005
v -0.072613 0.105704 0.154489
v -0.000189 0.148613 0.123280
v -0.074469 0.104531 0.132308
v -0.023735 -0.063769 0.143927
v -0.025425 -0.063368 0.109533
v 0.081083 0.089527 0.124023
v -0.035939 0.127231 0.130939
v 0.061351 0.112241 0.128942
v -0.081250 0.061986 0.133369
v 0.016978 -0.063755 0.126448
v -0.081556 0.021236 0.110044
v -0.026945 -0.056553 0.151659
v -0.026945 -0.060264 0.128697
v -0.067063 -0.019240 0.151239
v -0.067735 -0.019172 0.128392
v -0.058431 0.114134 0.157679
v -0.013350 0.140862 0.106159
v -0.059643 0.113269 0.135186
v -0.045409 0.121618 0.126842
v -0.044871 0.122111 0.149589
v 0.010452 0.142998 0.152423
v 0.008967 0.143656 0.129226
v 0.049960 0.118927 0.123342
v 0.048126 0.120145 0.146439
v 0.072703 -0.015203 0.149602
v -0.006409 -0.063705 0.103680
v 0.070309 -0.017356 0.126026
v 0.025690 -0.063236 0.143704
v 0.025288 -0.063457 0.120570
v 0.036112 -0.042819 0.102930
v 0.081226 0.060661 0.151911
v 0.081274 0.060145 0.128653
v 0.081181 -0.009402 0.120431
v 0.081666 -0.007934 0.143945
v -0.080588 -0.009408 0.156167
v -0.080777 -0.009631 0.133586
v -0.081055 0.096931 0.113963
v -0.081355 0.045292 0.148822
v -0.081395 0.043236 0.126511
v -0.081542 0.022417 0.121267
v -0.080835 -0.009768 0.122315
v -0.081682 0.001452 0.115940
v -0.081672 0.002779 0.127202
v -0.081507 0.024769 0.143667
v -0.080703 -0.009505 0.144876
v -0.081665 0.004112 0.138455
v -0.081656 0.005440 0.149707
v 0.081622 0.010502 0.138638
v 0.081250 0.060412 0.140281
v 0.081468 0.031337 0.133323
v 0.081451 0.032279 0.144978
v 0.081646 0.007015 0.115243
v 0.081295 0.059678 0.117019
v 0.081505 0.029251 0.110010
v 0.081485 0.030320 0.121666
v 0.036758 -0.042197 0.114612
v 0.069396 -0.018283 0.114591
v 0.055568 -0.028465 0.108766
v 0.056372 -0.027778 0.120171
v 0.038159 -0.040617 0.137467
v 0.071551 -0.016232 0.137894
v 0.057193 -0.026814 0.131689
v 0.058327 -0.025666 0.143588
v 0.034047 0.128456 0.140916
v 0.009752 0.143295 0.140821
v 0.019058 0.137445 0.135288
v 0.019692 0.137167 0.146975
v 0.034154 0.128211 0.117680
v 0.008104 0.144087 0.117602
v 0.017319 0.138372 0.111939
v 0.018240 0.137838 0.123634
v -0.059043 0.113663 0.146399
v -0.060236 0.112879 0.123965
v -0.055769 -0.028204 0.120718
v -0.026938 -0.061007 0.117239
v -0.043552 -0.037230 0.113343
v -0.043485 -0.037112 0.124447
v -0.055303 -0.027843 0.143749
v -0.026945 -0.058410 0.140176
v -0.043359 -0.036844 0.135957
v -0.043243 -0.036569 0.147474
v -0.009522 -0.063754 0.138133
v 0.017402 -0.063770 0.138002
v 0.004060 -0.063739 0.132302
v 0.003831 -0.063730 0.143816
v -0.080946 0.098885 0.147372
v -0.081222 0.062887 0.144542
v -0.081111 0.080642 0.140259
v -0.081075 0.081386 0.151425
v -0.081021 0.097571 0.125101
v -0.081279 0.061091 0.122203
v -0.081164 0.079140 0.117909
v -0.081137 0.079889 0.129084
v 0.062124 0.111744 0.117421
v 0.074143 0.104685 0.111427
v 0.073515 0.105059 0.123021
v -0.007525 -0.063725 0.115158
v 0.016993 -0.063737 0.114908
v 0.005019 -0.063713 0.109280
v 0.004454 -0.063730 0.120787
v 0.060606 0.112721 0.140443
v 0.072889 0.105469 0.134553
v 0.072278 0.105870 0.146075
v -0.013131 0.140958 0.117610
v -0.036506 0.126833 0.119496
v -0.027779 0.131982 0.112009
v -0.027033 0.132450 0.123599
v -0.012494 0.141576 0.140551
v -0.035333 0.127705 0.142268
v -0.026164 0.133080 0.134949
v -0.025112 0.133819 0.146256
v 0.080704 0.100247 0.152421
v 0.080769 0.100129 0.129296
v 0.080874 0.099955 0.106131
v 0.080819 0.100027 0.117721
v 0.080736 0.100190 0.140859
v -0.059343 0.113466 0.140792
v 0.080752 0.100159 0.135078
v -0.034991 0.127965 0.147923
v -0.035636 0.127468 0.136604
v -0.012682 0.141403 0.134847
v -0.036243 0.127008 0.125178
v -0.036723 0.126709 0.113703
v -0.013240 0.140910 0.111884
v 0.060233 0.112962 0.146190
v 0.060978 0.112481 0.134692
v 0.080846 0.099989 0.111919
v 0.016985 -0.063746 0.120678
v 0.017001 -0.063727 0.109140
v -0.006967 -0.063715 0.109419
v 0.061737 0.111993 0.123182
v 0.062526 0.111526 0.111540
v 0.080794 0.100078 0.123509
v -0.081264 0.061538 0.127786
v -0.081289 0.060670 0.116618
v -0.081039 0.097246 0.119532
v -0.081208 0.063339 0.150128
v -0.081236 0.062436 0.138956
v -0.080965 0.098555 0.141804
v 0.017612 -0.063758 0.143761
v 0.017188 -0.063765 0.132228
v -0.009083 -0.063749 0.132382
v -0.026945 -0.057481 0.145917
v -0.026945 -0.059337 0.134437
v -0.055308 -0.028007 0.137830
v -0.026945 -0.060871 0.122968
v -0.026925 -0.061135 0.111510
v -0.055892 -0.028170 0.115438
v -0.059939 0.113074 0.129575
v -0.058713 0.113911 0.152075
v 0.008535 0.143867 0.123447
v 0.007680 0.144371 0.111848
v 0.034149 0.128233 0.111815
v 0.010102 0.143146 0.146622
v 0.009349 0.143476 0.135029
v 0.034071 0.128384 0.135126
v 0.072127 -0.015717 0.143748
v 0.070974 -0.016746 0.132041
v 0.037737 -0.041109 0.131657
v 0.069871 -0.017861 0.120170
v 0.068895 -0.018700 0.108746
v 0.036410 -0.042524 0.108734
v 0.081287 0.059901 0.122837
v 0.081308 0.059426 0.111204
v 0.081657 0.006121 0.109399
v 0.081238 0.060537 0.146096
v 0.081262 0.060279 0.134467
v 0.081627 0.009653 0.132792
v -0.080652 -0.009452 0.150521
v -0.080744 -0.009566 0.139231
v -0.081517 0.024172 0.138059
v -0.080808 -0.009698 0.127951
v -0.080856 -0.009831 0.116753
v -0.081547 0.021827 0.115646
v -0.081536 0.022983 0.126850
v -0.081497 0.025366 0.149275
v 0.081613 0.011336 0.144472
v 0.081638 0.007910 0.121100
v 0.037069 -0.041920 0.120417
v 0.038581 -0.040125 0.143279
v 0.033970 0.128560 0.146708
v 0.034148 0.128235 0.123463
v -0.060533 0.112684 0.118353
v -0.055610 -0.028142 0.126419
v -0.055189 -0.027828 0.149449
v -0.009961 -0.063742 0.143872
v -0.080928 0.099171 0.152939
v -0.081002 0.097899 0.130668
v 0.080720 0.100218 0.146640
v -0.008084 -0.063735 0.120896
v -0.013002 0.141091 0.123430
v -0.012255 0.141794 0.146261
v 0.022726 -0.044712 -0.310217
v 0.023461 -0.042095 -0.275465
v -0.017136 -0.038096 -0.309732
v -0.023354 -0.042068 -0.277870
v -0.000181 0.145615 -0.322721
v 0.000105 0.132353 -0.280842
v -0.062078 0.102823 -0.315392
v 0.070215 0.089286 -0.279194
v 0.074897 0.094179 -0.315951
v -0.055788 0.098389 -0.275761
v 0.070066 0.089475 -0.293916
v -0.057670 0.097315 -0.289792
v -0.000087 0.138839 -0.311752
v -0.020241 -0.041835 -0.293429
v 0.023071 -0.041761 -0.290246
v -0.032032 -0.040570 -0.314795
v -0.030001 -0.037126 -0.281239
v -0.029489 -0.036970 -0.296637
v -0.030489 0.113533 -0.278522
v -0.036555 0.120565 -0.320092
v -0.033044 0.115983 -0.308104
v 0.042429 0.119472 -0.324331
v 0.032918 0.112081 -0.280638
v 0.037934 0.115997 -0.313300
v 0.024771 -0.041054 -0.278737
v 0.023393 -0.044512 -0.310483
v 0.023503 -0.041452 -0.293388
v 0.074585 0.001328 -0.311569
v 0.071359 0.010973 -0.279767
v 0.071391 0.006108 -0.294521
v -0.070853 0.061545 -0.277907
v -0.070802 0.059350 -0.292010
v -0.075003 0.057215 -0.313823
v 0.009837 -0.046339 -0.313428
v 0.000069 0.132349 -0.288189
v 0.003224 -0.042343 -0.278896
v 0.009335 0.138403 -0.320057
v -0.010730 0.125835 -0.280820
v 0.023256 -0.041941 -0.282857
v 0.055322 0.098688 -0.280673
v 0.070139 0.089382 -0.286556
v 0.075465 0.045051 -0.314989
v -0.070362 0.089003 -0.276892
v -0.018688 -0.041567 -0.301259
v -0.056728 0.097852 -0.282776
v -0.000129 0.142228 -0.317237
v -0.061445 0.100875 -0.310853
v -0.021667 -0.042102 -0.285653
v 0.022905 -0.041562 -0.297622
v 0.072993 0.092404 -0.309887
v -0.015719 0.128768 -0.311121
v 0.059272 0.101721 -0.310081
v -0.070381 0.088768 -0.290995
v 0.030234 -0.036571 -0.292347
v -0.074179 0.019188 -0.310350
v 0.012185 -0.042388 -0.277573
v 0.010948 -0.041891 -0.292167
v -0.029748 -0.037046 -0.288939
v -0.030453 -0.038315 -0.307558
v -0.018429 0.133444 -0.322304
v -0.034800 0.118273 -0.314098
v -0.030796 0.113320 -0.285704
v 0.061746 0.105718 -0.320660
v 0.006265 0.128766 -0.280357
v 0.007739 0.132557 -0.308933
v 0.040180 0.117734 -0.318813
v 0.033795 0.111529 -0.287883
v 0.061453 -0.014150 -0.279188
v 0.004706 -0.043964 -0.308397
v 0.059027 -0.015530 -0.293872
v 0.023785 -0.041524 -0.286074
v 0.023335 -0.041288 -0.300697
v 0.059483 -0.019648 -0.311476
v 0.070979 0.049237 -0.278624
v 0.070925 0.047230 -0.294435
v 0.072514 0.003769 -0.304842
v 0.071379 0.008521 -0.287130
v -0.071215 0.024481 -0.276790
v -0.071215 0.021721 -0.291009
v -0.073488 0.091320 -0.310406
v -0.070828 0.060447 -0.284958
v -0.072898 0.058224 -0.307048
v -0.072052 0.020536 -0.303433
v -0.071215 0.023101 -0.283900
v 0.070952 0.048232 -0.286530
v 0.073253 0.046174 -0.307867
v 0.058826 -0.016888 -0.304789
v 0.060240 -0.014840 -0.286531
v 0.005889 0.129009 -0.287768
v 0.008594 0.135460 -0.314523
v 0.010412 -0.043288 -0.306943
v 0.011561 -0.042142 -0.284878
v 0.003437 -0.042097 -0.286175
v -0.070380 0.088879 -0.283943
v -0.071550 0.089841 -0.304254
v 0.059953 0.103947 -0.314833
v 0.004174 -0.041603 -0.300756
v 0.055976 0.098324 -0.287962
v -0.016180 0.131470 -0.316069
v -0.011651 0.125213 -0.288101
v 0.016156 -0.046161 -0.313029
v -0.000068 0.132346 -0.291859
v -0.009934 -0.042380 -0.277825
v 0.001122 0.144489 -0.321267
v -0.001227 0.132115 -0.280768
v 0.023357 -0.042021 -0.279161
v 0.070103 0.089429 -0.290236
v 0.075137 0.073411 -0.314857
v -0.067164 0.091567 -0.276376
v -0.017908 -0.042037 -0.304259
v -0.057199 0.097584 -0.286284
v -0.000153 0.143922 -0.319979
v -0.061235 0.102001 -0.312673
v -0.020954 -0.041969 -0.289541
v 0.022986 -0.041664 -0.293934
v 0.073944 0.093294 -0.312918
v -0.001401 0.137788 -0.310659
v -0.069100 0.090460 -0.290454
v 0.023233 -0.041620 -0.292446
v -0.066355 -0.013863 -0.309572
v -0.013658 -0.042232 -0.282191
v -0.015211 -0.041731 -0.296628
v -0.029618 -0.037008 -0.292788
v -0.031288 -0.039401 -0.311114
v -0.028604 0.125961 -0.321432
v -0.035677 0.119419 -0.317095
v -0.030950 0.113213 -0.289296
v 0.052914 0.112591 -0.322991
v 0.018717 0.120638 -0.280432
v 0.019954 0.125447 -0.310596
v 0.041304 0.118603 -0.321572
v 0.036820 0.115116 -0.310531
v 0.043088 -0.027595 -0.278940
v 0.015629 -0.044442 -0.309378
v 0.040872 -0.028745 -0.293667
v 0.023646 -0.041493 -0.289731
v 0.023321 -0.043135 -0.307375
v 0.071527 -0.010326 -0.309832
v 0.071158 0.030137 -0.278673
v 0.071150 0.026716 -0.294506
v 0.073550 0.002549 -0.308205
v 0.071385 0.007315 -0.290825
v -0.071048 0.043033 -0.277379
v -0.071018 0.040495 -0.291488
v -0.074257 0.074405 -0.312086
v -0.070815 0.059898 -0.288484
v -0.073949 0.057750 -0.310432
v -0.016779 -0.047581 -0.316045
v 0.000087 0.132351 -0.284516
v 0.016376 -0.042344 -0.278838
v 0.023390 0.129555 -0.321988
v -0.019894 0.119875 -0.279663
v -0.050188 0.111668 -0.318442
v 0.023162 -0.041854 -0.286552
v 0.044046 0.105453 -0.280815
v 0.070177 0.089334 -0.282875
v 0.075214 0.023239 -0.313744
v -0.070709 0.078273 -0.277344
v -0.019464 -0.041701 -0.297344
v -0.056258 0.098121 -0.279268
v -0.000107 0.140534 -0.314494
v -0.060290 0.099980 -0.308015
v -0.022456 -0.042208 -0.281766
v 0.022775 -0.043218 -0.307030
v 0.072044 0.091508 -0.306851
v -0.024643 0.121539 -0.309254
v 0.048603 0.108859 -0.311690
v -0.070626 0.076338 -0.291449
v 0.015589 -0.041841 -0.293426
v -0.074627 0.038147 -0.312093
v 0.018386 -0.042393 -0.277353
v 0.017204 -0.041888 -0.292019
v -0.029875 -0.037086 -0.285089
v -0.029399 -0.036912 -0.300537
v -0.043085 0.106016 -0.277420
v -0.004800 0.142711 -0.322302
v -0.044457 0.105181 -0.291377
v -0.033922 0.117128 -0.311101
v -0.030643 0.113426 -0.282113
v 0.001053 0.132183 -0.280506
v 0.001007 0.137970 -0.310639
v 0.039057 0.116865 -0.316057
v 0.033356 0.111805 -0.284261
v 0.071492 -0.004307 -0.279549
v -0.006212 -0.043501 -0.307409
v 0.070961 -0.006643 -0.294261
v 0.024261 -0.041301 -0.282406
v 0.023419 -0.041372 -0.297043
v 0.041402 -0.032211 -0.310978
v 0.070732 0.075371 -0.278334
v 0.070626 0.074577 -0.294078
v 0.071396 0.004885 -0.298215
v 0.071371 0.009764 -0.283462
v -0.070276 -0.007783 -0.277170
v -0.067312 -0.009538 -0.292521
v -0.072903 0.094048 -0.312240
v -0.070840 0.060996 -0.281433
v -0.070789 0.058805 -0.295532
v -0.072499 0.039354 -0.305247
v -0.065854 -0.010397 -0.300194
v -0.073115 0.019862 -0.306891
v -0.071215 0.021038 -0.294559
v -0.071038 0.041735 -0.284410
v -0.068794 -0.008660 -0.284847
v -0.071215 0.022411 -0.287454
v -0.071215 0.023791 -0.280345
v 0.071154 0.028425 -0.286590
v 0.070681 0.074951 -0.286179
v 0.070938 0.047731 -0.290483
v 0.070965 0.048735 -0.282577
v 0.073006 0.025029 -0.306568
v 0.072917 0.073972 -0.307778
v 0.074359 0.045613 -0.311428
v 0.072146 0.046737 -0.304304
v 0.040605 -0.029633 -0.304462
v 0.070881 -0.007471 -0.302971
v 0.059155 -0.018268 -0.308133
v 0.058548 -0.015782 -0.297538
v 0.041958 -0.028172 -0.286276
v 0.071435 -0.005758 -0.286913
v 0.059633 -0.015185 -0.290202
v 0.060846 -0.014495 -0.282860
v 0.018962 0.120443 -0.287761
v 0.001017 0.132191 -0.287876
v 0.005606 0.129193 -0.291467
v 0.006077 0.128887 -0.284063
v 0.021699 0.127489 -0.316306
v 0.001061 0.141235 -0.315957
v 0.008964 0.136931 -0.317290
v 0.008167 0.134009 -0.311728
v -0.043843 0.105576 -0.284276
v -0.048154 0.109628 -0.312605
v -0.016014 -0.044520 -0.309542
v 0.016699 -0.043133 -0.306592
v 0.010125 -0.044814 -0.310185
v 0.010659 -0.041765 -0.295812
v -0.014445 -0.041982 -0.289410
v 0.017776 -0.042141 -0.284688
v 0.011245 -0.042016 -0.288517
v 0.011873 -0.042265 -0.281226
v -0.009115 -0.042097 -0.286213
v 0.015983 -0.042093 -0.286133
v 0.030273 -0.036669 -0.288706
v 0.003330 -0.042220 -0.282535
v -0.068263 0.090935 -0.283416
v -0.070667 0.077305 -0.284396
v -0.070382 0.088822 -0.287469
v -0.070373 0.088940 -0.280418
v -0.070958 0.092283 -0.306223
v -0.072125 0.075336 -0.305308
v -0.072524 0.090586 -0.307327
v -0.070376 0.088718 -0.294519
v 0.050759 0.110724 -0.317339
v 0.060707 0.104868 -0.317630
v 0.060304 0.102718 -0.312973
v -0.007253 -0.041598 -0.300779
v 0.015604 -0.041589 -0.300731
v 0.004445 -0.042596 -0.305490
v 0.003914 -0.041729 -0.297106
v 0.044959 0.104898 -0.287796
v 0.056302 0.098143 -0.291607
v 0.055649 0.098506 -0.284317
v -0.001592 0.140977 -0.316022
v -0.026678 0.123722 -0.315349
v -0.017305 0.132457 -0.319187
v -0.016289 0.130037 -0.313770
v -0.001296 0.132079 -0.288023
v -0.021799 0.118660 -0.286848
v -0.012122 0.124901 -0.291695
v -0.011113 0.125570 -0.284520
v 0.068330 0.090881 -0.280002
v 0.068798 0.093457 -0.305718
v 0.071994 0.097530 -0.317909
v 0.070393 0.095497 -0.311815
v 0.068449 0.090839 -0.287326
v -0.044150 0.105378 -0.287827
v 0.068513 0.090815 -0.290987
v -0.021437 0.118890 -0.283262
v -0.022125 0.118451 -0.290440
v -0.001326 0.132063 -0.291655
v -0.025660 0.122630 -0.312301
v -0.027641 0.124842 -0.318390
v -0.003750 0.141557 -0.319339
v 0.044583 0.105137 -0.284162
v 0.047533 0.107910 -0.308846
v 0.071193 0.096514 -0.314862
v 0.015597 -0.041715 -0.297079
v 0.015624 -0.043036 -0.306390
v -0.006735 -0.042172 -0.304582
v 0.049681 0.109791 -0.314515
v 0.051837 0.111658 -0.320165
v 0.069595 0.094477 -0.308767
v -0.070605 0.075858 -0.294973
v -0.073191 0.074871 -0.308697
v -0.071934 0.093163 -0.309231
v -0.070688 0.077789 -0.280870
v -0.070647 0.076822 -0.287922
v -0.068814 0.090618 -0.286937
v 0.016179 -0.042219 -0.282486
v 0.015786 -0.041967 -0.289780
v 0.023149 -0.041781 -0.288812
v 0.018081 -0.042267 -0.281020
v 0.017490 -0.042014 -0.288353
v -0.014828 -0.041856 -0.293019
v 0.016930 -0.041762 -0.295680
v 0.016427 -0.044647 -0.309811
v -0.016397 -0.046051 -0.312793
v -0.047137 0.108607 -0.309687
v -0.043403 0.105839 -0.280970
v 0.001032 0.139603 -0.313298
v 0.001089 0.142862 -0.318611
v 0.022544 0.128522 -0.319147
v 0.001035 0.132187 -0.284191
v 0.000994 0.132196 -0.291557
v 0.019037 0.120376 -0.291424
v 0.071501 -0.005242 -0.283236
v 0.071242 -0.006247 -0.290588
v 0.041423 -0.028440 -0.289998
v 0.070681 -0.006888 -0.297928
v 0.071262 -0.008856 -0.306395
v 0.041004 -0.030922 -0.307720
v 0.071807 0.074246 -0.304238
v 0.074027 0.073692 -0.311318
v 0.074110 0.024134 -0.310156
v 0.070709 0.075129 -0.282229
v 0.070654 0.074764 -0.290129
v 0.071152 0.027570 -0.290548
v -0.069535 -0.008221 -0.281008
v -0.068053 -0.009099 -0.288684
v -0.071028 0.041115 -0.287949
v -0.066583 -0.009968 -0.296358
v -0.066253 -0.012269 -0.306117
v -0.073563 0.038751 -0.308670
v -0.071008 0.039880 -0.295023
v -0.071045 0.042414 -0.280920
v 0.071156 0.029281 -0.282631
v 0.071902 0.025898 -0.302977
v 0.040484 -0.028931 -0.297331
v 0.042523 -0.027883 -0.282608
v 0.018839 0.120540 -0.284097
v 0.020826 0.126468 -0.313451
v -0.049171 0.110648 -0.315523
v -0.015630 -0.042990 -0.306291
v -0.014052 -0.042107 -0.285801
v -0.009524 -0.042248 -0.281721
v -0.067713 0.091251 -0.279896
v -0.069138 0.090449 -0.293968
v 0.068389 0.090860 -0.283664
v -0.007773 -0.041723 -0.297128
v -0.001494 0.139386 -0.313338
v -0.001262 0.132097 -0.284396
v -0.022431 -0.042225 -0.281368
v -0.022783 -0.041624 -0.296805
v -0.022909 -0.043537 -0.307820
v -0.022651 -0.041922 -0.289087
v -0.023228 -0.046601 -0.314827
v -0.022724 -0.041772 -0.292946
v -0.023056 -0.045085 -0.311316
v -0.022833 -0.041478 -0.300658
v -0.022555 -0.042073 -0.285228
v -0.071394 0.006859 -0.276395
v -0.071423 0.003892 -0.291699
v -0.071423 0.002432 -0.299354
v -0.071409 0.005387 -0.284057
v -0.073752 0.001058 -0.308855
v -0.071402 0.006123 -0.280226
v -0.071416 0.004651 -0.287888
v -0.071423 0.003162 -0.295526
v -0.072664 0.001785 -0.305317
v -0.049185 -0.027297 -0.312216
v -0.050110 -0.022430 -0.279191
v -0.048408 -0.023237 -0.294604
v -0.048302 -0.024495 -0.305110
v -0.049261 -0.022818 -0.286910
v -0.049685 -0.022610 -0.283063
v -0.048835 -0.023027 -0.290757
v -0.047991 -0.023440 -0.298448
v -0.048743 -0.025896 -0.308663
v 0.079754 0.011841 -0.076428
v 0.069464 0.018862 -0.203614
v 0.079715 0.046959 -0.076442
v 0.069325 0.054668 -0.203610
v 0.099293 0.018866 -0.164446
v 0.079135 0.018857 -0.165126
v 0.079132 0.054663 -0.164963
v 0.099266 0.054671 -0.164320
v 0.099475 0.051789 -0.113673
v 0.079739 0.047575 -0.088673
v 0.079765 0.013014 -0.088851
v 0.099471 0.016011 -0.113686
v 0.079734 0.029744 -0.076428
v 0.069483 0.018864 -0.188460
v 0.069391 0.036769 -0.203614
v 0.079725 0.047187 -0.081595
v 0.099475 0.018791 -0.140048
v 0.089844 0.018864 -0.164978
v 0.069396 0.054671 -0.188456
v 0.089842 0.054671 -0.164815
v 0.099279 0.036770 -0.164384
v 0.079134 0.036760 -0.165045
v 0.099475 0.054595 -0.140048
v 0.090099 0.051455 -0.112720
v 0.079759 0.012292 -0.081620
v 0.090028 0.015671 -0.112782
v 0.079747 0.030918 -0.088851
v 0.099472 0.033915 -0.113667
v 0.090043 0.033578 -0.112753
v 0.079739 0.030195 -0.081620
v 0.089843 0.036768 -0.164897
v 0.099475 0.036694 -0.140048
v 0.069447 0.036768 -0.188456
v 0.079743 0.020792 -0.076428
v 0.069467 0.018865 -0.197109
v 0.069366 0.045720 -0.203614
v 0.079719 0.047080 -0.078821
v 0.099475 0.018825 -0.152766
v 0.084454 0.018862 -0.165052
v 0.069454 0.054661 -0.177308
v 0.095290 0.054671 -0.164740
v 0.099272 0.045721 -0.164352
v 0.079133 0.045712 -0.165004
v 0.099475 0.055025 -0.127013
v 0.079751 0.048530 -0.095454
v 0.079762 0.012564 -0.085084
v 0.095336 0.015361 -0.112791
v 0.079747 0.039870 -0.088851
v 0.099473 0.042867 -0.113657
v 0.079725 0.038696 -0.076428
v 0.069512 0.018854 -0.177322
v 0.069417 0.027817 -0.203614
v 0.079731 0.047308 -0.084992
v 0.099475 0.019226 -0.127028
v 0.095292 0.018865 -0.164903
v 0.069357 0.054672 -0.197106
v 0.084452 0.054668 -0.164890
v 0.099286 0.027818 -0.164415
v 0.079134 0.027809 -0.165085
v 0.099475 0.054632 -0.152766
v 0.095345 0.051143 -0.112726
v 0.079756 0.012075 -0.078819
v 0.079771 0.013491 -0.095390
v 0.079754 0.021966 -0.088851
v 0.099472 0.024963 -0.113676
v 0.090043 0.042530 -0.112737
v 0.090028 0.024622 -0.112769
v 0.079753 0.031401 -0.095390
v 0.095336 0.033264 -0.112759
v 0.079735 0.039147 -0.081620
v 0.079747 0.021244 -0.081620
v 0.079737 0.029979 -0.078819
v 0.079743 0.030467 -0.085084
v 0.089843 0.045719 -0.164856
v 0.089844 0.027816 -0.164937
v 0.095291 0.036768 -0.164821
v 0.084453 0.036765 -0.164971
v 0.099475 0.045646 -0.140048
v 0.099475 0.027742 -0.140048
v 0.099475 0.037129 -0.127028
v 0.099475 0.036729 -0.152766
v 0.069421 0.045719 -0.188456
v 0.069461 0.027821 -0.188460
v 0.069490 0.036772 -0.177322
v 0.069408 0.036768 -0.197106
v 0.069434 0.027817 -0.197106
v 0.069490 0.027821 -0.177322
v 0.069480 0.045710 -0.177308
v 0.099475 0.027777 -0.152766
v 0.099475 0.028178 -0.127028
v 0.099475 0.046081 -0.127028
v 0.084454 0.027813 -0.165012
v 0.095292 0.027817 -0.164862
v 0.095291 0.045720 -0.164781
v 0.079750 0.021515 -0.085084
v 0.079745 0.021027 -0.078819
v 0.079730 0.038931 -0.078819
v 0.095336 0.024312 -0.112775
v 0.079760 0.022443 -0.095390
v 0.079753 0.040353 -0.095390
v 0.095336 0.042216 -0.112742
v 0.079742 0.039419 -0.085084
v 0.084453 0.045717 -0.164930
v 0.099475 0.045680 -0.152766
v 0.069383 0.045720 -0.197106
v 0.056179 0.116041 -0.063941
v 0.051890 0.100017 -0.204966
v 0.035361 0.129227 -0.061588
v 0.021749 0.118375 -0.205112
v 0.062034 0.126752 -0.163580
v 0.031325 0.144426 -0.163782
v 0.033785 0.143028 -0.113027
v 0.064471 0.125364 -0.113286
v 0.045182 0.123007 -0.062690
v 0.052192 0.100343 -0.189778
v 0.036829 0.109219 -0.205047
v 0.062228 0.126928 -0.136649
v 0.064200 0.117612 -0.164507
v 0.021959 0.118817 -0.189965
v 0.030958 0.131278 -0.164367
v 0.046681 0.135593 -0.163700
v 0.031529 0.144632 -0.136674
v 0.029440 0.132802 -0.102963
v 0.057994 0.114697 -0.102736
v 0.049125 0.134208 -0.113170
v 0.044320 0.123371 -0.102672
v 0.047585 0.124237 -0.164398
v 0.046877 0.135781 -0.136661
v 0.037082 0.109576 -0.189872
v 0.050850 0.119416 -0.063338
v 0.051967 0.100173 -0.198461
v 0.029301 0.113799 -0.205064
v 0.062150 0.126859 -0.150598
v 0.058535 0.104613 -0.164653
v 0.031950 0.142765 -0.164388
v 0.039004 0.140014 -0.163733
v 0.031052 0.144849 -0.123716
v 0.065750 0.124279 -0.112809
v 0.041442 0.138630 -0.113104
v 0.040095 0.126228 -0.062120
v 0.044359 0.104618 -0.205006
v 0.061748 0.127139 -0.123805
v 0.063321 0.125924 -0.163846
v 0.021847 0.118564 -0.198609
v 0.031246 0.113997 -0.167044
v 0.054355 0.131167 -0.163677
v 0.031453 0.144569 -0.151214
v 0.035118 0.141348 -0.112466
v 0.056804 0.129783 -0.113228
v 0.036570 0.128283 -0.102789
v 0.051588 0.118761 -0.102603
v 0.051011 0.132501 -0.112597
v 0.039271 0.127623 -0.164382
v 0.055898 0.120855 -0.164413
v 0.047799 0.134472 -0.164256
v 0.045351 0.109891 -0.164473
v 0.039202 0.140207 -0.136667
v 0.054552 0.131355 -0.136655
v 0.046398 0.135992 -0.123774
v 0.046800 0.135712 -0.151195
v 0.029548 0.114180 -0.189920
v 0.044637 0.104960 -0.189825
v 0.036907 0.109375 -0.198541
v 0.044437 0.104774 -0.198501
v 0.054474 0.131284 -0.151186
v 0.054073 0.131566 -0.123789
v 0.038723 0.140421 -0.123744
v 0.052108 0.107186 -0.164565
v 0.055551 0.130198 -0.164119
v 0.039992 0.138629 -0.164376
v 0.058839 0.128061 -0.112658
v 0.042744 0.137162 -0.112532
v 0.037270 0.110277 -0.167219
v 0.039127 0.140140 -0.151204
v 0.029376 0.113976 -0.198581
v 0.033051 0.130712 -0.076144
v 0.058873 0.114337 -0.076798
v 0.046144 0.122410 -0.076331
v 0.052848 0.118159 -0.076506
v 0.039335 0.126728 -0.076212
v 0.054487 0.099422 -0.175117
v 0.053230 0.099974 -0.182468
v 0.024967 0.117267 -0.182316
v 0.028414 0.115448 -0.174694
v 0.039156 0.108592 -0.182371
v 0.041511 0.107429 -0.174911
v 0.046263 0.104246 -0.182398
v 0.048101 0.103362 -0.175017
v 0.032082 0.112916 -0.182345
v 0.034984 0.111428 -0.174792
v -0.037631 0.127753 -0.083735
v -0.027361 0.114976 -0.205030
v -0.059226 0.114079 -0.081438
v -0.057912 0.096333 -0.205056
v -0.042149 0.138239 -0.163588
v -0.073128 0.120301 -0.163750
v -0.070638 0.121765 -0.113205
v -0.039668 0.139672 -0.113138
v -0.049038 0.120530 -0.082514
v -0.027586 0.115380 -0.189882
v -0.042636 0.105670 -0.205058
v -0.042202 0.138477 -0.136660
v -0.036215 0.133921 -0.164461
v -0.058137 0.096705 -0.189878
v -0.066819 0.115333 -0.164516
v -0.057634 0.129259 -0.163721
v -0.073208 0.120593 -0.136649
v -0.067119 0.118233 -0.112576
v -0.037709 0.136095 -0.112475
v -0.055162 0.130710 -0.113169
v -0.051552 0.126907 -0.112523
v -0.051515 0.124621 -0.164490
v -0.057708 0.129535 -0.136662
v -0.042862 0.106043 -0.189880
v -0.043158 0.124253 -0.083146
v -0.027450 0.115154 -0.198554
v -0.050274 0.101001 -0.205057
v -0.042183 0.138381 -0.150616
v -0.031441 0.123182 -0.164588
v -0.072539 0.120164 -0.164294
v -0.065382 0.124779 -0.163738
v -0.073565 0.120321 -0.123752
v -0.038606 0.139649 -0.112548
v -0.062911 0.126231 -0.113190
v -0.054314 0.117189 -0.081957
v -0.034998 0.110338 -0.205058
v -0.042560 0.138206 -0.123759
v -0.041677 0.138307 -0.164005
v -0.058002 0.096481 -0.198551
v -0.055844 0.108410 -0.164633
v -0.049887 0.133739 -0.163705
v -0.073187 0.120485 -0.151200
v -0.069220 0.121885 -0.112622
v -0.047414 0.135190 -0.113149
v -0.059733 0.122596 -0.112551
v -0.043971 0.131200 -0.112498
v -0.053351 0.131024 -0.112565
v -0.059168 0.119977 -0.164504
v -0.043862 0.129265 -0.164476
v -0.057074 0.129175 -0.164231
v -0.043587 0.115830 -0.164611
v -0.065458 0.125065 -0.136647
v -0.049955 0.134006 -0.136661
v -0.058067 0.129262 -0.123771
v -0.057684 0.129431 -0.151197
v -0.050500 0.101374 -0.189879
v -0.035224 0.110711 -0.189881
v -0.042726 0.105818 -0.198552
v -0.035088 0.110486 -0.198553
v -0.049932 0.133904 -0.151195
v -0.050315 0.133733 -0.123774
v -0.065819 0.124790 -0.123769
v -0.037362 0.119598 -0.164599
v -0.049340 0.133677 -0.164198
v -0.064808 0.124670 -0.164265
v -0.045514 0.135480 -0.112522
v -0.061618 0.126306 -0.112610
v -0.049698 0.112130 -0.164622
v -0.065435 0.124958 -0.151198
v -0.050364 0.101150 -0.198551
v -0.061218 0.112685 -0.098509
v -0.034802 0.129431 -0.099204
v -0.047905 0.121127 -0.098717
v -0.041076 0.125456 -0.098903
v -0.054804 0.116753 -0.098587
v -0.079719 0.055138 -0.083775
v -0.069300 0.057656 -0.205147
v -0.079739 0.029692 -0.081452
v -0.069442 0.021842 -0.205167
v -0.099465 0.056593 -0.163844
v -0.099443 0.020793 -0.164118
v -0.099397 0.023690 -0.113378
v -0.099410 0.059459 -0.113344
v -0.079734 0.041691 -0.082544
v -0.069379 0.057645 -0.189992
v -0.069379 0.039757 -0.205166
v -0.099475 0.056676 -0.136697
v -0.092418 0.057776 -0.164766
v -0.069470 0.021849 -0.190014
v -0.091621 0.021973 -0.164939
v -0.099443 0.038690 -0.164034
v -0.099475 0.020880 -0.136697
v -0.094272 0.024973 -0.112773
v -0.095042 0.059367 -0.112710
v -0.099402 0.041560 -0.113355
v -0.094006 0.042784 -0.112740
v -0.092012 0.039871 -0.164853
v -0.099475 0.038777 -0.136697
v -0.069430 0.039747 -0.189995
v -0.079726 0.048622 -0.083182
v -0.069334 0.057654 -0.198639
v -0.069404 0.030808 -0.205167
v -0.099475 0.056643 -0.150670
v -0.080725 0.059584 -0.164919
v -0.098998 0.021236 -0.164708
v -0.099443 0.029740 -0.164076
v -0.099475 0.020436 -0.123662
v -0.098821 0.060367 -0.112768
v -0.099399 0.032610 -0.113367
v -0.079740 0.035482 -0.081974
v -0.069351 0.048687 -0.205148
v -0.099475 0.056228 -0.123677
v -0.099289 0.057038 -0.164278
v -0.069458 0.021857 -0.198675
v -0.080138 0.022365 -0.165096
v -0.099444 0.047639 -0.163992
v -0.099475 0.020844 -0.151249
v -0.098754 0.024979 -0.112812
v -0.099404 0.050510 -0.113346
v -0.094363 0.033543 -0.112757
v -0.093934 0.051496 -0.112724
v -0.098729 0.043285 -0.112772
v -0.091817 0.030922 -0.164896
v -0.092207 0.048821 -0.164809
v -0.099066 0.039135 -0.164581
v -0.080433 0.041060 -0.165007
v -0.099475 0.029827 -0.136697
v -0.099475 0.047727 -0.136697
v -0.099475 0.038328 -0.123677
v -0.099475 0.038743 -0.151249
v -0.069456 0.030798 -0.189996
v -0.069405 0.048696 -0.189994
v -0.069396 0.039755 -0.198658
v -0.069370 0.048704 -0.198658
v -0.099475 0.047693 -0.151249
v -0.099475 0.047278 -0.123677
v -0.099475 0.029379 -0.123677
v -0.080583 0.050554 -0.164962
v -0.099095 0.048084 -0.164519
v -0.099034 0.030185 -0.164644
v -0.098667 0.052300 -0.112742
v -0.098781 0.033767 -0.112804
v -0.080286 0.031739 -0.165052
v -0.099475 0.029794 -0.151249
v -0.069421 0.030806 -0.198659
v -0.079757 0.027140 -0.098544
v -0.079746 0.058379 -0.099253
v -0.079757 0.042918 -0.098750
v -0.079755 0.050988 -0.098946
v -0.079757 0.034743 -0.098622
v -0.061966 -0.022984 -0.083768
v -0.058871 -0.013862 -0.205224
v -0.041647 -0.038155 -0.081452
v -0.030190 -0.035242 -0.205192
v -0.069037 -0.027638 -0.163810
v -0.038158 -0.045658 -0.164985
v -0.040502 -0.043674 -0.113818
v -0.071423 -0.025829 -0.113716
v -0.051233 -0.030998 -0.082537
v -0.058759 -0.013771 -0.190099
v -0.044520 -0.024551 -0.205196
v -0.069007 -0.027215 -0.136753
v -0.068997 -0.027570 -0.164795
v -0.030088 -0.035151 -0.190060
v -0.038104 -0.045635 -0.165246
v -0.053572 -0.036660 -0.164409
v -0.038063 -0.045060 -0.136802
v -0.040600 -0.043368 -0.113348
v -0.070282 -0.026121 -0.113161
v -0.055946 -0.034761 -0.113765
v -0.055904 -0.034436 -0.113214
v -0.053525 -0.036533 -0.165142
v -0.053536 -0.036138 -0.136795
v -0.044426 -0.024459 -0.190084
v -0.056766 -0.026867 -0.083175
v -0.058829 -0.013839 -0.198693
v -0.037355 -0.029897 -0.205194
v -0.069061 -0.027374 -0.151270
v -0.065230 -0.019479 -0.165492
v -0.038099 -0.045686 -0.165058
v -0.045864 -0.041160 -0.164697
v -0.037716 -0.045246 -0.123565
v -0.071685 -0.025563 -0.113432
v -0.048213 -0.039224 -0.113791
v -0.046268 -0.034705 -0.081976
v -0.051685 -0.019205 -0.205198
v -0.068665 -0.027398 -0.123630
v -0.069001 -0.027617 -0.164575
v -0.030168 -0.035222 -0.198684
v -0.034412 -0.040331 -0.166013
v -0.061315 -0.032091 -0.164688
v -0.038122 -0.045245 -0.151928
v -0.041129 -0.043231 -0.113581
v -0.063681 -0.030297 -0.113739
v -0.047986 -0.039070 -0.113293
v -0.063391 -0.030060 -0.113152
v -0.056902 -0.034103 -0.113489
v -0.045814 -0.041045 -0.165216
v -0.061232 -0.032015 -0.165075
v -0.053542 -0.036606 -0.164889
v -0.049892 -0.029857 -0.165751
v -0.045798 -0.040600 -0.136799
v -0.061275 -0.031676 -0.136792
v -0.053189 -0.036322 -0.123626
v -0.053596 -0.036318 -0.151888
v -0.037260 -0.029803 -0.190077
v -0.051593 -0.019115 -0.190092
v -0.044499 -0.024530 -0.198688
v -0.051664 -0.019185 -0.198691
v -0.061333 -0.031855 -0.151867
v -0.060927 -0.031860 -0.123628
v -0.045451 -0.040784 -0.123625
v -0.057753 -0.024538 -0.165619
v -0.061262 -0.032111 -0.164777
v -0.045806 -0.041184 -0.164779
v -0.064638 -0.029616 -0.113431
v -0.048724 -0.038841 -0.113545
v -0.042174 -0.035079 -0.165882
v -0.045859 -0.040781 -0.151908
v -0.037334 -0.029876 -0.198686
v -0.039571 -0.039748 -0.098549
v -0.064551 -0.021087 -0.099246
v -0.052186 -0.030323 -0.098755
v -0.058653 -0.025492 -0.098941
v -0.045641 -0.035214 -0.098628
v 0.042090 -0.037835 -0.085907
v 0.033214 -0.032990 -0.206037
v 0.061026 -0.021233 -0.083591
v 0.060587 -0.010159 -0.206030
v 0.046366 -0.040857 -0.164762
v 0.076515 -0.023153 -0.164766
v 0.074059 -0.024317 -0.113759
v 0.043871 -0.041743 -0.113893
v 0.052714 -0.029896 -0.084674
v 0.033177 -0.032865 -0.190919
v 0.047478 -0.022349 -0.206028
v 0.046198 -0.040382 -0.138926
v 0.041224 -0.043435 -0.165662
v 0.060533 -0.010013 -0.190887
v 0.068441 -0.020826 -0.165454
v 0.061454 -0.031972 -0.164882
v 0.076408 -0.022952 -0.138868
v 0.069381 -0.023566 -0.112924
v 0.041718 -0.042675 -0.113298
v 0.058970 -0.033028 -0.113830
v 0.055355 -0.034253 -0.112984
v 0.055354 -0.033039 -0.165690
v 0.061303 -0.031668 -0.138881
v 0.047442 -0.022226 -0.190887
v 0.047238 -0.033988 -0.085312
v 0.033205 -0.032961 -0.199530
v 0.054609 -0.017028 -0.206024
v 0.046333 -0.040565 -0.153349
v 0.033114 -0.032586 -0.170095
v 0.074924 -0.023627 -0.165236
v 0.068988 -0.027567 -0.164814
v 0.076890 -0.022649 -0.125787
v 0.041975 -0.042763 -0.113621
v 0.066531 -0.028663 -0.113796
v 0.057628 -0.026225 -0.084112
v 0.040346 -0.027670 -0.206033
v 0.046672 -0.040074 -0.125781
v 0.044955 -0.041650 -0.164937
v 0.060557 -0.010103 -0.199521
v 0.055803 -0.015564 -0.169239
v 0.053916 -0.036371 -0.164964
v 0.076504 -0.023114 -0.153479
v 0.071758 -0.025270 -0.113158
v 0.051411 -0.037391 -0.113861
v 0.063050 -0.029344 -0.112936
v 0.048075 -0.038728 -0.113096
v 0.056306 -0.034405 -0.113425
v 0.061897 -0.026933 -0.165572
v 0.048506 -0.038623 -0.165794
v 0.059997 -0.032687 -0.165165
v 0.044407 -0.024114 -0.169669
v 0.068856 -0.027310 -0.138874
v 0.053749 -0.036027 -0.138887
v 0.061781 -0.031361 -0.125792
v 0.061449 -0.031864 -0.153789
v 0.054575 -0.016907 -0.190872
v 0.040310 -0.027545 -0.190903
v 0.047468 -0.022320 -0.199521
v 0.040337 -0.027640 -0.199525
v 0.053896 -0.036223 -0.153858
v 0.054226 -0.035717 -0.125786
v 0.069335 -0.027005 -0.125797
v 0.038619 -0.028456 -0.169887
v 0.052482 -0.037127 -0.165184
v 0.067487 -0.028202 -0.165185
v 0.048603 -0.038887 -0.113504
v 0.064411 -0.029664 -0.113321
v 0.050089 -0.019851 -0.169455
v 0.068960 -0.027503 -0.153501
v 0.054600 -0.016999 -0.199517
v 0.064426 -0.021184 -0.100682
v 0.039601 -0.039733 -0.101386
v 0.051867 -0.030567 -0.100891
v 0.045433 -0.035375 -0.101077
v 0.058389 -0.025693 -0.100762
v 0.004629 0.144447 0.061427
v 0.005628 0.146193 -0.000589
v -0.000634 0.146911 0.062235
v -0.001688 0.146333 -0.000527
v -0.001976 0.151352 0.042966
v 0.008319 0.151465 0.042922
v 0.001219 0.146558 0.061888
v 0.005525 0.145965 0.006148
v 0.001362 0.148857 -0.000571
v 0.007192 0.154378 0.029449
v 0.007101 0.153729 0.022789
v -0.002707 0.147729 0.006077
v -0.001675 0.151876 0.023440
v -0.002311 0.151927 0.029457
v 0.003222 0.151427 0.042930
v 0.002769 0.151875 0.023432
v 0.002223 0.151927 0.029456
v 0.001240 0.148643 0.006120
v 0.002928 0.145501 0.061648
v 0.005554 0.146118 0.002212
v 0.000231 0.149473 -0.000467
v 0.007153 0.154160 0.025441
v 0.006785 0.147888 0.022671
v -0.002332 0.151920 0.035191
v 0.000613 0.151394 0.042940
v 0.000161 0.147091 0.062079
v 0.003078 0.147787 -0.000605
v 0.007218 0.154371 0.035185
v -0.002708 0.147890 0.002345
v -0.001951 0.146697 0.022753
v -0.001872 0.151928 0.025104
v 0.005741 0.151520 0.042875
v 0.000153 0.151878 0.023451
v 0.007090 0.153605 0.022835
v 0.002166 0.150184 0.022740
v -0.000397 0.151923 0.029455
v 0.007178 0.154224 0.029453
v 0.002203 0.151920 0.035180
v 0.002622 0.151930 0.025054
v -0.000003 0.149196 0.006198
v 0.002965 0.147567 0.006096
v 0.001287 0.148782 0.002229
v 0.003003 0.147712 0.002196
v 0.007142 0.154051 0.025137
v 0.007204 0.154219 0.035176
v -0.000414 0.151916 0.035179
v 0.004529 0.149893 0.022712
v -0.000255 0.148426 0.022746
v 0.000026 0.151924 0.025074
v 0.000077 0.149365 0.002332
v -0.001416 0.146645 0.055867
v 0.006230 0.143644 0.055816
v 0.002285 0.146100 0.055941
v 0.004299 0.144845 0.055906
v 0.000306 0.147279 0.055943
v 0.005651 0.145303 0.019620
v 0.005727 0.145640 0.010751
v -0.002560 0.147626 0.010574
v -0.003038 0.146934 0.019638
v 0.001292 0.148412 0.010691
v 0.001160 0.148108 0.019628
v 0.003104 0.147282 0.010677
v 0.006895 0.150312 0.020337
v 0.000202 0.148988 0.010828
v -0.000423 0.148547 0.019667
v 0.003734 0.145002 0.061537
v 0.005567 0.146170 0.000810
v -0.001550 0.148735 -0.000459
v -0.001821 0.151901 0.042207
v -0.000680 0.151373 0.042951
v 0.000523 0.146986 0.061989
v 0.001982 0.148471 -0.000607
v 0.007205 0.154376 0.032295
v -0.002726 0.147798 0.004212
v -0.001708 0.148890 0.022734
v -0.002353 0.151928 0.026668
v -0.001992 0.147866 0.042963
v 0.004520 0.151516 0.042874
v 0.003257 0.147867 0.042969
v -0.001097 0.151877 0.023444
v 0.004035 0.151873 0.023423
v 0.002097 0.151891 0.023492
v -0.001688 0.151925 0.029458
v 0.003522 0.151930 0.029458
v 0.002714 0.151902 0.042209
v 0.002177 0.151928 0.026672
v -0.001533 0.148459 0.006139
v 0.001866 0.148254 0.006089
v 0.001284 0.148700 0.004176
v 0.002099 0.146013 0.061768
v 0.005560 0.146029 0.004182
v 0.000888 0.149151 -0.000523
v 0.007180 0.154375 0.026835
v 0.006520 0.150019 0.022691
v -0.002322 0.151925 0.032307
v 0.008045 0.147867 0.042992
v 0.001918 0.151410 0.042935
v -0.000305 0.147063 0.062159
v 0.005594 0.145824 0.008416
v 0.004435 0.146938 -0.000586
v -0.000854 0.146885 0.059041
v 0.007158 0.153842 0.042453
v -0.002694 0.147959 0.000943
v -0.001639 0.145379 0.022202
v 0.006633 0.143594 0.050040
v 0.006950 0.151440 0.042933
v 0.001567 0.146445 0.058904
v 0.001461 0.151876 0.023442
v 0.007100 0.153718 0.022841
v 0.002138 0.149537 0.022735
v 0.000919 0.151924 0.029455
v 0.007188 0.154336 0.029455
v 0.002213 0.151925 0.032300
v 0.000767 0.148937 0.006156
v 0.004328 0.146714 0.006133
v 0.001301 0.148834 0.000828
v 0.001907 0.148397 0.002193
v 0.004361 0.146863 0.002214
v 0.003004 0.147627 0.004147
v 0.003016 0.147764 0.000794
v 0.003939 0.151933 0.025088
v 0.007153 0.154161 0.025278
v 0.007165 0.154221 0.026662
v 0.003501 0.151922 0.035181
v 0.007214 0.154330 0.035182
v 0.007155 0.153803 0.042477
v 0.007191 0.154222 0.032293
v -0.001708 0.151919 0.035185
v 0.000899 0.151917 0.035180
v 0.000106 0.151899 0.042204
v -0.000406 0.151921 0.032299
v 0.003339 0.150416 0.022729
v 0.005626 0.148729 0.022691
v 0.004313 0.151868 0.023404
v 0.004482 0.149209 0.022707
v 0.005725 0.147867 0.042981
v 0.003423 0.145292 0.058766
v 0.000530 0.147867 0.042956
v 0.000194 0.147195 0.058998
v -0.001413 0.147481 0.022732
v 0.000955 0.149418 0.022747
v -0.000191 0.150300 0.022762
v -0.000624 0.148334 0.022149
v -0.001265 0.151927 0.025084
v 0.001328 0.151927 0.025071
v -0.000442 0.151924 0.026671
v -0.001534 0.148623 0.002341
v 0.000813 0.149076 0.002277
v 0.000030 0.149281 0.004267
v 0.000133 0.149424 0.000931
v -0.001766 0.146634 0.049889
v 0.005238 0.144166 0.058611
v 0.002544 0.146143 0.050077
v 0.004639 0.144836 0.050095
v 0.000322 0.147481 0.050029
v 0.003327 0.145451 0.055924
v 0.001217 0.146766 0.055945
v -0.000503 0.147207 0.055913
v 0.005211 0.144278 0.055860
v 0.006852 0.147209 0.022665
v 0.005668 0.145554 0.013575
v -0.002550 0.147731 0.008295
v -0.002772 0.147366 0.013516
v 0.001235 0.148549 0.008373
v 0.001205 0.148343 0.013556
v 0.003003 0.147445 0.008353
v 0.003030 0.147205 0.013516
v 0.000168 0.149094 0.008479
v -0.000009 0.148871 0.013711
v -0.001330 0.148388 0.010706
v -0.001790 0.147713 0.019652
v 0.001991 0.147977 0.010667
v 0.001877 0.147661 0.019605
v 0.004401 0.146084 0.019627
v 0.004496 0.146410 0.010725
v 0.000657 0.148421 0.019650
v 0.000785 0.148726 0.010759
v 0.000699 0.148655 0.013634
v 0.000657 0.148315 0.022096
v 0.004429 0.146329 0.013556
v 0.005596 0.147914 0.022684
v 0.001914 0.147902 0.013519
v 0.001896 0.148137 0.008345
v -0.001531 0.148137 0.013615
v -0.001346 0.148479 0.008392
v 0.004282 0.144759 0.058688
v -0.000728 0.147279 0.049967
v 0.000627 0.147029 0.058958
v 0.002525 0.145850 0.058836
v 0.000827 0.149128 0.000875
v 0.000810 0.148994 0.004218
v -0.001552 0.148529 0.004241
v 0.000873 0.151925 0.026672
v -0.001732 0.151927 0.026670
v 0.000964 0.151764 0.023206
v -0.001229 0.149484 0.022744
v 0.001894 0.147867 0.042962
v -0.000731 0.147867 0.042957
v 0.003627 0.145467 0.050087
v 0.006817 0.147867 0.042986
v 0.004535 0.147867 0.042975
v 0.001407 0.146853 0.050054
v -0.000342 0.147162 0.059024
v 0.005578 0.144251 0.050066
v 0.006429 0.150969 0.022701
v 0.003182 0.151894 0.023503
v 0.000909 0.151922 0.032300
v 0.001410 0.151901 0.042206
v -0.001195 0.151900 0.042206
v 0.007201 0.154334 0.032296
v 0.007154 0.153782 0.042464
v 0.004012 0.151904 0.042211
v 0.007176 0.154333 0.026750
v 0.003476 0.151931 0.026672
v -0.001913 0.147526 0.022207
v 0.003343 0.149949 0.022725
v 0.004374 0.146915 0.000812
v 0.004365 0.146776 0.004175
v 0.001906 0.148313 0.004143
v 0.001921 0.148449 0.000791
v 0.004380 0.146583 0.008395
v 0.000744 0.148853 0.008425
v 0.003512 0.151928 0.032301
v -0.001698 0.151924 0.032303
v -0.001518 0.148694 0.000939
v 0.017267 0.144450 0.039613
v 0.020818 0.135098 0.039858
v 0.017297 0.144448 0.025108
v 0.021044 0.135459 0.025366
v 0.017253 0.138873 0.040418
v 0.018338 0.136645 0.039865
v 0.018564 0.137006 0.025373
v 0.017263 0.138870 0.025913
v -0.017267 0.144450 0.039613
v -0.020818 0.135098 0.039859
v -0.017297 0.144448 0.025108
v -0.021044 0.135459 0.025366
v -0.017253 0.138873 0.040418
v -0.018338 0.136645 0.039865
v -0.018564 0.137006 0.025373
v -0.017263 0.138870 0.025913
v 0.015534 0.165549 0.028248
v 0.015554 0.165551 0.037755
v 0.017283 0.146319 0.028478
v 0.017267 0.146297 0.037983
v 0.016649 0.160365 0.028475
v 0.020223 0.150771 0.037979
v 0.016659 0.160367 0.037980
v 0.020189 0.150768 0.028474
v 0.017154 0.150042 0.038494
v 0.016812 0.149663 0.028994
v 0.019279 0.160498 0.028438
v 0.019281 0.160458 0.037942
v -0.015534 0.165549 0.028248
v -0.015554 0.165550 0.037755
v -0.017283 0.146319 0.028478
v -0.017267 0.146297 0.037983
v -0.016649 0.160365 0.028475
v -0.020223 0.150771 0.037979
v -0.016659 0.160367 0.037980
v -0.020189 0.150768 0.028474
v -0.017155 0.150042 0.038494
v -0.016812 0.149663 0.028994
v -0.019279 0.160497 0.028438
v -0.019281 0.160458 0.037942
v 0.008536 0.165351 0.037362
v 0.008531 0.165350 0.027857
v 0.009284 0.160992 0.037138
v 0.007013 0.152536 0.027640
v 0.009273 0.160989 0.027634
v 0.007056 0.152533 0.037145
v 0.007649 0.160193 0.037181
v 0.007676 0.160184 0.027676
v -0.008536 0.165351 0.037362
v -0.008531 0.165350 0.027857
v -0.009284 0.160992 0.037138
v -0.007013 0.152536 0.027640
v -0.009273 0.160989 0.027634
v -0.007056 0.152533 0.037145
v -0.007649 0.160193 0.037181
v -0.007676 0.160184 0.027676
v 0.000064 -0.089503 0.014408
v 0.000088 -0.099229 0.023881
v 0.000062 -0.096073 0.002902
v 0.000121 -0.106918 0.014145
v 0.016276 -0.097770 0.024506
v 0.006343 -0.099338 0.023859
v 0.006382 -0.106963 0.014327
v 0.016240 -0.107024 0.014705
v 0.000077 -0.096298 0.009773
v 0.000076 -0.106912 0.020551
v 0.016590 -0.106423 0.020881
v 0.006338 -0.106940 0.020583
v 0.017056 -0.096780 0.003503
v 0.017070 -0.092285 0.014403
v 0.017069 -0.097070 0.008751
v 0.008249 -0.096025 0.003460
v 0.008254 -0.096239 0.009982
v 0.008250 -0.090421 0.013965
v 0.000097 -0.107003 0.017808
v 0.016361 -0.107083 0.018369
v 0.006358 -0.107049 0.017990
v 0.000069 -0.096204 0.006883
v 0.017064 -0.096924 0.006127
v 0.008252 -0.096132 0.006721
v 0.017070 -0.095732 0.021343
v 0.017070 -0.104503 0.008571
v 0.017070 -0.101526 0.014846
v 0.017070 -0.103014 0.011709
v -0.000064 -0.089503 0.014408
v -0.000088 -0.099229 0.023881
v -0.000062 -0.096073 0.002902
v -0.000121 -0.106918 0.014145
v -0.016276 -0.097770 0.024506
v -0.006343 -0.099338 0.023859
v -0.006382 -0.106963 0.014327
v -0.016240 -0.107024 0.014705
v -0.000077 -0.096298 0.009773
v -0.000076 -0.106912 0.020551
v -0.016590 -0.106423 0.020881
v -0.006338 -0.106940 0.020583
v -0.017056 -0.096780 0.003503
v -0.017070 -0.092285 0.014403
v -0.017069 -0.097070 0.008751
v -0.008249 -0.096025 0.003460
v -0.008254 -0.096239 0.009982
v -0.008250 -0.090421 0.013965
v -0.000097 -0.107003 0.017808
v -0.016361 -0.107083 0.018369
v -0.006358 -0.107049 0.017990
v -0.000069 -0.096204 0.006883
v -0.017064 -0.096924 0.006127
v -0.008252 -0.096132 0.006721
v -0.017070 -0.095732 0.021343
v -0.017070 -0.104503 0.008571
v -0.017070 -0.101526 0.014846
v -0.017070 -0.103014 0.011709
v 0.000065 -0.061556 0.020222
v 0.000065 -0.061611 0.046816
v 0.000063 -0.069599 0.023304
v 0.000064 -0.077608 0.032649
v 0.020558 -0.061624 0.047413
v 0.005045 -0.061614 0.046994
v 0.010591 -0.077627 0.032665
v 0.016672 -0.076820 0.032796
v 0.000065 -0.061573 0.027873
v 0.000065 -0.067469 0.036817
v 0.016048 -0.066577 0.037211
v 0.009145 -0.067499 0.036820
v 0.017060 -0.069751 0.024118
v 0.022682 -0.061564 0.019977
v 0.016976 -0.062275 0.027526
v 0.011585 -0.069405 0.023363
v 0.010352 -0.061218 0.027435
v 0.007762 -0.061559 0.020339
v 0.000064 -0.073010 0.034528
v 0.016946 -0.072010 0.034428
v 0.010664 -0.073036 0.034542
v 0.000064 -0.065277 0.025442
v 0.017052 -0.066293 0.025787
v 0.011774 -0.065578 0.025265
v 0.021708 -0.061602 0.037443
v 0.017070 -0.072901 0.027870
v 0.017070 -0.064209 0.031873
v 0.017070 -0.068882 0.029686
v 0.000065 -0.061568 0.025854
v 0.000065 -0.062741 0.038765
v 0.016606 -0.062095 0.038897
v 0.007211 -0.062749 0.038773
v 0.018045 -0.061575 0.025863
v 0.008879 -0.061572 0.026233
v 0.017447 -0.061592 0.033810
v -0.000065 -0.061556 0.020222
v -0.000065 -0.061611 0.046816
v -0.000063 -0.069599 0.023304
v -0.000064 -0.077608 0.032649
v -0.020558 -0.061624 0.047413
v -0.005045 -0.061614 0.046994
v -0.010591 -0.077627 0.032665
v -0.016672 -0.076820 0.032796
v -0.000065 -0.061573 0.027873
v -0.000065 -0.067469 0.036818
v -0.016048 -0.066577 0.037211
v -0.009145 -0.067499 0.036820
v -0.017060 -0.069751 0.024118
v -0.022682 -0.061564 0.019977
v -0.016976 -0.062275 0.027526
v -0.011585 -0.069405 0.023363
v -0.010352 -0.061218 0.027435
v -0.007762 -0.061559 0.020339
v -0.000064 -0.073010 0.034528
v -0.016946 -0.072010 0.034428
v -0.010664 -0.073036 0.034542
v -0.000064 -0.065277 0.025442
v -0.017052 -0.066293 0.025787
v -0.011774 -0.065578 0.025265
v -0.021708 -0.061602 0.037443
v -0.017070 -0.072901 0.027870
v -0.017070 -0.064209 0.031873
v -0.017070 -0.068882 0.029686
v -0.000065 -0.061568 0.025854
v -0.000065 -0.062741 0.038765
v -0.016606 -0.062095 0.038897
v -0.007211 -0.062749 0.038773
v -0.018045 -0.061575 0.025863
v -0.008879 -0.061572 0.026233
v -0.017447 -0.061592 0.033810
v 0.000064 -0.110957 -0.050007
v 0.000063 -0.091122 -0.043509
v 0.000066 -0.106021 -0.034746
v 0.000060 -0.095392 -0.031425
v 0.019236 -0.090786 -0.043264
v 0.005953 -0.091061 -0.043447
v 0.010586 -0.095239 -0.031420
v 0.016973 -0.095712 -0.032196
v 0.000064 -0.106179 -0.044653
v 0.000066 -0.095265 -0.042405
v 0.016044 -0.095092 -0.043364
v 0.009147 -0.095196 -0.042387
v 0.016846 -0.105904 -0.034966
v 0.020876 -0.111039 -0.050357
v 0.016857 -0.105967 -0.043182
v 0.011585 -0.106194 -0.034940
v 0.010351 -0.106262 -0.044078
v 0.008280 -0.110879 -0.049957
v 0.000059 -0.095364 -0.036400
v 0.017067 -0.096027 -0.037277
v 0.010659 -0.095210 -0.036388
v 0.000065 -0.106066 -0.039566
v 0.016992 -0.105700 -0.038812
v 0.011773 -0.106237 -0.039212
v 0.020317 -0.098171 -0.045723
v 0.017070 -0.100935 -0.033696
v 0.017070 -0.100980 -0.043266
v 0.017070 -0.100987 -0.038106
v 0.000064 -0.107587 -0.048913
v 0.000060 -0.095223 -0.044749
v 0.016737 -0.095803 -0.044937
v 0.007207 -0.095170 -0.044717
v 0.018045 -0.107453 -0.048774
v 0.008876 -0.107303 -0.048789
v 0.017070 -0.101105 -0.046011
v -0.000064 -0.110957 -0.050007
v -0.000063 -0.091122 -0.043509
v -0.000066 -0.106021 -0.034746
v -0.000060 -0.095392 -0.031425
v -0.019236 -0.090786 -0.043264
v -0.005953 -0.091061 -0.043447
v -0.010586 -0.095239 -0.031420
v -0.016973 -0.095712 -0.032196
v -0.000064 -0.106179 -0.044653
v -0.000066 -0.095265 -0.042405
v -0.016044 -0.095092 -0.043364
v -0.009147 -0.095196 -0.042387
v -0.016846 -0.105904 -0.034966
v -0.020876 -0.111039 -0.050357
v -0.016857 -0.105967 -0.043182
v -0.011585 -0.106194 -0.034940
v -0.010351 -0.106262 -0.044078
v -0.008280 -0.110879 -0.049957
v -0.000059 -0.095364 -0.036400
v -0.017067 -0.096027 -0.037277
v -0.010659 -0.095210 -0.036388
v -0.000065 -0.106066 -0.039566
v -0.016992 -0.105700 -0.038812
v -0.011773 -0.106237 -0.039212
v -0.020317 -0.098171 -0.045723
v -0.017070 -0.100935 -0.033696
v -0.017070 -0.100980 -0.043266
v -0.017070 -0.100987 -0.038106
v -0.000064 -0.107587 -0.048913
v -0.000060 -0.095223 -0.044749
v -0.016737 -0.095803 -0.044937
v -0.007207 -0.095170 -0.044717
v -0.018045 -0.107453 -0.048774
v -0.008876 -0.107302 -0.048788
v -0.017070 -0.101105 -0.046011
v 0.024423 -0.195766 -0.103673
v 0.024057 -0.186051 -0.131069
v 0.021072 -0.133010 -0.072190
v 0.021072 -0.122181 -0.105874
v 0.023930 -0.165903 -0.087136
v 0.021072 -0.150489 -0.116306
v 0.023906 -0.154190 -0.120492
v 0.021072 -0.161882 -0.082822
v 0.021072 -0.133829 -0.110202
v 0.021072 -0.145184 -0.076705
v -0.024423 -0.195766 -0.103673
v -0.024057 -0.186051 -0.131069
v -0.021072 -0.133010 -0.072190
v -0.021072 -0.122181 -0.105874
v -0.023930 -0.165903 -0.087136
v -0.021072 -0.150489 -0.116306
v -0.023906 -0.154190 -0.120492
v -0.021072 -0.161882 -0.082822
v -0.021072 -0.133829 -0.110202
v -0.021072 -0.145184 -0.076705
v 0.023886 -0.155624 -0.133191
v 0.021072 -0.133203 -0.125328
v 0.023777 -0.179198 -0.078771
v 0.021072 -0.153892 -0.070848
v 0.023782 -0.161870 -0.118582
v 0.021072 -0.145123 -0.095528
v 0.021072 -0.137965 -0.110208
v 0.023733 -0.170281 -0.103780
v 0.021072 -0.151233 -0.078521
v 0.023741 -0.176390 -0.086736
v 0.021072 -0.148716 -0.113000
v 0.023091 -0.154590 -0.116177
v 0.023159 -0.149871 -0.131273
v 0.021072 -0.143457 -0.127946
v 0.021072 -0.165098 -0.073489
v 0.023929 -0.170199 -0.076129
v 0.021072 -0.156291 -0.098279
v 0.023915 -0.161366 -0.101034
v 0.021072 -0.162405 -0.081261
v 0.023923 -0.167471 -0.084001
v -0.023886 -0.155624 -0.133191
v -0.021072 -0.133203 -0.125328
v -0.023777 -0.179198 -0.078771
v -0.021072 -0.153892 -0.070848
v -0.023782 -0.161870 -0.118582
v -0.021072 -0.145123 -0.095528
v -0.021072 -0.137965 -0.110208
v -0.023733 -0.170281 -0.103780
v -0.021072 -0.151233 -0.078521
v -0.023741 -0.176390 -0.086736
v -0.021072 -0.148716 -0.113000
v -0.023091 -0.154590 -0.116177
v -0.023159 -0.149871 -0.131273
v -0.021072 -0.143457 -0.127946
v -0.021072 -0.165098 -0.073489
v -0.023929 -0.170199 -0.076129
v -0.021072 -0.156291 -0.098279
v -0.023915 -0.161366 -0.101034
v -0.021072 -0.162405 -0.081261
v -0.023923 -0.167471 -0.084001
v 0.021072 -0.094867 -0.066936
v 0.021072 -0.085099 -0.094294
v 0.051227 -0.030778 -0.028273
v 0.055601 -0.027647 -0.060353
v 0.024320 -0.061404 -0.050391
v 0.025646 -0.049993 -0.079568
v 0.024980 -0.053066 -0.083700
v 0.024939 -0.060763 -0.046085
v 0.036304 -0.042128 -0.073353
v 0.028425 -0.047813 -0.039153
v -0.021072 -0.094867 -0.066936
v -0.021072 -0.085099 -0.094294
v -0.051227 -0.030778 -0.028273
v -0.055601 -0.027647 -0.060353
v -0.024320 -0.061404 -0.050391
v -0.025646 -0.049993 -0.079568
v -0.024980 -0.053066 -0.083700
v -0.024939 -0.060763 -0.046085
v -0.036304 -0.042128 -0.073353
v -0.028425 -0.047813 -0.039153
v 0.060249 0.110986 0.059167
v 0.079339 0.079882 0.059614
v 0.060925 0.112550 -0.022563
v 0.079541 0.079907 -0.022256
v 0.079047 0.099579 0.059214
v 0.079337 0.100898 -0.022683
v -0.060249 0.110986 0.059167
v -0.079339 0.079882 0.059614
v -0.060925 0.112550 -0.022563
v -0.079541 0.079907 -0.022256
v -0.079047 0.099579 0.059214
v -0.079337 0.100898 -0.022683
v 0.095917 0.012063 0.364394
v 0.078060 -0.024605 0.364534
v 0.085450 0.018969 0.316129
v 0.062493 -0.020719 0.317004
v 0.096400 -0.013529 0.364051
v 0.085327 -0.006950 0.315541
v -0.095917 0.012063 0.364394
v -0.078060 -0.024605 0.364534
v -0.085450 0.018969 0.316129
v -0.062493 -0.020719 0.317004
v -0.096400 -0.013529 0.364051
v -0.085327 -0.006950 0.315541
v -0.079355 0.008031 -0.001226
v -0.079355 0.008031 -0.079076
v -0.079355 0.077725 -0.001226
v -0.079355 0.077725 -0.079076
v 0.079355 0.008031 -0.001226
v 0.079355 0.008031 -0.079076
v 0.079355 0.077725 -0.001226
v 0.079355 0.077725 -0.079076
vn -0.0114 0.0001 -0.9999
vn -0.0139 0.0003 -0.9999
vn -0.0127 -0.0007 -0.9999
vn -0.0123 -0.0007 -0.9999
vn -0.0119 0.0009 -0.9999
vn -0.0144 0.0008 -0.9999
vn -0.5002 -0.8469 0.1806
vn -0.4990 -0.8476 0.1808
vn -0.5003 -0.8468 0.1806
vn -0.5015 -0.8461 0.1805
vn -0.0096 -0.0531 0.9985
vn -0.0195 -0.0448 0.9988
vn -0.0197 -0.0447 0.9988
vn -0.0642 -0.0001 0.9979
vn -0.0467 0.0450 0.9979
vn -0.0463 0.0458 0.9979
vn -0.0654 -0.0001 0.9979
vn -0.0135 0.0919 0.9957
vn -0.0135 0.0920 0.9957
vn -0.0403 -0.0182 0.9990
vn -0.0404 -0.0179 0.9990
vn -0.0033 0.0934 0.9956
vn 0.0183 0.0199 0.9996
vn 0.0162 0.0183 0.9997
vn 0.0079 0.0185 0.9998
vn 0.0131 0.0196 0.9997
vn 0.0223 0.0215 0.9995
vn 0.0219 0.0215 0.9995
vn -0.0331 0.9850 0.1695
vn -0.2734 0.9455 0.1766
vn -0.2781 0.9442 0.1766
vn -0.9845 -0.0082 0.1749
vn -0.9846 -0.0082 0.1747
vn -0.9845 -0.0082 0.1750
vn -0.5017 0.8476 0.1730
vn 0.1057 -0.1004 -0.9893
vn 0.0019 -0.1326 -0.9912
vn 0.0169 -0.1386 -0.9902
vn 0.1881 -0.0478 -0.9810
vn 0.2988 -0.9389 -0.1706
vn 0.4933 -0.8530 -0.1705
vn 0.4878 -0.8486 -0.2048
vn 0.2843 -0.9349 -0.2123
vn 0.5030 0.8403 -0.2021
vn 0.4999 0.8381 -0.2183
vn 0.4969 0.8410 -0.2141
vn 0.4980 0.8439 -0.1995
vn -0.0000 -0.1125 0.9937
vn 0.0584 -0.1184 0.9912
vn 0.1093 -0.1245 0.9862
vn 0.4996 0.8463 -0.1846
vn 0.5066 0.8426 -0.1825
vn 0.9754 0.0111 -0.2201
vn 0.9758 0.0111 -0.2184
vn 0.9758 0.0122 -0.2182
vn 0.9754 0.0123 -0.2199
vn 0.2817 0.0154 -0.9594
vn 0.2795 0.0153 -0.9600
vn 0.9746 0.0135 -0.2234
vn 0.9742 0.0136 -0.2253
vn 0.9742 0.0123 -0.2254
vn 0.9746 0.0123 -0.2235
vn 0.2640 -0.9309 -0.2523
vn 0.0541 -0.9653 -0.2556
vn 0.0625 -0.9757 -0.2098
vn 0.2736 0.0153 -0.9617
vn 0.2748 0.0153 -0.9614
vn 0.0710 -0.9843 -0.1619
vn 0.4942 0.8435 -0.2104
vn 0.4930 0.8467 -0.2000
vn 0.1657 0.1087 -0.9802
vn 0.2057 0.0738 -0.9758
vn 0.4915 0.8505 -0.1871
vn 0.4822 -0.8438 -0.2354
vn 0.5797 -0.8148 0.0063
vn 0.5769 -0.8168 -0.0083
vn 0.5795 -0.8150 0.0053
vn 0.0023 -0.9999 0.0121
vn 0.0012 -1.0000 -0.0060
vn 0.0023 -0.9999 0.0119
vn 1.0000 0.0093 0.0010
vn 0.9999 0.0100 0.0011
vn 0.9999 0.0100 0.0006
vn 1.0000 0.0093 0.0005
vn 0.5269 0.8499 -0.0010
vn 0.5303 0.8478 0.0033
vn 0.5206 0.8538 0.0075
vn 0.5174 0.8557 0.0028
vn 0.1348 0.1595 0.9780
vn -0.0000 0.1546 0.9880
vn 0.1114 0.1731 0.9786
vn -0.0000 0.1294 -0.9916
vn 0.0511 0.1363 -0.9894
vn 0.0889 0.1480 -0.9850
vn 0.9958 0.0120 -0.0913
vn 0.9958 0.0120 -0.0910
vn 0.2089 -0.1007 0.9727
vn 0.2770 -0.0513 0.9595
vn 0.5418 -0.8405 -0.0080
vn 0.3397 -0.0054 0.9405
vn 0.3465 -0.0053 0.9380
vn 0.3455 -0.0053 0.9384
vn 0.3418 -0.0054 0.9398
vn 0.5108 0.8582 -0.0512
vn 0.4895 0.8711 -0.0404
vn 0.4911 0.8701 -0.0412
vn 0.5365 0.8439 -0.0045
vn 0.5396 0.8419 -0.0008
vn 0.9957 0.0120 -0.0919
vn -0.0000 -0.1269 -0.9919
vn 0.5283 0.8491 -0.0064
vn 0.5286 0.8489 0.0042
vn 0.5315 0.8471 0.0029
vn 0.5319 0.8468 -0.0064
vn 0.5292 0.8481 0.0258
vn 0.5292 0.8482 0.0222
vn 0.5292 0.8478 0.0330
vn 0.5246 0.8509 0.0288
vn 0.5286 0.8487 0.0159
vn 0.5200 0.8540 0.0142
vn 0.5287 0.8488 -0.0033
vn 0.5187 0.8550 -0.0024
vn 0.5313 0.8472 -0.0089
vn 0.5214 0.8533 -0.0064
vn 0.5344 0.8452 0.0019
vn 0.5355 0.8445 -0.0064
vn 0.5294 0.8482 0.0189
vn 0.5200 0.8538 0.0245
vn 0.5115 0.8592 0.0118
vn 0.5087 0.8610 -0.0019
vn 0.5116 0.8592 -0.0039
vn 1.0000 0.0006 0.0010
vn 1.0000 0.0013 0.0010
vn 1.0000 0.0013 0.0005
vn 1.0000 0.0006 0.0005
vn 1.0000 0.0026 0.0010
vn 1.0000 0.0026 0.0005
vn 1.0000 0.0039 0.0010
vn 1.0000 0.0039 0.0005
vn 1.0000 0.0053 0.0010
vn 1.0000 0.0053 0.0005
vn 1.0000 0.0066 0.0009
vn 1.0000 0.0066 0.0004
vn 1.0000 0.0080 0.0009
vn 1.0000 0.0080 0.0004
vn -0.0001 -1.0000 0.0030
vn -0.0009 -1.0000 0.0048
vn -0.0020 -1.0000 0.0089
vn -0.0019 -0.9999 0.0134
vn -0.0005 -0.9999 0.0141
vn 0.0013 -0.9998 0.0217
vn 0.0028 -0.9995 0.0304
vn 0.5985 -0.8011 0.0019
vn 0.5980 -0.8015 0.0027
vn 0.5965 -0.8026 0.0051
vn 0.5965 -0.8026 0.0052
vn 0.5947 -0.8039 0.0094
vn 0.5947 -0.8039 0.0096
vn 0.5931 -0.8051 0.0104
vn 0.5930 -0.8051 0.0103
vn 0.5903 -0.8071 0.0139
vn 0.5902 -0.8072 0.0143
vn 0.5853 -0.8106 0.0196
vn 0.5851 -0.8107 0.0196
vn -1.0000 -0.0000 -0.0000
vn -0.0000 -0.0002 -1.0000
vn 1.0000 -0.0000 -0.0000
vn 0.0050 0.0040 1.0000
vn 0.0051 0.0031 1.0000
vn -0.0015 -1.0000 0.0055
vn -0.0010 -1.0000 0.0079
vn 0.0014 1.0000 -0.0052
vn 0.0009 1.0000 -0.0074
vn 0.0001 1.0000 0.0007
vn 0.0001 1.0000 0.0009
vn 0.0002 1.0000 0.0013
vn 0.0004 1.0000 0.0018
vn 0.0007 1.0000 0.0022
vn 0.0013 1.0000 0.0017
vn 0.0017 1.0000 -0.0009
vn -0.0001 -1.0000 -0.0007
vn -0.0001 -1.0000 -0.0009
vn -0.0002 -1.0000 -0.0013
vn -0.0004 -1.0000 -0.0018
vn -0.0007 -1.0000 -0.0022
vn -0.0013 -1.0000 -0.0017
vn -0.0018 -1.0000 0.0010
vn 0.0047 0.0067 1.0000
vn 0.0049 0.0058 1.0000
vn -1.0000 -0.0028 0.0040
vn -1.0000 -0.0012 0.0053
vn -1.0000 -0.0021 0.0049
vn -1.0000 -0.0048 0.0034
vn 0.0069 0.0007 -1.0000
vn 0.0065 -0.0028 -1.0000
vn 0.0074 -0.0038 -1.0000
vn 0.0088 0.0003 -1.0000
vn 1.0000 0.0045 0.0056
vn 0.9999 0.0082 0.0097
vn 0.9999 0.0127 0.0061
vn 0.9999 0.0109 0.0032
vn -0.0009 -0.0017 1.0000
vn -0.0010 -0.0015 1.0000
vn -0.0009 -0.0015 1.0000
vn -0.0008 -0.0016 1.0000
vn -0.0011 -0.9999 0.0112
vn -0.0134 -0.9999 0.0093
vn -0.0202 -0.9998 -0.0041
vn -0.0044 -1.0000 -0.0017
vn -0.0020 1.0000 0.0023
vn -0.0028 1.0000 0.0026
vn -0.0023 1.0000 0.0028
vn -0.0024 1.0000 0.0025
vn 0.0085 -0.0109 0.9999
vn 0.0062 -0.0111 0.9999
vn 0.0065 -0.0099 0.9999
vn 0.0088 -0.0097 0.9999
vn 0.0018 -0.0122 0.9999
vn -0.0000 -0.0072 1.0000
vn 0.0003 -0.0066 1.0000
vn 0.0022 -0.0111 0.9999
vn 0.9999 -0.0082 -0.0124
vn 0.9998 0.0082 -0.0188
vn 0.9999 0.0039 -0.0149
vn 0.9998 -0.0142 -0.0104
vn 0.9997 0.0118 -0.0214
vn 0.9999 0.0025 -0.0149
vn 0.9999 0.0099 -0.0102
vn 0.9998 0.0142 -0.0149
vn -0.0043 0.0130 -0.9999
vn -0.0016 0.0102 -0.9999
vn 0.0009 0.0115 -0.9999
vn -0.0029 0.0145 -0.9999
vn 0.0028 0.0165 -0.9999
vn 0.0054 0.0135 -0.9999
vn 0.0117 0.0148 -0.9998
vn 0.0090 0.0175 -0.9998
vn -0.9999 0.0108 0.0044
vn -0.9999 0.0126 0.0036
vn -0.9999 0.0146 0.0026
vn -0.9999 0.0099 0.0037
vn -0.9999 0.0110 -0.0074
vn -1.0000 -0.0032 -0.0068
vn -0.9999 -0.0069 -0.0109
vn -0.9998 0.0147 -0.0115
vn -1.0000 0.0049 0.0036
vn -1.0000 0.0032 0.0031
vn -1.0000 0.0020 0.0001
vn -1.0000 0.0062 0.0001
vn -0.9999 0.0138 0.0040
vn -1.0000 0.0088 0.0047
vn -0.9999 0.0096 0.0046
vn -0.9999 0.0128 0.0045
vn 0.9998 0.0065 -0.0180
vn 0.9996 -0.0234 -0.0126
vn 0.9998 -0.0142 -0.0162
vn 0.9997 0.0078 -0.0229
vn 0.9999 0.0089 -0.0076
vn 0.9997 0.0212 -0.0127
vn 0.9997 0.0169 -0.0178
vn 0.9999 0.0034 -0.0111
vn -0.0008 1.0000 -0.0012
vn -0.0043 1.0000 -0.0010
vn -0.0038 1.0000 0.0007
vn -0.0012 1.0000 0.0005
vn 0.0043 -0.9995 0.0327
vn 0.0004 -0.9995 0.0331
vn -0.0032 -0.9996 0.0278
vn 0.0033 -0.9996 0.0284
vn 0.9998 -0.0162 0.0100
vn 0.9999 -0.0050 0.0137
vn 0.9999 -0.0007 0.0136
vn 0.9999 -0.0091 0.0090
vn -1.0000 0.0009 0.0028
vn -1.0000 0.0005 0.0027
vn -1.0000 0.0001 0.0042
vn -1.0000 -0.0000 0.0037
vn 0.0214 -0.9995 0.0247
vn 0.0155 -0.9995 0.0268
vn 0.0201 -0.9997 0.0122
vn 0.0289 -0.9995 0.0111
vn 0.0165 -0.9995 0.0276
vn 0.0123 -0.9995 0.0300
vn 0.0072 1.0000 -0.0029
vn 0.0043 1.0000 -0.0013
vn -0.0003 1.0000 0.0007
vn 0.0006 1.0000 -0.0007
vn 0.0108 0.9999 -0.0042
vn 0.0068 1.0000 -0.0028
vn -0.0068 0.0138 -0.9999
vn -0.0041 0.0093 -0.9999
vn -0.0024 0.0108 -0.9999
vn -0.0050 0.0145 -0.9999
vn -0.0071 0.0098 -0.9999
vn -0.0064 0.0084 -0.9999
vn -0.0052 0.0087 -0.9999
vn -0.0064 0.0107 -0.9999
vn 0.0006 -0.0157 0.9999
vn -0.0010 -0.0091 1.0000
vn -0.0006 -0.0085 1.0000
vn 0.0011 -0.0146 0.9999
vn 0.0075 -0.0148 0.9999
vn 0.0051 -0.0146 0.9999
vn 0.0055 -0.0134 0.9999
vn 0.0079 -0.0135 0.9999
vn -0.0025 1.0000 0.0012
vn -0.0025 1.0000 0.0002
vn 0.0215 -0.9998 0.0007
vn 0.0316 -0.9995 0.0007
vn -0.0014 -0.0017 1.0000
vn -0.0013 -0.0015 1.0000
vn -0.0012 -0.0015 1.0000
vn -0.0012 -0.0017 1.0000
vn 0.0029 -0.0004 -1.0000
vn 0.0039 -0.0018 -1.0000
vn 0.0047 -0.0019 -1.0000
vn 0.0040 0.0004 -1.0000
vn 0.0032 -0.0137 0.9999
vn 0.0040 -0.0115 0.9999
vn 0.0028 -0.0148 0.9999
vn -0.0053 0.0090 -0.9999
vn 0.0005 0.0097 -1.0000
vn -0.0067 0.0092 -0.9999
vn 0.9995 0.0243 -0.0223
vn 0.9995 0.0208 -0.0222
vn 0.9995 0.0267 -0.0166
vn -1.0000 0.0065 0.0025
vn -0.9999 0.0149 -0.0016
vn -1.0000 0.0040 0.0044
vn -0.9998 0.0207 -0.0037
vn 0.0048 0.0106 -0.9999
vn 0.9997 0.0195 -0.0165
vn 0.0044 -0.0104 0.9999
vn 0.0015 0.0029 -1.0000
vn 0.0070 0.0048 -1.0000
vn 0.0001 0.0012 -1.0000
vn -0.0012 -0.0019 1.0000
vn -0.0007 -0.0018 1.0000
vn -0.0015 -0.0020 1.0000
vn -1.0000 -0.0005 0.0021
vn -1.0000 -0.0077 -0.0007
vn -1.0000 0.0012 0.0029
vn 0.9998 -0.0207 -0.0029
vn 1.0000 -0.0001 -0.0043
vn 0.9995 -0.0323 -0.0005
vn -0.0005 -0.0017 1.0000
vn 1.0000 0.0089 -0.0033
vn 0.0112 0.0051 -0.9999
vn -0.9999 -0.0131 -0.0027
vn 0.0116 -0.0136 0.9998
vn 0.0104 -0.0135 0.9999
vn 0.0110 -0.0110 0.9999
vn 0.0122 -0.0110 0.9999
vn 0.0112 -0.0149 0.9998
vn 0.0100 -0.0148 0.9998
vn -0.0098 0.0131 -0.9999
vn -0.0085 0.0123 -0.9999
vn -0.0073 0.0152 -0.9999
vn -0.0089 0.0162 -0.9998
vn -0.0101 0.0117 -0.9999
vn -0.0090 0.0110 -0.9999
vn 1.0000 -0.0025 -0.0016
vn 1.0000 -0.0007 -0.0045
vn 0.9999 -0.0100 -0.0057
vn 0.9999 -0.0109 -0.0026
vn 1.0000 0.0013 -0.0006
vn 1.0000 0.0036 -0.0027
vn -0.9999 0.0113 0.0019
vn -0.9999 0.0116 0.0029
vn -1.0000 0.0082 0.0027
vn -1.0000 0.0076 0.0015
vn -0.9999 0.0130 0.0019
vn -0.9999 0.0132 0.0027
vn -1.0000 0.0065 0.0022
vn -1.0000 0.0056 0.0012
vn -0.0066 0.0169 -0.9998
vn -0.0084 0.0179 -0.9998
vn 0.9999 -0.0148 -0.0051
vn 0.9999 -0.0153 -0.0026
vn 0.0112 -0.0097 0.9999
vn 0.0124 -0.0097 0.9999
vn -0.0009 0.0386 -0.9993
vn 0.0004 0.0195 -0.9998
vn 0.0010 -0.0399 0.9992
vn -0.0004 -0.0202 0.9998
vn 0.0006 -1.0000 -0.0032
vn 0.0004 -1.0000 -0.0033
vn -0.0001 1.0000 0.0010
vn -0.0002 1.0000 0.0008
vn -0.0002 1.0000 0.0009
vn 0.0011 -1.0000 -0.0019
vn 0.0010 -1.0000 -0.0025
vn 0.0009 -1.0000 -0.0025
vn 0.0023 -0.0596 0.9982
vn -0.0022 0.0577 -0.9983
vn -0.0025 1.0000 -0.0068
vn -0.0027 1.0000 -0.0066
vn 0.0022 -0.3789 0.9255
vn 0.0022 -0.3789 0.9254
vn 0.0018 -0.3814 0.9244
vn -0.0028 0.4249 -0.9052
vn -0.0028 0.4249 -0.9053
vn -0.0024 0.4442 -0.8959
vn -0.0095 0.3331 -0.9428
vn -0.0098 0.3349 -0.9422
vn 0.0122 -0.9999 0.0005
vn 0.0122 -0.9999 0.0004
vn 0.0109 -0.9998 0.0163
vn -0.0123 0.9998 0.0152
vn -0.0111 0.9999 0.0117
vn -0.0045 0.4052 -0.9142
vn -0.0039 0.4053 -0.9142
vn 0.0037 -0.3755 0.9268
vn 0.0032 -0.3759 0.9266
vn -0.0103 0.9995 0.0293
vn -0.0119 0.9996 0.0240
vn 0.0094 -0.9996 -0.0270
vn 0.0114 -0.9997 -0.0212
vn -0.0093 0.3313 -0.9435
vn -0.0024 1.0000 -0.0069
vn 0.0085 0.9030 -0.4295
vn 0.0094 -0.7636 -0.6456
vn 0.0098 -0.7637 -0.6454
vn 0.0029 -0.7611 -0.6486
vn 0.0226 -0.8329 -0.5530
vn 0.0196 -0.8020 -0.5970
vn 0.0194 -0.7995 -0.6003
vn 0.0005 0.2740 0.9617
vn 0.0001 0.2753 0.9614
vn 0.0167 0.2698 0.9628
vn 0.0165 0.2690 0.9630
vn 0.0246 0.2954 0.9550
vn -0.0081 0.3059 0.9520
vn 0.0255 0.2768 -0.9606
vn 0.0198 0.2666 -0.9636
vn -0.0051 -0.3026 0.9531
vn -0.0055 -0.2940 0.9558
vn -0.0051 -0.3025 0.9531
vn -0.0119 -0.9453 -0.3261
vn -0.0135 -0.9486 -0.3162
vn 0.0040 0.9501 0.3119
vn 0.0045 0.9509 0.3095
vn 0.0019 0.9486 0.3166
vn 0.0027 0.9489 0.3154
vn 0.0027 0.9490 0.3154
vn -0.0025 -0.9553 -0.2956
vn -0.0065 -0.9488 -0.3159
vn -0.0064 -0.9488 -0.3159
vn 0.0042 -0.3256 0.9455
vn 0.0020 -0.3252 0.9456
vn -0.0025 -0.3181 0.9481
vn -0.0025 -0.3179 0.9481
vn 0.0168 0.3698 -0.9289
vn 0.0242 0.3519 -0.9357
vn 0.0314 0.3104 -0.9501
vn 0.0314 0.3105 -0.9501
vn -1.0000 -0.0058 0.0036
vn 0.0097 0.2675 -0.9635
vn 0.9997 0.0231 0.0017
vn 0.0079 -0.2549 0.9669
vn 0.0062 -0.9528 -0.3035
vn 0.0014 0.9542 0.2991
vn -0.5298 0.8480 -0.0103
vn -0.5287 0.8211 0.2152
vn -0.5096 0.8336 0.2133
vn -0.5145 0.8574 -0.0097
vn -1.0000 0.0087 -0.0024
vn -0.9892 0.0067 0.1463
vn -0.9871 0.0045 0.1601
vn -1.0000 0.0088 -0.0011
vn -0.0003 -0.9997 -0.0235
vn -0.0016 -0.9798 0.1997
vn -0.0016 -0.9792 0.2029
vn -0.0003 -0.9997 -0.0236
vn -0.5030 0.7526 0.4249
vn -0.4845 0.7732 0.4092
vn 0.0056 0.0104 0.9999
vn 0.0038 0.0184 0.9998
vn 0.0023 0.0182 0.9998
vn 0.0039 0.0101 0.9999
vn 0.0064 0.0127 0.9999
vn 0.0045 0.0185 0.9998
vn -0.0026 -0.9043 0.4269
vn -0.5916 -0.8061 -0.0155
vn -0.5717 -0.8022 0.1724
vn -0.5693 -0.8004 0.1875
vn -0.5916 -0.8061 -0.0157
vn -0.5452 0.8382 -0.0109
vn -0.5462 0.8008 0.2457
vn 0.5218 -0.7751 -0.3564
vn 0.5345 -0.7645 -0.3604
vn 0.5191 -0.7772 -0.3556
vn -0.9892 0.0095 0.1460
vn -0.9869 0.0111 0.1607
vn -0.9549 0.0117 0.2968
vn -0.9553 0.0090 0.2956
vn -0.5191 0.7335 0.4387
vn -0.5323 -0.7671 0.3580
vn 0.5060 -0.7877 -0.3515
vn 0.0001 -0.0196 -0.9998
vn 0.0031 -0.0188 -0.9998
vn 0.0027 -0.0189 -0.9998
vn 0.0093 0.0229 -0.9997
vn 0.0022 0.0406 -0.9992
vn 0.0019 0.0411 -0.9992
vn 0.0086 0.0256 -0.9996
vn -0.0000 0.0451 -0.9990
vn 0.0002 0.0451 -0.9990
vn 0.0086 -0.0122 -0.9999
vn 0.0083 -0.0127 -0.9999
vn 0.0023 0.0437 -0.9990
vn -0.0105 0.0128 -0.9999
vn -0.0121 0.0106 -0.9999
vn -0.0121 0.0209 -0.9997
vn -0.0109 0.0201 -0.9997
vn -0.0089 0.0098 -0.9999
vn -0.0088 0.0187 -0.9998
vn 0.0030 0.9301 -0.3672
vn 0.9612 -0.0083 -0.2756
vn 0.9611 -0.0105 -0.2760
vn 0.9612 -0.0080 -0.2756
vn 0.5246 0.7841 -0.3317
vn -0.5286 0.8484 -0.0294
vn -0.5321 0.8462 -0.0295
vn -0.5267 0.8495 -0.0294
vn -0.5258 0.8501 -0.0292
vn -0.5391 0.8419 -0.0246
vn -0.5286 0.8485 -0.0244
vn -0.5988 -0.8008 0.0139
vn -0.5976 -0.8017 0.0108
vn -0.5975 -0.8018 0.0107
vn -0.5948 -0.8039 0.0006
vn -0.5948 -0.8039 0.0004
vn -0.0027 -0.9999 0.0144
vn -0.0019 -1.0000 0.0097
vn -0.0006 -1.0000 -0.0040
vn -0.0006 -1.0000 -0.0041
vn -1.0000 0.0014 -0.0026
vn -1.0000 0.0029 -0.0026
vn -1.0000 0.0029 -0.0013
vn -1.0000 0.0014 -0.0013
vn -1.0000 0.0058 -0.0026
vn -1.0000 0.0058 -0.0013
vn -0.5213 0.8528 -0.0293
vn -0.5230 0.8519 -0.0290
vn -0.5181 0.8550 -0.0244
vn -1.0000 0.0056 -0.0065
vn -0.9999 0.0086 -0.0063
vn -1.0000 0.0086 -0.0050
vn -1.0000 0.0057 -0.0052
vn -1.0000 0.0027 -0.0065
vn -1.0000 0.0028 -0.0052
vn -1.0000 0.0013 -0.0065
vn -1.0000 0.0014 -0.0052
vn 0.9616 -0.0008 -0.2746
vn 0.9615 -0.0031 -0.2748
vn 0.9615 -0.0034 -0.2749
vn -0.0070 -0.0113 -0.9999
vn -0.0084 -0.0127 -0.9999
vn -0.0094 -0.0038 -0.9999
vn -0.0080 -0.0033 -1.0000
vn -0.0092 -0.0134 -0.9999
vn -0.0102 -0.0074 -0.9999
vn 0.0115 0.0048 -0.9999
vn 0.0115 0.0022 -0.9999
vn -0.9560 0.0025 0.2935
vn -0.9562 -0.0004 0.2928
vn 0.0096 -0.0158 0.9998
vn 0.0096 -0.0051 0.9999
vn 0.0072 -0.0069 0.9999
vn 0.0078 -0.0149 0.9999
vn 0.0050 -0.0035 1.0000
vn 0.0048 -0.0134 0.9999
vn 0.5007 -0.8655 0.0145
vn 0.5013 -0.8649 0.0247
vn 0.5013 -0.8650 0.0203
vn 0.5006 -0.8656 0.0121
vn 0.4998 0.8661 -0.0073
vn 0.5000 0.8660 -0.0085
vn 0.4998 0.8661 -0.0072
vn -0.5007 0.8656 -0.0041
vn -0.5005 0.8657 -0.0059
vn -0.5005 0.8657 -0.0054
vn -0.5007 0.8656 -0.0037
vn 0.0039 0.0074 -1.0000
vn -0.5004 -0.8657 0.0135
vn -0.5011 -0.8651 0.0230
vn -0.5004 -0.8657 0.0137
vn 0.0061 -0.0015 1.0000
vn -0.4997 -0.8662 -0.0036
vn -0.4997 -0.8662 0.0003
vn -0.5007 0.8656 0.0056
vn -0.5008 0.8656 0.0016
vn -0.5007 0.8656 0.0013
vn -0.5006 0.8657 0.0045
vn 0.4998 0.8661 0.0110
vn 0.4997 0.8662 0.0025
vn 0.4997 0.8662 0.0026
vn 0.4998 -0.8661 -0.0055
vn 0.4999 -0.8661 -0.0005
vn 0.4998 -0.8661 -0.0007
vn 0.4998 -0.8662 -0.0056
vn -0.5008 0.8656 0.0024
vn -0.5007 0.8656 -0.0056
vn -0.5007 0.8656 -0.0051
vn -0.5008 0.8655 0.0021
vn -0.5007 0.8656 0.0089
vn -0.5007 0.8656 0.0078
vn -0.5005 0.8657 -0.0070
vn -0.5005 0.8657 -0.0066
vn 0.5002 -0.8659 0.0001
vn 0.5003 -0.8656 0.0196
vn 0.5005 -0.8655 0.0181
vn 0.5001 -0.8660 -0.0001
vn 0.5001 -0.8659 -0.0050
vn 0.5000 -0.8660 -0.0052
vn 0.5001 -0.8653 0.0337
vn 0.5007 -0.8650 0.0313
vn -1.0000 -0.0048 -0.0037
vn -0.9997 -0.0256 -0.0044
vn -0.9997 -0.0260 -0.0041
vn -1.0000 -0.0036 -0.0030
vn 0.0135 0.0339 -0.9993
vn 0.0156 -0.0166 -0.9997
vn 0.0135 0.0344 -0.9993
vn 0.9999 0.0163 -0.0001
vn 0.9994 0.0349 -0.0023
vn 0.9996 0.0292 -0.0028
vn 0.9999 0.0140 -0.0004
vn 0.0024 -0.0174 0.9998
vn 0.0013 -0.0284 0.9996
vn 0.0024 -0.0175 0.9998
vn 0.0001 -1.0000 -0.0000
vn -0.0018 1.0000 0.0014
vn -0.0016 1.0000 0.0013
vn -0.0022 1.0000 0.0005
vn -0.0022 1.0000 0.0010
vn 0.0001 -1.0000 0.0001
vn 0.9998 0.0189 0.0020
vn 0.9990 0.0447 0.0030
vn 0.9991 0.0428 0.0007
vn 0.9998 0.0192 0.0011
vn -1.0000 -0.0059 -0.0036
vn -0.9998 -0.0197 -0.0033
vn -0.9997 -0.0224 -0.0040
vn -1.0000 -0.0058 -0.0040
vn -1.0000 0.0068 -0.0010
vn -1.0000 0.0089 -0.0025
vn -0.9999 0.0121 -0.0017
vn -1.0000 0.0081 -0.0006
vn -1.0000 0.0060 -0.0012
vn -1.0000 0.0071 -0.0026
vn 1.0000 -0.0060 0.0004
vn 1.0000 -0.0053 0.0010
vn 1.0000 -0.0039 0.0014
vn 1.0000 -0.0051 0.0008
vn 1.0000 -0.0063 0.0002
vn 1.0000 -0.0059 0.0006
vn 0.0011 0.0003 1.0000
vn 0.0023 -0.0031 1.0000
vn 1.0000 -0.0031 0.0015
vn 1.0000 -0.0046 0.0009
vn 0.0016 0.0216 -0.9998
vn 0.0065 0.0527 -0.9986
vn 0.0065 0.0531 -0.9986
vn -0.9999 0.0133 -0.0011
vn -1.0000 0.0085 -0.0003
vn -0.9965 0.0832 0.0009
vn 0.0023 0.0269 -0.9996
vn 0.9963 0.0859 -0.0006
vn 0.0069 -0.0284 0.9996
vn -0.0019 -1.0000 0.0029
vn 0.0005 1.0000 -0.0004
vn -1.0000 -0.0039 0.0007
vn 0.0160 0.0563 -0.9983
vn 0.9777 0.2100 -0.0024
vn 0.0018 -0.0020 1.0000
vn -0.0038 -1.0000 0.0062
vn 0.0013 0.9999 -0.0114
vn 1.0000 0.0080 0.0024
vn 1.0000 0.0093 0.0025
vn 1.0000 0.0093 0.0020
vn 1.0000 0.0080 0.0019
vn 1.0000 0.0067 0.0024
vn 1.0000 0.0066 0.0019
vn 1.0000 0.0053 0.0025
vn 1.0000 0.0053 0.0020
vn 1.0000 0.0039 0.0026
vn 1.0000 0.0039 0.0020
vn 1.0000 0.0026 0.0026
vn 1.0000 0.0026 0.0021
vn 1.0000 0.0013 0.0025
vn 1.0000 0.0013 0.0020
vn 1.0000 0.0006 0.0025
vn 1.0000 0.0006 0.0020
vn 0.1772 0.1249 0.9762
vn 0.2528 0.0690 0.9651
vn -0.0000 -0.9996 0.0269
vn 0.0322 -0.9991 0.0269
vn 0.9957 0.0120 -0.0921
vn 0.9999 0.0100 0.0026
vn 0.9999 0.0100 0.0021
vn 0.9759 0.0135 -0.2179
vn 0.9755 0.0135 -0.2197
vn 0.4694 0.8825 -0.0303
vn 0.9742 0.0111 -0.2254
vn 0.9746 0.0111 -0.2237
vn -0.9844 -0.0082 0.1757
vn -0.9845 -0.0082 0.1754
vn 0.0234 0.0215 0.9995
vn 0.0304 0.0191 0.9994
vn 0.0250 0.0198 0.9995
vn 0.0230 0.0215 0.9995
vn 0.0341 0.0179 0.9993
vn 0.0298 0.0180 0.9994
vn -0.0561 -0.0000 0.9984
vn -0.0551 -0.0000 0.9985
vn -0.0017 0.0009 -1.0000
vn -0.0052 0.0009 -1.0000
vn -0.0080 0.0001 -1.0000
vn -0.0053 0.0003 -1.0000
vn -0.0117 -0.0007 -0.9999
vn -0.0113 -0.0007 -0.9999
vn 0.0114 0.0001 -0.9999
vn 0.0123 -0.0007 -0.9999
vn 0.0127 -0.0007 -0.9999
vn 0.0139 0.0003 -0.9999
vn 0.0119 0.0009 -0.9999
vn 0.0144 0.0008 -0.9999
vn 0.5002 -0.8469 0.1806
vn 0.5003 -0.8468 0.1806
vn 0.4990 -0.8476 0.1808
vn 0.5015 -0.8461 0.1805
vn 0.0096 -0.0531 0.9985
vn 0.0197 -0.0447 0.9988
vn 0.0195 -0.0448 0.9988
vn 0.0642 -0.0001 0.9979
vn 0.0654 -0.0001 0.9979
vn 0.0463 0.0458 0.9979
vn 0.0467 0.0450 0.9979
vn 0.0135 0.0920 0.9957
vn 0.0135 0.0919 0.9957
vn 0.0404 -0.0179 0.9990
vn 0.0403 -0.0182 0.9990
vn 0.0033 0.0934 0.9956
vn -0.0183 0.0199 0.9996
vn -0.0131 0.0196 0.9997
vn -0.0079 0.0185 0.9998
vn -0.0162 0.0183 0.9997
vn -0.0223 0.0215 0.9995
vn -0.0219 0.0215 0.9995
vn 0.0331 0.9850 0.1695
vn 0.2781 0.9442 0.1766
vn 0.2734 0.9455 0.1766
vn 0.9845 -0.0082 0.1749
vn 0.9845 -0.0082 0.1750
vn 0.9846 -0.0082 0.1747
vn 0.5017 0.8476 0.1730
vn -0.1057 -0.1004 -0.9893
vn -0.1881 -0.0478 -0.9810
vn -0.0169 -0.1386 -0.9902
vn -0.0019 -0.1326 -0.9912
vn -0.2988 -0.9389 -0.1706
vn -0.2843 -0.9349 -0.2123
vn -0.4878 -0.8486 -0.2048
vn -0.4933 -0.8530 -0.1705
vn -0.5030 0.8403 -0.2021
vn -0.4980 0.8439 -0.1995
vn -0.4969 0.8410 -0.2141
vn -0.4999 0.8381 -0.2183
vn -0.1093 -0.1245 0.9862
vn -0.0584 -0.1184 0.9912
vn -0.4996 0.8463 -0.1846
vn -0.5066 0.8426 -0.1825
vn -0.9754 0.0111 -0.2201
vn -0.9754 0.0123 -0.2199
vn -0.9758 0.0122 -0.2182
vn -0.9758 0.0111 -0.2184
vn -0.2817 0.0154 -0.9594
vn -0.2795 0.0153 -0.9600
vn -0.9746 0.0135 -0.2234
vn -0.9746 0.0123 -0.2235
vn -0.9742 0.0123 -0.2254
vn -0.9742 0.0136 -0.2253
vn -0.0625 -0.9757 -0.2098
vn -0.0541 -0.9653 -0.2556
vn -0.2640 -0.9309 -0.2523
vn -0.2736 0.0153 -0.9617
vn -0.2748 0.0153 -0.9614
vn -0.0710 -0.9843 -0.1619
vn -0.4930 0.8467 -0.2000
vn -0.4942 0.8435 -0.2104
vn -0.1657 0.1087 -0.9802
vn -0.2057 0.0738 -0.9758
vn -0.4915 0.8505 -0.1871
vn -0.4822 -0.8438 -0.2354
vn -0.5797 -0.8148 0.0063
vn -0.5795 -0.8150 0.0053
vn -0.5769 -0.8168 -0.0083
vn -0.0023 -0.9999 0.0121
vn -0.0023 -0.9999 0.0119
vn -0.0012 -1.0000 -0.0060
vn -1.0000 0.0093 0.0010
vn -1.0000 0.0093 0.0005
vn -0.9999 0.0100 0.0006
vn -0.9999 0.0100 0.0011
vn -0.5269 0.8499 -0.0010
vn -0.5174 0.8557 0.0028
vn -0.5206 0.8538 0.0075
vn -0.5303 0.8478 0.0033
vn -0.1348 0.1595 0.9780
vn -0.1114 0.1731 0.9786
vn -0.0889 0.1480 -0.9850
vn -0.0511 0.1363 -0.9894
vn -0.9958 0.0120 -0.0913
vn -0.9958 0.0120 -0.0910
vn -0.2770 -0.0513 0.9595
vn -0.2089 -0.1007 0.9727
vn -0.5418 -0.8405 -0.0080
vn -0.3397 -0.0054 0.9405
vn -0.3418 -0.0054 0.9398
vn -0.3455 -0.0053 0.9384
vn -0.3465 -0.0053 0.9380
vn -0.5108 0.8582 -0.0512
vn -0.4911 0.8701 -0.0412
vn -0.4895 0.8711 -0.0404
vn -0.5365 0.8439 -0.0045
vn -0.5396 0.8419 -0.0008
vn -0.9957 0.0120 -0.0919
vn -0.5283 0.8491 -0.0064
vn -0.5319 0.8468 -0.0064
vn -0.5315 0.8471 0.0029
vn -0.5286 0.8489 0.0042
vn -0.5292 0.8482 0.0222
vn -0.5292 0.8481 0.0258
vn -0.5246 0.8509 0.0288
vn -0.5292 0.8478 0.0330
vn -0.5200 0.8540 0.0142
vn -0.5286 0.8487 0.0159
vn -0.5187 0.8550 -0.0024
vn -0.5287 0.8488 -0.0033
vn -0.5214 0.8533 -0.0064
vn -0.5313 0.8472 -0.0089
vn -0.5355 0.8445 -0.0064
vn -0.5344 0.8452 0.0019
vn -0.5294 0.8482 0.0189
vn -0.5200 0.8538 0.0245
vn -0.5115 0.8592 0.0118
vn -0.5087 0.8610 -0.0019
vn -0.5116 0.8592 -0.0039
vn -1.0000 0.0006 0.0010
vn -1.0000 0.0006 0.0005
vn -1.0000 0.0013 0.0005
vn -1.0000 0.0013 0.0010
vn -1.0000 0.0026 0.0005
vn -1.0000 0.0026 0.0010
vn -1.0000 0.0039 0.0005
vn -1.0000 0.0039 0.0010
vn -1.0000 0.0053 0.0005
vn -1.0000 0.0053 0.0010
vn -1.0000 0.0066 0.0004
vn -1.0000 0.0066 0.0009
vn -1.0000 0.0080 0.0004
vn -1.0000 0.0080 0.0009
vn 0.0001 -1.0000 0.0030
vn 0.0009 -1.0000 0.0048
vn 0.0020 -1.0000 0.0089
vn 0.0019 -0.9999 0.0134
vn 0.0005 -0.9999 0.0141
vn -0.0013 -0.9998 0.0217
vn -0.0028 -0.9995 0.0304
vn -0.5985 -0.8011 0.0019
vn -0.5980 -0.8015 0.0027
vn -0.5965 -0.8026 0.0052
vn -0.5965 -0.8026 0.0051
vn -0.5947 -0.8039 0.0096
vn -0.5947 -0.8039 0.0094
vn -0.5930 -0.8051 0.0103
vn -0.5931 -0.8051 0.0104
vn -0.5902 -0.8072 0.0143
vn -0.5903 -0.8071 0.0139
vn -0.5851 -0.8107 0.0196
vn -0.5853 -0.8106 0.0196
vn -0.0050 0.0040 1.0000
vn -0.0051 0.0031 1.0000
vn 0.0015 -1.0000 0.0055
vn 0.0010 -1.0000 0.0079
vn -0.0014 1.0000 -0.0052
vn -0.0009 1.0000 -0.0074
vn -0.0001 1.0000 0.0007
vn -0.0001 1.0000 0.0009
vn -0.0002 1.0000 0.0013
vn -0.0004 1.0000 0.0018
vn -0.0007 1.0000 0.0022
vn -0.0013 1.0000 0.0017
vn -0.0017 1.0000 -0.0009
vn 0.0001 -1.0000 -0.0007
vn 0.0001 -1.0000 -0.0009
vn 0.0002 -1.0000 -0.0013
vn 0.0004 -1.0000 -0.0018
vn 0.0007 -1.0000 -0.0022
vn 0.0013 -1.0000 -0.0017
vn 0.0018 -1.0000 0.0010
vn -0.0047 0.0067 1.0000
vn -0.0049 0.0058 1.0000
vn 1.0000 -0.0028 0.0040
vn 1.0000 -0.0048 0.0034
vn 1.0000 -0.0021 0.0049
vn 1.0000 -0.0012 0.0053
vn -0.0069 0.0007 -1.0000
vn -0.0088 0.0003 -1.0000
vn -0.0074 -0.0038 -1.0000
vn -0.0065 -0.0028 -1.0000
vn -1.0000 0.0045 0.0056
vn -0.9999 0.0109 0.0032
vn -0.9999 0.0127 0.0061
vn -0.9999 0.0082 0.0097
vn 0.0009 -0.0017 1.0000
vn 0.0008 -0.0016 1.0000
vn 0.0009 -0.0015 1.0000
vn 0.0010 -0.0015 1.0000
vn 0.0011 -0.9999 0.0112
vn 0.0044 -1.0000 -0.0017
vn 0.0202 -0.9998 -0.0041
vn 0.0134 -0.9999 0.0093
vn 0.0020 1.0000 0.0023
vn 0.0024 1.0000 0.0025
vn 0.0023 1.0000 0.0028
vn 0.0028 1.0000 0.0026
vn -0.0085 -0.0109 0.9999
vn -0.0088 -0.0097 0.9999
vn -0.0065 -0.0099 0.9999
vn -0.0062 -0.0111 0.9999
vn -0.0018 -0.0122 0.9999
vn -0.0022 -0.0111 0.9999
vn -0.0003 -0.0066 1.0000
vn -0.9999 -0.0082 -0.0124
vn -0.9998 -0.0142 -0.0104
vn -0.9999 0.0039 -0.0149
vn -0.9998 0.0082 -0.0188
vn -0.9997 0.0118 -0.0214
vn -0.9998 0.0142 -0.0149
vn -0.9999 0.0099 -0.0102
vn -0.9999 0.0025 -0.0149
vn 0.0043 0.0130 -0.9999
vn 0.0029 0.0145 -0.9999
vn -0.0009 0.0115 -0.9999
vn 0.0016 0.0102 -0.9999
vn -0.0028 0.0165 -0.9999
vn -0.0090 0.0175 -0.9998
vn -0.0117 0.0148 -0.9998
vn -0.0054 0.0135 -0.9999
vn 0.9999 0.0108 0.0044
vn 0.9999 0.0099 0.0037
vn 0.9999 0.0146 0.0026
vn 0.9999 0.0126 0.0036
vn 0.9999 0.0110 -0.0074
vn 0.9998 0.0147 -0.0115
vn 0.9999 -0.0069 -0.0109
vn 1.0000 -0.0032 -0.0068
vn 1.0000 0.0049 0.0036
vn 1.0000 0.0062 0.0001
vn 1.0000 0.0020 0.0001
vn 1.0000 0.0032 0.0031
vn 0.9999 0.0138 0.0040
vn 0.9999 0.0128 0.0045
vn 0.9999 0.0096 0.0046
vn 1.0000 0.0088 0.0047
vn -0.9998 0.0065 -0.0180
vn -0.9997 0.0078 -0.0229
vn -0.9998 -0.0142 -0.0162
vn -0.9996 -0.0234 -0.0126
vn -0.9999 0.0089 -0.0076
vn -0.9999 0.0034 -0.0111
vn -0.9997 0.0169 -0.0178
vn -0.9997 0.0212 -0.0127
vn 0.0008 1.0000 -0.0012
vn 0.0012 1.0000 0.0005
vn 0.0038 1.0000 0.0007
vn 0.0043 1.0000 -0.0010
vn -0.0043 -0.9995 0.0327
vn -0.0033 -0.9996 0.0284
vn 0.0032 -0.9996 0.0278
vn -0.0004 -0.9995 0.0331
vn -0.9998 -0.0162 0.0100
vn -0.9999 -0.0091 0.0090
vn -0.9999 -0.0007 0.0136
vn -0.9999 -0.0050 0.0137
vn 1.0000 0.0009 0.0028
vn 1.0000 -0.0000 0.0037
vn 1.0000 0.0001 0.0042
vn 1.0000 0.0005 0.0027
vn -0.0214 -0.9995 0.0247
vn -0.0289 -0.9995 0.0111
vn -0.0201 -0.9997 0.0122
vn -0.0155 -0.9995 0.0268
vn -0.0165 -0.9995 0.0276
vn -0.0123 -0.9995 0.0300
vn -0.0072 1.0000 -0.0029
vn -0.0006 1.0000 -0.0007
vn 0.0003 1.0000 0.0007
vn -0.0043 1.0000 -0.0013
vn -0.0108 0.9999 -0.0042
vn -0.0068 1.0000 -0.0028
vn 0.0068 0.0138 -0.9999
vn 0.0050 0.0145 -0.9999
vn 0.0024 0.0108 -0.9999
vn 0.0041 0.0093 -0.9999
vn 0.0071 0.0098 -0.9999
vn 0.0064 0.0107 -0.9999
vn 0.0052 0.0087 -0.9999
vn 0.0064 0.0084 -0.9999
vn -0.0006 -0.0157 0.9999
vn -0.0011 -0.0146 0.9999
vn 0.0006 -0.0085 1.0000
vn 0.0010 -0.0091 1.0000
vn -0.0075 -0.0148 0.9999
vn -0.0079 -0.0135 0.9999
vn -0.0055 -0.0134 0.9999
vn -0.0051 -0.0146 0.9999
vn 0.0025 1.0000 0.0002
vn 0.0025 1.0000 0.0012
vn -0.0316 -0.9995 0.0007
vn -0.0215 -0.9998 0.0007
vn 0.0014 -0.0017 1.0000
vn 0.0012 -0.0017 1.0000
vn 0.0012 -0.0015 1.0000
vn 0.0013 -0.0015 1.0000
vn -0.0029 -0.0004 -1.0000
vn -0.0040 0.0004 -1.0000
vn -0.0047 -0.0019 -1.0000
vn -0.0039 -0.0018 -1.0000
vn -0.0040 -0.0115 0.9999
vn -0.0032 -0.0137 0.9999
vn -0.0028 -0.0148 0.9999
vn -0.0005 0.0097 -1.0000
vn 0.0053 0.0090 -0.9999
vn 0.0067 0.0092 -0.9999
vn -0.9995 0.0208 -0.0222
vn -0.9995 0.0243 -0.0223
vn -0.9995 0.0267 -0.0166
vn 0.9999 0.0149 -0.0016
vn 1.0000 0.0065 0.0025
vn 1.0000 0.0040 0.0044
vn 0.9998 0.0207 -0.0037
vn -0.0048 0.0106 -0.9999
vn -0.9997 0.0195 -0.0165
vn -0.0044 -0.0104 0.9999
vn -0.0070 0.0048 -1.0000
vn -0.0015 0.0029 -1.0000
vn -0.0001 0.0012 -1.0000
vn 0.0007 -0.0018 1.0000
vn 0.0012 -0.0019 1.0000
vn 0.0015 -0.0020 1.0000
vn 1.0000 -0.0077 -0.0007
vn 1.0000 -0.0005 0.0021
vn 1.0000 0.0012 0.0029
vn -1.0000 -0.0001 -0.0043
vn -0.9998 -0.0207 -0.0029
vn -0.9995 -0.0323 -0.0005
vn 0.0005 -0.0017 1.0000
vn -1.0000 0.0089 -0.0033
vn -0.0112 0.0051 -0.9999
vn 0.9999 -0.0131 -0.0027
vn -0.0116 -0.0136 0.9998
vn -0.0122 -0.0110 0.9999
vn -0.0110 -0.0110 0.9999
vn -0.0104 -0.0135 0.9999
vn -0.0112 -0.0149 0.9998
vn -0.0100 -0.0148 0.9998
vn 0.0098 0.0131 -0.9999
vn 0.0089 0.0162 -0.9998
vn 0.0073 0.0152 -0.9999
vn 0.0085 0.0123 -0.9999
vn 0.0101 0.0117 -0.9999
vn 0.0090 0.0110 -0.9999
vn -1.0000 -0.0025 -0.0016
vn -0.9999 -0.0109 -0.0026
vn -0.9999 -0.0100 -0.0057
vn -1.0000 -0.0007 -0.0045
vn -1.0000 0.0013 -0.0006
vn -1.0000 0.0036 -0.0027
vn 0.9999 0.0113 0.0019
vn 1.0000 0.0076 0.0015
vn 1.0000 0.0082 0.0027
vn 0.9999 0.0116 0.0029
vn 0.9999 0.0130 0.0019
vn 0.9999 0.0132 0.0027
vn 1.0000 0.0056 0.0012
vn 1.0000 0.0065 0.0022
vn 0.0084 0.0179 -0.9998
vn 0.0066 0.0169 -0.9998
vn -0.9999 -0.0153 -0.0026
vn -0.9999 -0.0148 -0.0051
vn -0.0124 -0.0097 0.9999
vn -0.0112 -0.0097 0.9999
vn 0.0009 0.0386 -0.9993
vn -0.0004 0.0195 -0.9998
vn -0.0010 -0.0399 0.9992
vn 0.0004 -0.0202 0.9998
vn -0.0006 -1.0000 -0.0032
vn -0.0004 -1.0000 -0.0033
vn 0.0001 1.0000 0.0010
vn 0.0002 1.0000 0.0008
vn 0.0002 1.0000 0.0009
vn -0.0011 -1.0000 -0.0019
vn -0.0009 -1.0000 -0.0025
vn -0.0010 -1.0000 -0.0025
vn -0.0023 -0.0596 0.9982
vn 0.0022 0.0577 -0.9983
vn 0.0025 1.0000 -0.0068
vn 0.0027 1.0000 -0.0066
vn -0.0022 -0.3789 0.9255
vn -0.0018 -0.3814 0.9244
vn -0.0022 -0.3789 0.9254
vn 0.0028 0.4249 -0.9052
vn 0.0024 0.4442 -0.8959
vn 0.0028 0.4249 -0.9053
vn 0.0095 0.3331 -0.9428
vn 0.0098 0.3349 -0.9422
vn -0.0122 -0.9999 0.0005
vn -0.0109 -0.9998 0.0163
vn -0.0122 -0.9999 0.0004
vn 0.0123 0.9998 0.0152
vn 0.0111 0.9999 0.0117
vn 0.0045 0.4052 -0.9142
vn 0.0039 0.4053 -0.9142
vn -0.0037 -0.3755 0.9268
vn -0.0032 -0.3759 0.9266
vn 0.0103 0.9995 0.0293
vn 0.0119 0.9996 0.0240
vn -0.0094 -0.9996 -0.0270
vn -0.0114 -0.9997 -0.0212
vn 0.0093 0.3313 -0.9435
vn 0.0024 1.0000 -0.0069
vn -0.0085 0.9030 -0.4295
vn -0.0094 -0.7636 -0.6456
vn -0.0029 -0.7611 -0.6486
vn -0.0098 -0.7637 -0.6454
vn -0.0226 -0.8329 -0.5530
vn -0.0194 -0.7995 -0.6003
vn -0.0196 -0.8020 -0.5970
vn -0.0005 0.2740 0.9617
vn -0.0165 0.2690 0.9630
vn -0.0167 0.2698 0.9628
vn -0.0001 0.2753 0.9614
vn -0.0246 0.2954 0.9550
vn 0.0081 0.3059 0.9520
vn -0.0255 0.2768 -0.9606
vn -0.0198 0.2666 -0.9636
vn 0.0051 -0.3026 0.9531
vn 0.0051 -0.3025 0.9531
vn 0.0055 -0.2940 0.9558
vn 0.0119 -0.9453 -0.3261
vn 0.0135 -0.9486 -0.3162
vn -0.0040 0.9501 0.3119
vn -0.0045 0.9509 0.3095
vn -0.0019 0.9486 0.3166
vn -0.0027 0.9490 0.3154
vn -0.0027 0.9489 0.3154
vn 0.0025 -0.9553 -0.2956
vn 0.0064 -0.9488 -0.3159
vn 0.0065 -0.9488 -0.3159
vn -0.0042 -0.3256 0.9455
vn -0.0020 -0.3252 0.9456
vn 0.0025 -0.3179 0.9481
vn 0.0025 -0.3181 0.9481
vn -0.0168 0.3698 -0.9289
vn -0.0242 0.3519 -0.9357
vn -0.0314 0.3105 -0.9501
vn -0.0314 0.3104 -0.9501
vn 1.0000 -0.0058 0.0036
vn -0.0097 0.2675 -0.9635
vn -0.9997 0.0231 0.0017
vn -0.0079 -0.2549 0.9669
vn -0.0062 -0.9528 -0.3035
vn -0.0014 0.9542 0.2991
vn 0.5298 0.8480 -0.0103
vn 0.5145 0.8574 -0.0097
vn 0.5096 0.8336 0.2133
vn 0.5287 0.8211 0.2152
vn 1.0000 0.0087 -0.0024
vn 1.0000 0.0088 -0.0011
vn 0.9871 0.0045 0.1601
vn 0.9892 0.0067 0.1463
vn 0.0003 -0.9997 -0.0235
vn 0.0003 -0.9997 -0.0236
vn 0.0016 -0.9792 0.2029
vn 0.0016 -0.9798 0.1997
vn 0.4845 0.7732 0.4092
vn 0.5030 0.7526 0.4249
vn -0.0056 0.0104 0.9999
vn -0.0039 0.0101 0.9999
vn -0.0023 0.0182 0.9998
vn -0.0038 0.0184 0.9998
vn -0.0064 0.0127 0.9999
vn -0.0045 0.0185 0.9998
vn 0.0026 -0.9043 0.4269
vn 0.5916 -0.8061 -0.0155
vn 0.5916 -0.8061 -0.0157
vn 0.5693 -0.8004 0.1875
vn 0.5717 -0.8022 0.1724
vn 0.5452 0.8382 -0.0109
vn 0.5462 0.8008 0.2457
vn -0.5218 -0.7751 -0.3564
vn -0.5191 -0.7772 -0.3556
vn -0.5345 -0.7645 -0.3604
vn 0.9892 0.0095 0.1460
vn 0.9553 0.0090 0.2956
vn 0.9549 0.0117 0.2968
vn 0.9869 0.0111 0.1607
vn 0.5191 0.7335 0.4387
vn 0.5323 -0.7671 0.3580
vn -0.5060 -0.7877 -0.3515
vn -0.0001 -0.0196 -0.9998
vn -0.0027 -0.0189 -0.9998
vn -0.0031 -0.0188 -0.9998
vn -0.0093 0.0229 -0.9997
vn -0.0086 0.0256 -0.9996
vn -0.0019 0.0411 -0.9992
vn -0.0022 0.0406 -0.9992
vn -0.0002 0.0451 -0.9990
vn -0.0083 -0.0127 -0.9999
vn -0.0086 -0.0122 -0.9999
vn -0.0023 0.0437 -0.9990
vn 0.0105 0.0128 -0.9999
vn 0.0109 0.0201 -0.9997
vn 0.0121 0.0209 -0.9997
vn 0.0121 0.0106 -0.9999
vn 0.0089 0.0098 -0.9999
vn 0.0088 0.0187 -0.9998
vn -0.0030 0.9301 -0.3672
vn -0.9612 -0.0083 -0.2756
vn -0.9612 -0.0080 -0.2756
vn -0.9611 -0.0105 -0.2760
vn -0.5246 0.7841 -0.3317
vn 0.5286 0.8484 -0.0294
vn 0.5258 0.8501 -0.0292
vn 0.5267 0.8495 -0.0294
vn 0.5321 0.8462 -0.0295
vn 0.5286 0.8485 -0.0244
vn 0.5391 0.8419 -0.0246
vn 0.5988 -0.8008 0.0139
vn 0.5975 -0.8018 0.0107
vn 0.5976 -0.8017 0.0108
vn 0.5948 -0.8039 0.0004
vn 0.5948 -0.8039 0.0006
vn 0.0027 -0.9999 0.0144
vn 0.0019 -1.0000 0.0097
vn 0.0006 -1.0000 -0.0041
vn 0.0006 -1.0000 -0.0040
vn 1.0000 0.0014 -0.0026
vn 1.0000 0.0014 -0.0013
vn 1.0000 0.0029 -0.0013
vn 1.0000 0.0029 -0.0026
vn 1.0000 0.0058 -0.0013
vn 1.0000 0.0058 -0.0026
vn 0.5230 0.8519 -0.0290
vn 0.5213 0.8528 -0.0293
vn 0.5181 0.8550 -0.0244
vn 1.0000 0.0056 -0.0065
vn 1.0000 0.0057 -0.0052
vn 0.9999 0.0086 -0.0050
vn 0.9999 0.0086 -0.0063
vn 1.0000 0.0027 -0.0065
vn 1.0000 0.0028 -0.0052
vn 1.0000 0.0013 -0.0065
vn 1.0000 0.0014 -0.0052
vn -0.9616 -0.0008 -0.2746
vn -0.9615 -0.0034 -0.2749
vn -0.9615 -0.0031 -0.2748
vn 0.0070 -0.0113 -0.9999
vn 0.0080 -0.0033 -1.0000
vn 0.0094 -0.0038 -0.9999
vn 0.0084 -0.0127 -0.9999
vn 0.0102 -0.0074 -0.9999
vn 0.0092 -0.0134 -0.9999
vn -0.0115 0.0022 -0.9999
vn -0.0115 0.0048 -0.9999
vn 0.9562 -0.0004 0.2928
vn 0.9560 0.0025 0.2935
vn -0.0096 -0.0158 0.9998
vn -0.0078 -0.0149 0.9999
vn -0.0072 -0.0069 0.9999
vn -0.0096 -0.0051 0.9999
vn -0.0048 -0.0134 0.9999
vn -0.0050 -0.0035 1.0000
vn -0.5007 -0.8655 0.0145
vn -0.5006 -0.8656 0.0121
vn -0.5013 -0.8650 0.0203
vn -0.5013 -0.8649 0.0247
vn -0.4998 0.8661 -0.0073
vn -0.4998 0.8661 -0.0072
vn -0.5000 0.8660 -0.0085
vn 0.5007 0.8656 -0.0041
vn 0.5007 0.8656 -0.0037
vn 0.5005 0.8657 -0.0054
vn 0.5005 0.8657 -0.0059
vn -0.0039 0.0074 -1.0000
vn 0.5004 -0.8657 0.0135
vn 0.5004 -0.8657 0.0137
vn 0.5011 -0.8651 0.0230
vn -0.0061 -0.0015 1.0000
vn 0.4997 -0.8662 -0.0036
vn 0.4997 -0.8662 0.0003
vn 0.5007 0.8656 0.0056
vn 0.5006 0.8657 0.0045
vn 0.5007 0.8656 0.0013
vn 0.5008 0.8656 0.0016
vn -0.4998 0.8661 0.0110
vn -0.4997 0.8662 0.0026
vn -0.4997 0.8662 0.0025
vn -0.4998 -0.8661 -0.0055
vn -0.4998 -0.8662 -0.0056
vn -0.4998 -0.8661 -0.0007
vn -0.4999 -0.8661 -0.0005
vn 0.5008 0.8656 0.0024
vn 0.5008 0.8655 0.0021
vn 0.5007 0.8656 -0.0051
vn 0.5007 0.8656 -0.0056
vn 0.5007 0.8656 0.0089
vn 0.5007 0.8656 0.0078
vn 0.5005 0.8657 -0.0066
vn 0.5005 0.8657 -0.0070
vn -0.5002 -0.8659 0.0001
vn -0.5001 -0.8660 -0.0001
vn -0.5005 -0.8655 0.0181
vn -0.5003 -0.8656 0.0196
vn -0.5001 -0.8659 -0.0050
vn -0.5000 -0.8660 -0.0052
vn -0.5007 -0.8650 0.0313
vn -0.5001 -0.8653 0.0337
vn 1.0000 -0.0048 -0.0037
vn 1.0000 -0.0036 -0.0030
vn 0.9997 -0.0260 -0.0041
vn 0.9997 -0.0256 -0.0044
vn -0.0135 0.0339 -0.9993
vn -0.0135 0.0344 -0.9993
vn -0.0156 -0.0166 -0.9997
vn -0.9999 0.0163 -0.0001
vn -0.9999 0.0140 -0.0004
vn -0.9996 0.0292 -0.0028
vn -0.9994 0.0349 -0.0023
vn -0.0024 -0.0174 0.9998
vn -0.0024 -0.0175 0.9998
vn -0.0013 -0.0284 0.9996
vn -0.0001 -1.0000 -0.0000
vn 0.0018 1.0000 0.0014
vn 0.0016 1.0000 0.0013
vn 0.0022 1.0000 0.0005
vn 0.0022 1.0000 0.0010
vn -0.0001 -1.0000 0.0001
vn -0.9998 0.0189 0.0020
vn -0.9998 0.0192 0.0011
vn -0.9991 0.0428 0.0007
vn -0.9990 0.0447 0.0030
vn 1.0000 -0.0059 -0.0036
vn 1.0000 -0.0058 -0.0040
vn 0.9997 -0.0224 -0.0040
vn 0.9998 -0.0197 -0.0033
vn 1.0000 0.0068 -0.0010
vn 1.0000 0.0081 -0.0006
vn 0.9999 0.0121 -0.0017
vn 1.0000 0.0089 -0.0025
vn 1.0000 0.0060 -0.0012
vn 1.0000 0.0071 -0.0026
vn -1.0000 -0.0060 0.0004
vn -1.0000 -0.0051 0.0008
vn -1.0000 -0.0039 0.0014
vn -1.0000 -0.0053 0.0010
vn -1.0000 -0.0063 0.0002
vn -1.0000 -0.0059 0.0006
vn -0.0011 0.0003 1.0000
vn -0.0023 -0.0031 1.0000
vn -1.0000 -0.0046 0.0009
vn -1.0000 -0.0031 0.0015
vn -0.0016 0.0216 -0.9998
vn -0.0065 0.0531 -0.9986
vn -0.0065 0.0527 -0.9986
vn 1.0000 0.0085 -0.0003
vn 0.9999 0.0133 -0.0011
vn 0.9965 0.0832 0.0009
vn -0.0023 0.0269 -0.9996
vn -0.9963 0.0859 -0.0006
vn -0.0069 -0.0284 0.9996
vn 0.0019 -1.0000 0.0029
vn -0.0005 1.0000 -0.0004
vn 1.0000 -0.0039 0.0007
vn -0.0160 0.0563 -0.9983
vn -0.9777 0.2100 -0.0024
vn -0.0018 -0.0020 1.0000
vn 0.0038 -1.0000 0.0062
vn -0.0013 0.9999 -0.0114
vn -1.0000 0.0080 0.0024
vn -1.0000 0.0080 0.0019
vn -1.0000 0.0093 0.0020
vn -1.0000 0.0093 0.0025
vn -1.0000 0.0067 0.0024
vn -1.0000 0.0066 0.0019
vn -1.0000 0.0053 0.0025
vn -1.0000 0.0053 0.0020
vn -1.0000 0.0039 0.0026
vn -1.0000 0.0039 0.0020
vn -1.0000 0.0026 0.0026
vn -1.0000 0.0026 0.0021
vn -1.0000 0.0013 0.0025
vn -1.0000 0.0013 0.0020
vn -1.0000 0.0006 0.0025
vn -1.0000 0.0006 0.0020
vn -0.2528 0.0690 0.9651
vn -0.1772 0.1249 0.9762
vn -0.0322 -0.9991 0.0269
vn -0.9957 0.0120 -0.0921
vn -0.9999 0.0100 0.0021
vn -0.9999 0.0100 0.0026
vn -0.9759 0.0135 -0.2179
vn -0.9755 0.0135 -0.2197
vn -0.4694 0.8825 -0.0303
vn -0.9742 0.0111 -0.2254
vn -0.9746 0.0111 -0.2237
vn 0.9844 -0.0082 0.1757
vn 0.9845 -0.0082 0.1754
vn -0.0234 0.0215 0.9995
vn -0.0230 0.0215 0.9995
vn -0.0250 0.0198 0.9995
vn -0.0304 0.0191 0.9994
vn -0.0298 0.0180 0.9994
vn -0.0341 0.0179 0.9993
vn 0.0551 -0.0000 0.9985
vn 0.0561 -0.0000 0.9984
vn 0.0017 0.0009 -1.0000
vn 0.0053 0.0003 -1.0000
vn 0.0080 0.0001 -1.0000
vn 0.0052 0.0009 -1.0000
vn 0.0113 -0.0007 -0.9999
vn 0.0117 -0.0007 -0.9999
vn -0.0000 0.3784 -0.9257
vn -0.0000 -0.3971 0.9178
vn -0.0000 -1.0000 -0.0000
vn -0.0000 1.0000 -0.0000
vn 1.0000 -0.0026 0.0043
vn 1.0000 0.0085 0.0052
vn 1.0000 -0.0033 0.0045
vn 0.9999 -0.0126 0.0109
vn 1.0000 -0.0005 -0.0004
vn 1.0000 -0.0010 -0.0008
vn 1.0000 -0.0022 -0.0001
vn 1.0000 -0.0012 -0.0001
vn 0.1032 -0.0181 -0.9945
vn -0.9920 -0.1247 -0.0197
vn 0.3561 -0.1787 -0.9172
vn 0.0500 -0.0414 0.9979
vn -0.0521 -0.1114 0.9924
vn -1.0000 -0.0032 0.0072
vn -0.9999 -0.0163 0.0045
vn -1.0000 -0.0067 0.0024
vn -0.9562 0.0002 0.2927
vn -0.9796 -0.1299 0.1531
vn 0.9999 0.0133 0.0017
vn 0.9999 0.0112 0.0035
vn 0.9999 0.0111 0.0035
vn 1.0000 -0.0007 0.0004
vn 1.0000 -0.0015 0.0008
vn 1.0000 -0.0005 0.0004
vn 1.0000 0.0010 -0.0012
vn 0.9999 -0.0130 0.0109
vn 0.9998 -0.0180 0.0064
vn 0.9999 -0.0118 -0.0020
vn 0.9998 -0.0180 0.0058
vn -0.9999 -0.0130 0.0110
vn -0.9997 -0.0237 0.0056
vn -0.9998 -0.0202 0.0051
vn -0.9998 -0.0208 0.0047
vn -0.9915 -0.1266 0.0287
vn -0.1007 -0.1458 -0.9842
vn -0.0027 0.0013 -1.0000
vn -0.0122 0.0064 -0.9999
vn -0.0124 0.0065 -0.9999
vn -0.0000 -0.0007 1.0000
vn -0.0000 -0.0008 1.0000
vn -0.0003 -0.0018 1.0000
vn 0.0024 -0.0610 0.9981
vn 0.0024 -0.0612 0.9981
vn -0.0023 -0.0590 0.9983
vn 0.0002 -0.0498 0.9988
vn 0.0011 -0.0520 0.9986
vn 0.0003 -0.0511 0.9987
vn -0.1266 0.0727 0.9893
vn -0.0194 -0.0414 0.9990
vn 0.0002 -0.3771 0.9262
vn -0.0006 -0.3887 0.9214
vn 0.0002 -0.3769 0.9263
vn -0.0006 -0.3889 0.9213
vn -0.0007 0.0004 1.0000
vn -0.0653 -0.3232 -0.9441
vn -0.0084 -0.3992 -0.9168
vn -0.0025 0.0012 -1.0000
vn -0.0731 0.0225 -0.9971
vn -0.0019 0.0592 -0.9982
vn -0.0070 0.0597 -0.9982
vn -0.0016 0.0591 -0.9982
vn -0.0252 -0.0653 -0.9975
vn -0.9985 0.0222 -0.0506
vn -0.9821 -0.1553 -0.1065
vn -0.9999 -0.0127 0.0112
vn -0.9999 -0.0125 0.0112
vn -0.9760 -0.1200 -0.1820
vn -0.9738 -0.0408 -0.2237
vn 0.9903 -0.1389 0.0004
vn 0.9908 -0.1351 -0.0004
vn 0.9908 -0.1350 -0.0005
vn 0.9903 -0.1390 0.0004
vn 1.0000 0.0001 -0.0001
vn 0.9827 -0.1852 -0.0029
vn 0.9588 -0.1888 0.2121
vn 0.9486 -0.0601 0.3106
vn 0.9928 -0.0197 0.1183
vn 0.9853 -0.0106 0.1705
vn -0.9945 -0.0822 0.0653
vn -0.9970 -0.0769 0.0087
vn -0.9961 -0.0877 0.0117
vn -0.9970 -0.0772 0.0088
vn -0.9625 -0.1425 0.2309
vn -0.9960 -0.0881 0.0118
vn -1.0000 0.0067 0.0019
vn -0.9985 -0.0476 -0.0277
vn -0.9999 -0.0043 0.0106
vn 0.0526 -0.3674 0.9286
vn 0.0398 -0.3852 0.9220
vn -0.0013 -0.0018 1.0000
vn 0.0728 -0.0180 0.9972
vn -0.0068 -0.0567 0.9984
vn -0.0006 -0.0503 0.9987
vn -0.0069 -0.0568 0.9984
vn -0.0074 0.0597 -0.9982
vn 1.0000 0.0033 -0.0039
vn 0.9965 -0.0725 -0.0415
vn 0.9956 -0.0820 -0.0450
vn 0.9965 -0.0728 -0.0416
vn -0.9898 -0.1411 0.0181
vn 0.3388 -0.3239 -0.8834
vn 0.9956 -0.0822 -0.0451
vn 0.9999 -0.0115 -0.0024
vn 0.9878 -0.1536 0.0253
vn 0.9845 -0.1722 0.0331
vn 0.7531 -0.1271 -0.6455
vn 0.7090 -0.0332 -0.7044
vn 0.7943 -0.1702 -0.5831
vn 0.7994 -0.0298 -0.6001
vn -0.4870 0.8734 0.0027
vn -0.4759 0.8795 0.0076
vn -0.4768 0.8790 0.0058
vn -0.5063 0.8623 -0.0047
vn -0.5046 0.8633 -0.0042
vn -0.5012 0.8653 -0.0026
vn 0.0008 -1.0000 -0.0015
vn 0.0010 -1.0000 -0.0012
vn 0.0014 -1.0000 -0.0013
vn 0.0013 -1.0000 -0.0016
vn 0.9996 0.0271 0.0031
vn 0.9996 0.0269 0.0031
vn -0.6984 0.7157 -0.0096
vn -0.6109 0.7917 -0.0060
vn 0.0012 -1.0000 0.0032
vn 0.0010 -1.0000 0.0042
vn 0.0011 -1.0000 0.0052
vn 0.0015 -1.0000 0.0039
vn -0.5885 -0.8083 0.0167
vn -0.5863 -0.8099 0.0177
vn -0.5847 -0.8111 0.0136
vn -0.5848 -0.8111 0.0135
vn -0.5913 -0.8061 0.0226
vn -0.5910 -0.8064 0.0229
vn -0.5899 -0.8073 0.0185
vn -0.5896 -0.8075 0.0202
vn -0.5074 0.8617 -0.0008
vn -0.5073 0.8617 -0.0029
vn -0.5074 0.8617 -0.0022
vn -0.5074 0.8617 0.0009
vn 0.5120 0.8590 -0.0050
vn 0.5126 0.8586 -0.0064
vn 0.5078 0.8614 -0.0042
vn 0.5074 0.8617 -0.0035
vn 0.5135 0.8581 -0.0084
vn 0.5114 0.8593 -0.0086
vn 0.5107 0.8597 -0.0082
vn 0.5103 0.8599 -0.0077
vn 0.8730 -0.4874 -0.0152
vn 0.8723 -0.4887 -0.0147
vn 0.8739 -0.4859 -0.0155
vn 0.8771 -0.4802 -0.0109
vn 0.8759 -0.4823 -0.0163
vn 0.8773 -0.4799 -0.0115
vn 0.8781 -0.4783 -0.0147
vn 0.9994 -0.0325 -0.0082
vn 0.9997 -0.0228 -0.0090
vn 0.9998 -0.0174 -0.0096
vn 0.9996 -0.0265 -0.0090
vn 1.0000 0.0052 -0.0024
vn 1.0000 0.0063 -0.0014
vn 1.0000 0.0046 -0.0042
vn 1.0000 0.0023 -0.0057
vn -1.0000 0.0075 0.0011
vn -1.0000 0.0076 0.0012
vn -1.0000 0.0077 0.0017
vn -1.0000 0.0076 0.0017
vn -1.0000 0.0069 0.0005
vn -1.0000 0.0070 0.0007
vn -1.0000 0.0071 0.0012
vn -1.0000 0.0070 0.0011
vn -1.0000 0.0067 0.0004
vn -1.0000 0.0068 0.0010
vn -1.0000 0.0066 0.0014
vn -0.9972 -0.0750 0.0069
vn -0.9974 -0.0717 0.0071
vn -0.9976 -0.0690 0.0071
vn -0.9975 -0.0706 0.0069
vn -0.9975 -0.0697 0.0072
vn -0.9977 -0.0676 0.0076
vn -0.9977 -0.0678 0.0074
vn -1.0000 0.0072 0.0007
vn -1.0000 0.0073 0.0008
vn -1.0000 0.0075 0.0014
vn -1.0000 0.0073 0.0012
vn -0.9977 -0.0668 0.0080
vn -0.9977 -0.0666 0.0087
vn -0.9977 -0.0668 0.0100
vn -0.9977 -0.0670 0.0109
vn 0.9999 -0.0088 -0.0094
vn 1.0000 0.0027 -0.0037
vn 1.0000 -0.0027 -0.0081
vn 0.9999 -0.0094 -0.0095
vn 1.0000 0.0070 0.0019
vn 1.0000 0.0072 0.0019
vn 1.0000 0.0074 0.0009
vn 1.0000 0.0072 0.0008
vn 1.0000 0.0074 0.0019
vn 1.0000 0.0075 0.0019
vn 1.0000 0.0077 0.0011
vn 1.0000 0.0076 0.0011
vn 0.9991 -0.0417 -0.0073
vn 1.0000 0.0065 0.0019
vn 1.0000 0.0066 0.0016
vn 1.0000 0.0066 0.0011
vn 1.0000 0.0065 0.0012
vn 1.0000 0.0067 0.0015
vn 1.0000 0.0069 0.0018
vn 1.0000 0.0070 0.0009
vn 1.0000 0.0068 0.0009
vn 0.8798 -0.4751 -0.0165
vn 0.8779 -0.4785 -0.0162
vn 0.8801 -0.4744 -0.0168
vn 0.8820 -0.4710 -0.0153
vn 0.5921 -0.8058 0.0081
vn 0.5934 -0.8048 0.0102
vn 0.5912 -0.8065 0.0077
vn 0.5913 -0.8064 0.0077
vn 0.5948 -0.8036 0.0189
vn 0.5960 -0.8026 0.0240
vn 0.5915 -0.8059 0.0237
vn 0.5915 -0.8061 0.0159
vn 0.8755 -0.4828 -0.0177
vn 0.8744 -0.4850 -0.0165
vn 0.8751 -0.4837 -0.0170
vn 0.8762 -0.4816 -0.0179
vn 0.5891 -0.8078 0.0201
vn 0.5864 -0.8098 0.0177
vn 0.5891 -0.8078 0.0206
vn 0.5906 -0.8066 0.0227
vn 0.5850 -0.8109 0.0149
vn 0.5846 -0.8112 0.0137
vn 0.5868 -0.8096 0.0163
vn 0.5876 -0.8090 0.0177
vn 0.5132 0.8583 -0.0072
vn 0.5135 0.8581 -0.0079
vn 0.5095 0.8604 -0.0064
vn 0.5086 0.8610 -0.0050
vn 0.5280 0.8492 -0.0089
vn 0.5285 0.8489 -0.0093
vn 0.5225 0.8526 -0.0087
vn 0.5224 0.8527 -0.0085
vn 0.5215 0.8531 -0.0141
vn 0.5192 0.8545 -0.0164
vn 0.5226 0.8525 -0.0087
vn 0.5228 0.8524 -0.0087
vn 0.5117 0.8592 0.0034
vn 0.5117 0.8592 -0.0005
vn 0.5073 0.8617 -0.0002
vn 0.5074 0.8617 0.0030
vn 0.5284 0.8490 0.0030
vn 0.5282 0.8491 -0.0020
vn 0.5221 0.8529 -0.0017
vn 0.5222 0.8528 0.0033
vn 0.5279 0.8492 -0.0080
vn 0.5278 0.8493 -0.0084
vn 0.5223 0.8527 -0.0079
vn 0.5222 0.8528 -0.0070
vn -0.5099 0.8602 -0.0072
vn -0.5103 0.8599 -0.0075
vn -0.5108 0.8597 -0.0086
vn -0.5108 0.8597 -0.0085
vn -0.5073 0.8618 -0.0031
vn -0.5075 0.8617 -0.0035
vn -0.5084 0.8611 -0.0050
vn -0.5076 0.8616 -0.0036
vn -0.5914 -0.8063 0.0102
vn -0.5915 -0.8061 0.0171
vn -0.5912 -0.8063 0.0162
vn -0.5915 -0.8063 0.0089
vn -0.8191 -0.5736 0.0049
vn -0.8200 -0.5722 0.0131
vn -0.8203 -0.5719 0.0099
vn -0.8206 -0.5715 0.0078
vn -0.8166 -0.5757 0.0418
vn -0.5870 -0.8093 0.0217
vn -0.5879 -0.8087 0.0189
vn -0.5851 -0.8108 0.0146
vn -0.5878 -0.8089 0.0162
vn -0.7999 -0.5972 0.0593
vn -0.7798 -0.6230 0.0617
vn 0.0012 -1.0000 -0.0009
vn 0.0014 -1.0000 0.0007
vn 0.0019 -1.0000 0.0008
vn 0.0017 -1.0000 -0.0011
vn -0.0019 -1.0000 -0.0010
vn -0.0020 -1.0000 0.0008
vn -0.0006 -1.0000 0.0007
vn -0.0005 -1.0000 -0.0009
vn -0.0020 -1.0000 0.0027
vn -0.0020 -1.0000 0.0031
vn -0.0005 -1.0000 0.0031
vn -0.0006 -1.0000 0.0027
vn -0.6484 0.7612 -0.0145
vn -1.0000 0.0073 0.0017
vn -1.0000 0.0074 0.0020
vn -1.0000 0.0075 0.0026
vn -1.0000 0.0073 0.0023
vn -1.0000 0.0076 0.0022
vn -1.0000 0.0077 0.0022
vn -1.0000 0.0078 0.0029
vn -1.0000 0.0076 0.0028
vn -0.7512 0.6601 -0.0040
vn -1.0000 0.0066 0.0018
vn -1.0000 0.0068 0.0016
vn -1.0000 0.0069 0.0021
vn -1.0000 0.0067 0.0022
vn -1.0000 0.0069 0.0017
vn -1.0000 0.0071 0.0017
vn -1.0000 0.0072 0.0022
vn -1.0000 0.0070 0.0022
vn 0.9996 0.0282 0.0031
vn 0.9996 0.0282 0.0032
vn 0.9996 0.0268 0.0031
vn 0.5075 0.8616 0.0027
vn 0.5074 0.8617 -0.0003
vn 0.5074 0.8617 -0.0002
vn 0.5077 0.8615 0.0022
vn 0.5073 0.8618 -0.0031
vn 0.0007 -1.0000 -0.0016
vn 0.0008 -1.0000 -0.0016
vn 0.0012 -1.0000 -0.0016
vn -0.0012 -1.0000 -0.0016
vn -0.0005 -1.0000 -0.0016
vn -0.0013 -1.0000 -0.0014
vn -0.0016 -1.0000 -0.0012
vn -0.0005 -1.0000 -0.0011
vn -0.0004 -1.0000 -0.0014
vn 0.9997 0.0255 0.0038
vn 0.9996 0.0264 0.0034
vn 0.9996 0.0265 0.0034
vn 0.9997 0.0255 0.0037
vn 0.5074 0.8617 -0.0034
vn 0.5079 0.8614 -0.0041
vn 0.5087 0.8609 -0.0054
vn 0.5093 0.8606 -0.0065
vn 0.5080 0.8613 -0.0050
vn 0.5076 0.8616 -0.0040
vn -0.5171 0.8559 0.0045
vn -0.5096 0.8604 0.0032
vn -0.5082 0.8613 -0.0016
vn -0.5110 0.8596 0.0055
vn -0.5073 0.8618 0.0021
vn -0.5076 0.8616 -0.0017
vn -0.5071 0.8619 0.0017
vn -0.5073 0.8618 0.0026
vn -0.5086 0.8610 -0.0051
vn -0.5098 0.8603 -0.0070
vn -0.5176 0.8556 -0.0079
vn -0.5144 0.8575 -0.0069
vn -0.5004 0.8658 -0.0017
vn -0.4948 0.8690 -0.0010
vn -0.4885 0.8726 0.0002
vn -0.4958 0.8684 -0.0018
vn -0.5106 0.8598 -0.0083
vn -0.5108 0.8596 -0.0086
vn -0.5184 0.8551 -0.0083
vn -0.5181 0.8553 -0.0082
vn 0.9996 0.0281 0.0032
vn 0.9996 0.0276 0.0031
vn -0.5080 0.8613 -0.0042
vn -0.5089 0.8608 -0.0057
vn -0.5104 0.8599 -0.0078
vn -0.5095 0.8604 -0.0066
vn -0.5073 0.8617 -0.0038
vn 0.5619 0.8272 -0.0014
vn 0.5597 0.8287 -0.0010
vn 0.5618 0.8273 -0.0013
vn 0.5580 0.8299 -0.0010
vn -0.5253 0.8509 -0.0077
vn -0.5248 0.8512 -0.0078
vn -0.5260 0.8504 -0.0080
vn -0.5084 0.8611 -0.0049
vn -0.5074 0.8617 0.0034
vn -0.5073 0.8618 0.0030
vn -0.5220 0.8529 0.0035
vn -0.5120 0.8590 0.0053
vn -0.5230 0.8523 0.0037
vn -0.5232 0.8522 0.0035
vn -0.5232 0.8522 0.0009
vn -0.5242 0.8516 -0.0039
vn 0.9997 0.0250 0.0038
vn 0.5758 0.8176 0.0018
vn 0.5733 0.8193 0.0020
vn 0.5753 0.8179 0.0019
vn 0.5686 0.8226 0.0002
vn 0.0315 -0.9995 0.0008
vn 0.0348 -0.9994 0.0009
vn 0.0349 -0.9994 0.0009
vn 0.0415 -0.9991 0.0022
vn 0.0374 -0.9993 0.0015
vn -0.0006 -1.0000 -0.0016
vn 0.0267 -0.9996 0.0006
vn 0.0283 -0.9996 0.0007
vn 0.5077 0.8615 0.0026
vn 0.5080 0.8613 0.0019
vn 0.5074 0.8617 0.0034
vn 0.5648 0.8252 -0.0017
vn -1.0000 0.0066 0.0021
vn -1.0000 0.0066 0.0025
vn -1.0000 0.0065 0.0017
vn -0.7784 0.6278 -0.0001
vn -1.0000 0.0067 0.0025
vn -1.0000 0.0067 0.0026
vn -1.0000 0.0070 0.0024
vn -0.6730 0.7396 -0.0122
vn -1.0000 0.0079 0.0026
vn -1.0000 0.0076 0.0024
vn -1.0000 0.0080 0.0028
vn 0.0585 -0.9983 0.0057
vn 0.0680 -0.9977 0.0073
vn 0.0611 -0.9981 0.0070
vn 0.0520 -0.9986 0.0042
vn 0.0695 -0.9976 0.0076
vn 0.0495 -0.9988 0.0031
vn 0.0436 -0.9990 0.0029
vn -0.7902 -0.6099 0.0605
vn -0.9855 -0.1698 0.0023
vn -0.9931 -0.1169 -0.0039
vn -0.8089 -0.5850 0.0582
vn -0.9426 -0.3334 0.0188
vn -0.9712 -0.2382 0.0090
vn -0.5919 -0.8056 0.0252
vn -0.5918 -0.8057 0.0247
vn -0.5902 -0.8070 0.0209
vn -0.8199 -0.5723 0.0148
vn -0.8637 -0.5039 0.0002
vn -0.8979 -0.4400 0.0169
vn -0.8209 -0.5710 0.0051
vn -0.8209 -0.5710 0.0074
vn -0.8191 -0.5737 0.0008
vn -0.8411 -0.5409 0.0006
vn -0.5910 -0.8066 0.0069
vn -0.5918 -0.8060 0.0067
vn -0.5911 -0.8066 0.0072
vn -0.5912 -0.8064 0.0175
vn -0.5085 0.8610 -0.0059
vn -0.5099 0.8602 -0.0065
vn 0.4707 0.8823 -0.0030
vn 0.4783 0.8781 -0.0105
vn 0.4786 0.8780 -0.0106
vn 0.4709 0.8822 -0.0034
vn 0.4868 0.8734 -0.0142
vn 0.4836 0.8752 -0.0133
vn 0.5177 0.8555 0.0035
vn 0.4594 0.8882 0.0034
vn 0.4632 0.8863 0.0030
vn 0.4634 0.8861 0.0030
vn 0.5118 0.8591 0.0037
vn 0.5048 0.8631 -0.0172
vn 0.5167 0.8560 -0.0190
vn 0.5018 0.8648 -0.0168
vn 0.5178 0.8553 -0.0193
vn 0.4960 0.8682 -0.0163
vn 0.4928 0.8700 -0.0161
vn 0.6241 -0.7809 0.0256
vn 0.6246 -0.7805 0.0262
vn 0.6179 -0.7859 0.0253
vn 0.6400 -0.7679 0.0272
vn 0.6012 -0.7987 0.0251
vn 0.6118 -0.7906 0.0243
vn 0.6073 -0.7941 0.0242
vn 0.5919 -0.8056 0.0252
vn 0.5917 -0.8058 0.0240
vn 0.5916 -0.8059 0.0235
vn 0.5956 -0.8031 0.0127
vn 0.5992 -0.8002 0.0235
vn 0.5917 -0.8061 0.0078
vn 0.5915 -0.8062 0.0078
vn 0.5924 -0.8056 0.0088
vn 0.5933 -0.8049 0.0094
vn 0.8818 -0.4714 -0.0148
vn 0.5917 -0.8061 0.0085
vn 0.5920 -0.8059 0.0087
vn 1.0000 0.0067 0.0019
vn 1.0000 0.0068 0.0017
vn 1.0000 0.0068 0.0022
vn 1.0000 0.0064 0.0019
vn 1.0000 0.0065 0.0011
vn 1.0000 0.0064 0.0024
vn 1.0000 0.0065 0.0024
vn 0.9986 -0.0532 -0.0057
vn 1.0000 0.0072 0.0024
vn 1.0000 0.0074 0.0024
vn 1.0000 0.0075 0.0024
vn 1.0000 0.0070 0.0024
vn 1.0000 0.0073 0.0003
vn 1.0000 0.0071 0.0003
vn -0.5849 -0.8110 0.0134
vn -0.5851 -0.8109 0.0133
vn -0.5848 -0.8111 0.0134
vn -0.5853 -0.8107 0.0133
vn -0.5859 -0.8102 0.0144
vn -1.0000 0.0071 0.0004
vn -1.0000 0.0074 0.0004
vn -1.0000 0.0077 0.0004
vn -0.5876 -0.8089 0.0172
vn -0.5903 -0.8070 0.0171
vn -0.9972 -0.0743 0.0068
vn -0.5922 -0.8057 0.0108
vn -0.5926 -0.8054 0.0066
vn -1.0000 0.0065 0.0012
vn -1.0000 0.0066 0.0006
vn -1.0000 0.0067 0.0002
vn -1.0000 0.0068 0.0003
vn -1.0000 0.0079 0.0006
vn 0.9995 -0.0310 -0.0086
vn 1.0000 0.0068 0.0006
vn 0.5906 -0.8069 0.0107
vn 0.5903 -0.8069 0.0205
vn 0.5893 -0.8077 0.0193
vn -0.5073 0.8618 0.0007
vn -0.5074 0.8617 -0.0002
vn -0.5073 0.8618 -0.0011
vn -0.5918 -0.8057 0.0241
vn -0.5869 -0.8094 0.0196
vn -0.5865 -0.8097 0.0195
vn -0.6263 0.7795 -0.0135
vn -1.0000 0.0081 0.0031
vn -1.0000 0.0081 0.0033
vn -0.7245 0.6893 -0.0070
vn -1.0000 0.0073 0.0024
vn 0.5564 0.8309 -0.0010
vn 0.5557 0.8314 -0.0010
vn -0.5243 0.8515 -0.0072
vn -0.5271 0.8498 -0.0084
vn -0.5272 0.8497 -0.0084
vn -0.5278 0.8493 -0.0084
vn -0.1880 0.9822 -0.0013
vn -0.1807 0.9835 -0.0013
vn -0.1822 0.9833 -0.0013
vn -0.2506 0.8252 0.5063
vn -0.0002 -0.9996 -0.0299
vn 0.0050 -0.9995 -0.0311
vn 0.0042 -0.9997 -0.0244
vn -0.0002 -0.9996 -0.0289
vn 0.6468 0.7627 0.0047
vn 0.6464 0.7630 0.0047
vn 0.6492 0.7606 0.0047
vn -0.5506 0.8179 0.1672
vn -0.5144 0.8575 0.0034
vn -0.5144 0.8575 0.0030
vn -0.0133 -0.9999 -0.0011
vn -0.5629 -0.8263 -0.0218
vn -0.5610 -0.8276 -0.0208
vn -0.5707 -0.8208 -0.0246
vn -0.5701 -0.8212 -0.0248
vn -0.4561 0.7787 0.4309
vn -0.4560 0.7787 0.4309
vn -0.4559 0.7786 0.4311
vn 0.4678 0.7738 0.4270
vn 0.4693 0.7729 0.4272
vn 0.4559 0.7795 0.4296
vn 0.4665 0.7727 0.4304
vn 0.5155 0.8569 -0.0042
vn 0.5158 0.8567 -0.0042
vn 0.5119 0.8590 -0.0024
vn 0.5133 0.8582 -0.0033
vn 0.5906 -0.8065 -0.0261
vn 0.5907 -0.8064 -0.0260
vn 0.5917 -0.8057 -0.0278
vn 0.5888 -0.8079 -0.0239
vn 0.5891 -0.8077 -0.0239
vn 0.5900 -0.8070 -0.0266
vn 0.5893 -0.8075 -0.0263
vn 0.9981 0.0007 0.0620
vn 0.9999 0.0104 -0.0028
vn 0.9999 0.0101 -0.0028
vn 1.0000 0.0084 -0.0005
vn 1.0000 0.0094 -0.0028
vn -0.9999 0.0100 -0.0034
vn -0.9999 0.0099 -0.0031
vn -0.9999 0.0098 -0.0051
vn -0.9999 0.0101 -0.0052
vn -0.9999 0.0110 -0.0042
vn -0.9999 0.0108 -0.0042
vn -0.9999 0.0110 -0.0057
vn -0.9999 0.0111 -0.0057
vn -0.9555 0.0065 0.2950
vn -0.9552 0.0087 0.2958
vn -0.9551 0.0105 0.2962
vn -0.9551 0.0101 0.2961
vn -0.9716 0.0080 0.2365
vn -0.9999 0.0118 -0.0023
vn -0.9999 0.0117 -0.0019
vn -0.9999 0.0110 -0.0025
vn -0.9999 0.0113 -0.0028
vn -0.9999 0.0105 -0.0042
vn -0.9999 0.0102 -0.0039
vn -0.9999 0.0104 -0.0056
vn -0.9999 0.0107 -0.0057
vn -0.9999 0.0114 -0.0013
vn -0.9999 0.0110 -0.0011
vn -0.9999 0.0102 -0.0021
vn -0.9999 0.0106 -0.0022
vn -0.9999 0.0106 -0.0011
vn -0.9999 0.0104 -0.0010
vn -1.0000 0.0096 -0.0016
vn -1.0000 0.0098 -0.0018
vn 0.9999 0.0111 -0.0032
vn 0.9999 0.0108 -0.0030
vn 0.9999 0.0094 -0.0051
vn 0.9999 0.0115 -0.0026
vn 0.9999 0.0106 -0.0061
vn 0.9999 0.0102 -0.0061
vn 0.9999 0.0102 -0.0049
vn 0.9999 0.0106 -0.0049
vn 0.9999 0.0098 -0.0058
vn 0.9999 0.0096 -0.0056
vn 0.9999 0.0096 -0.0047
vn 0.9999 0.0098 -0.0047
vn 0.9558 0.0040 0.2939
vn 0.9558 0.0089 0.2939
vn 0.9559 0.0017 0.2936
vn 0.9549 0.0101 0.2968
vn 0.9549 0.0106 0.2968
vn 0.9553 0.0088 0.2954
vn 0.9553 0.0082 0.2955
vn 0.9929 0.0106 0.1186
vn 0.9931 0.0126 0.1170
vn 0.9941 0.0013 0.1081
vn 0.5646 -0.7806 0.2682
vn 0.5377 -0.7593 0.3664
vn 0.5377 -0.7593 0.3665
vn 0.5378 -0.7594 0.3663
vn 0.5941 -0.8044 -0.0070
vn 0.6038 -0.7971 0.0039
vn 0.5939 -0.8045 -0.0036
vn 0.5897 -0.8072 -0.0249
vn 0.5902 -0.8068 -0.0260
vn 0.5916 -0.8058 -0.0280
vn 0.5911 -0.8061 -0.0275
vn 0.6203 -0.7840 0.0216
vn 0.6778 -0.7317 0.0722
vn 0.4760 0.8626 0.1715
vn 0.5463 0.8376 -0.0011
vn 0.5467 0.8373 -0.0011
vn 0.5474 0.8368 -0.0016
vn 0.5473 0.8369 -0.0016
vn 0.5476 0.8368 -0.0011
vn 0.5480 0.8365 -0.0011
vn 0.5475 0.8368 -0.0016
vn 0.4647 0.7757 0.4270
vn 0.4662 0.7748 0.4271
vn 0.4613 0.7766 0.4291
vn 0.4605 0.7771 0.4291
vn 0.4832 0.7443 0.4611
vn 0.4829 0.7444 0.4611
vn 0.4828 0.7445 0.4612
vn 0.4825 0.7446 0.4612
vn 0.4823 0.7448 0.4612
vn 0.4824 0.7447 0.4612
vn -0.5128 0.8585 0.0006
vn -0.5120 0.8590 0.0009
vn -0.5127 0.8586 -0.0069
vn -0.5111 0.8595 -0.0022
vn -0.4705 0.8434 0.2595
vn -0.5238 -0.7722 0.3595
vn -0.5231 -0.7720 0.3612
vn -0.5236 -0.7729 0.3584
vn -0.0014 -0.9048 0.4258
vn -0.0006 -0.9048 0.4258
vn -0.0005 -0.9048 0.4258
vn 0.0013 -0.9994 -0.0345
vn 0.0007 -0.9994 -0.0345
vn -0.5685 -0.8223 -0.0246
vn -0.5662 -0.8240 -0.0235
vn -0.5661 -0.8240 -0.0235
vn 0.0012 -0.9994 -0.0343
vn 0.0005 -0.9994 -0.0343
vn 0.0005 -0.9994 -0.0345
vn 0.0008 -0.9994 -0.0341
vn 0.0006 -0.9994 -0.0341
vn 0.0004 -0.9994 -0.0342
vn 0.0043 -0.9991 -0.0428
vn -0.0004 -0.9993 -0.0378
vn 0.0023 -0.9990 -0.0438
vn 0.0050 -0.9991 -0.0427
vn -0.2718 0.2792 -0.9210
vn 0.0002 -0.9994 -0.0341
vn 0.0001 -0.9994 -0.0341
vn 0.0001 -0.9994 -0.0339
vn -0.5144 0.8575 0.0033
vn -0.5142 0.8577 0.0021
vn -0.5136 0.8580 0.0016
vn -0.9997 0.0222 -0.0046
vn -0.9997 0.0250 -0.0043
vn -0.9997 0.0252 -0.0043
vn -0.9997 0.0223 -0.0046
vn -0.9995 0.0311 -0.0040
vn -0.9995 0.0304 -0.0037
vn -0.9996 0.0286 -0.0039
vn -0.5079 0.7670 0.3922
vn -0.5026 0.7673 0.3984
vn -0.5042 0.7677 0.3954
vn -0.9543 0.0133 0.2986
vn -0.9545 0.0119 0.2979
vn -0.9534 0.0150 0.3015
vn -0.9536 0.0144 0.3006
vn -0.9998 0.0203 -0.0052
vn -0.9999 0.0136 -0.0059
vn -0.9998 0.0189 -0.0051
vn 0.5609 0.7898 0.2482
vn 0.4727 0.7797 0.4105
vn 0.4714 0.7804 0.4109
vn 0.4823 0.7737 0.4108
vn 0.4560 0.7787 0.4309
vn 0.4559 0.7786 0.4311
vn 0.4561 0.7787 0.4308
vn -0.0088 -0.9871 0.1601
vn -0.0109 -0.9853 0.1705
vn -0.0083 -0.9886 0.1502
vn -0.0095 -0.9735 0.2283
vn -0.3007 -0.0212 0.9535
vn 0.5702 0.7226 0.3906
vn 0.5698 0.7228 0.3910
vn 0.5701 0.7227 0.3907
vn 0.5440 0.8240 0.1583
vn 0.5124 0.8588 -0.0006
vn 0.5138 0.8579 0.0013
vn 0.5143 0.8576 0.0029
vn 0.5141 0.8577 0.0022
vn -0.4066 0.7975 0.4457
vn -0.5143 0.7429 0.4285
vn -0.5155 0.7410 0.4303
vn -0.5156 0.7389 0.4338
vn -0.5096 0.7435 0.4329
vn -0.5140 0.7371 0.4387
vn -0.5078 0.7366 0.4467
vn -0.5094 0.7374 0.4434
vn -0.2059 0.9786 0.0022
vn -0.2029 0.9792 0.0011
vn -0.1924 0.9813 -0.0003
vn -0.5423 0.8402 -0.0008
vn -0.5426 0.8400 -0.0007
vn -0.5476 0.8367 -0.0001
vn -0.5429 0.8398 -0.0000
vn -0.5435 0.8394 -0.0004
vn -0.5442 0.8390 -0.0002
vn -0.5512 0.8343 -0.0013
vn -0.5480 0.8365 -0.0002
vn 0.6535 0.7569 0.0047
vn 0.6502 0.7598 0.0047
vn 0.6530 0.7574 0.0047
vn -0.5121 0.8589 -0.0013
vn -0.5124 0.8588 -0.0010
vn -0.5108 0.8597 -0.0033
vn -0.5107 0.8597 -0.0036
vn -0.5224 0.8389 0.1526
vn -0.5134 0.8581 0.0017
vn -0.5122 0.8589 -0.0003
vn 0.7553 0.6469 0.1047
vn 0.5388 0.8169 0.2059
vn 0.5144 0.8575 0.0034
vn 0.5141 0.8578 0.0023
vn -0.5119 0.8590 -0.0068
vn -0.5129 0.8584 -0.0093
vn -0.5440 0.8059 0.2336
vn -0.5024 0.8428 0.1928
vn -0.3249 0.9021 0.2841
vn -0.5276 0.8110 0.2528
vn -0.5526 0.8334 0.0005
vn -0.5527 0.8334 0.0004
vn -0.5128 0.7440 0.4283
vn -0.5070 0.7444 0.4345
vn -0.4341 0.7706 0.4667
vn -0.5007 0.7447 0.4413
vn -0.4953 0.7516 0.4356
vn -0.4940 0.7499 0.4399
vn -0.4944 0.7496 0.4401
vn 0.5121 0.8589 -0.0017
vn 0.5146 0.8574 -0.0040
vn 0.4713 0.8404 0.2677
vn 0.5134 0.8364 0.1921
vn 0.5705 0.7225 0.3905
vn 0.5087 0.7677 0.3898
vn 0.5086 0.7676 0.3899
vn 0.5053 0.7675 0.3946
vn 0.5075 0.7672 0.3922
vn 0.0004 -0.9994 -0.0345
vn 0.0415 -0.9987 -0.0292
vn 0.0441 -0.9986 -0.0289
vn 0.0440 -0.9986 -0.0289
vn 0.0508 -0.9983 -0.0269
vn 0.0477 -0.9985 -0.0277
vn -0.0000 -0.9048 0.4259
vn 0.0462 -0.9085 0.4154
vn 0.0285 -0.9658 0.2579
vn -0.2026 -0.9246 -0.3226
vn 0.0002 -0.9048 0.4258
vn -0.0116 -0.9837 0.1796
vn 0.4561 0.7787 0.4309
vn 0.4564 0.7788 0.4303
vn 0.4838 0.7730 0.4104
vn 0.4631 0.7759 0.4283
vn 0.5698 0.7227 0.3911
vn 0.5035 0.7672 0.3974
vn 0.4878 0.7699 0.4116
vn -0.9908 0.0217 0.1337
vn -0.9865 0.0167 0.1630
vn -0.9541 0.0145 0.2990
vn -0.9539 0.0140 0.2999
vn -0.9551 0.0097 0.2960
vn -0.5088 0.7676 0.3897
vn -0.8126 0.4451 0.3763
vn -0.7895 0.4806 0.3816
vn -0.9999 0.0092 -0.0061
vn -0.9999 0.0097 -0.0062
vn -0.9999 0.0090 -0.0061
vn -0.9998 0.0210 -0.0048
vn -0.9999 0.0101 -0.0063
vn -0.7763 0.6302 0.0124
vn -0.7252 0.6882 0.0204
vn 0.0004 -0.9994 -0.0341
vn 0.0002 -0.9994 -0.0339
vn 0.0931 -0.9956 0.0047
vn 0.1328 -0.9911 0.0037
vn -0.3434 0.9384 0.0398
vn 0.0650 -0.9976 -0.0248
vn 0.0605 -0.9979 -0.0249
vn 0.0666 -0.9975 -0.0245
vn 0.5840 -0.8113 -0.0252
vn 0.1229 -0.4973 0.8588
vn 0.0447 -0.9985 -0.0310
vn 0.0548 -0.9980 -0.0307
vn 0.0604 -0.9977 -0.0309
vn 0.0493 -0.9983 -0.0311
vn 0.0635 -0.9975 -0.0307
vn 0.0297 -0.9991 -0.0317
vn 0.0365 -0.9988 -0.0313
vn 0.0403 -0.9987 -0.0314
vn 0.0329 -0.9990 -0.0317
vn -0.0055 -0.9994 -0.0353
vn -0.0028 -0.9994 -0.0351
vn -0.0044 -0.9994 -0.0354
vn 0.0076 -0.9915 0.1300
vn 0.0609 -0.9945 0.0852
vn 0.0282 -0.9991 -0.0318
vn -0.0004 -0.9048 0.4258
vn 0.0181 -0.9054 0.4242
vn 0.0039 -0.9699 0.2434
vn -0.5263 -0.7724 0.3554
vn -0.5373 -0.7637 0.3579
vn 0.0003 -0.9048 0.4258
vn -0.4561 0.7787 0.4308
vn -0.4992 0.8400 0.2125
vn 0.1453 0.8425 0.5188
vn 0.1432 0.8426 0.5191
vn 0.1438 0.8426 0.5190
vn 0.1460 0.8424 0.5187
vn 0.1424 0.8427 0.5192
vn 0.4833 0.7442 0.4610
vn 0.1489 0.8422 0.5181
vn 0.1474 0.8423 0.5184
vn 0.1481 0.8423 0.5183
vn 0.4644 0.7759 0.4269
vn 0.5183 0.7334 0.4399
vn 0.5181 0.7336 0.4398
vn 0.5131 0.7368 0.4401
vn 0.5123 0.7374 0.4402
vn 0.5069 0.7408 0.4407
vn 0.1639 0.9865 -0.0015
vn 0.1722 0.9851 -0.0006
vn 0.1690 0.9856 -0.0006
vn 0.1559 0.9878 -0.0020
vn 0.1736 0.9848 -0.0006
vn 0.5556 0.7984 0.2322
vn 0.2462 0.9245 0.2910
vn 0.1523 0.9883 -0.0029
vn 0.5023 0.8217 0.2694
vn 0.5237 0.8196 0.2323
vn 0.5481 0.8364 -0.0021
vn 0.5484 0.8362 -0.0021
vn 0.6431 -0.7651 0.0307
vn 1.0000 0.0073 -0.0052
vn 0.9999 0.0062 -0.0094
vn 1.0000 0.0087 0.0002
vn 0.6038 -0.7971 0.0076
vn 0.9992 -0.0223 -0.0325
vn 0.9997 -0.0035 -0.0245
vn 0.5882 -0.8084 -0.0212
vn 0.5884 -0.8083 -0.0226
vn 0.5889 -0.8079 -0.0241
vn 0.5933 -0.7940 0.1322
vn 0.9882 -0.0892 0.1246
vn 0.9985 -0.0472 -0.0279
vn 0.5378 -0.7594 0.3662
vn 0.9502 -0.1813 0.2534
vn 0.9604 -0.1258 0.2487
vn 0.5340 -0.7647 0.3606
vn 0.5366 -0.7612 0.3642
vn 0.5340 -0.7651 0.3599
vn 0.9549 0.0108 0.2967
vn 0.9549 0.0118 0.2966
vn 0.9529 0.0318 0.3017
vn 0.9530 0.0315 0.3014
vn 0.9530 0.0292 0.3016
vn 0.9904 0.0204 0.1370
vn 0.9549 0.0099 0.2968
vn 0.9557 0.0051 0.2942
vn 0.9530 0.0278 0.3017
vn 0.9529 0.0298 0.3018
vn 0.9530 0.0274 0.3017
vn 0.9561 0.0006 0.2931
vn 0.9993 0.0373 -0.0092
vn 0.9993 0.0370 -0.0091
vn 0.9993 0.0368 -0.0089
vn 0.9999 0.0108 -0.0061
vn 0.9999 0.0108 -0.0049
vn 0.9993 0.0376 -0.0092
vn 0.9993 0.0375 -0.0091
vn 0.9999 0.0113 -0.0031
vn 0.9999 0.0116 -0.0026
vn -0.5895 -0.8075 -0.0229
vn -0.5899 -0.8071 -0.0244
vn -0.5883 -0.8083 -0.0223
vn -0.5882 -0.8084 -0.0212
vn -0.5912 -0.8061 -0.0266
vn -0.5887 -0.8080 -0.0242
vn -0.5886 -0.8081 -0.0226
vn -0.5890 -0.8078 -0.0229
vn -0.9978 -0.0059 0.0663
vn -0.5930 -0.8002 0.0896
vn -0.5884 -0.8082 -0.0224
vn -0.9559 0.0017 0.2936
vn -0.9557 0.0040 0.2942
vn -0.9560 0.0009 0.2933
vn -0.5382 -0.7601 0.3640
vn -0.5375 -0.7620 0.3612
vn -0.5378 -0.7594 0.3662
vn -0.5461 -0.7757 0.3163
vn -0.9557 0.0053 0.2944
vn -0.9866 0.0053 0.1631
vn -0.9927 0.0010 0.1210
vn 0.9775 0.0093 0.2108
vn 0.9558 0.0072 0.2940
vn 0.9943 0.0028 0.1068
vn 0.5776 -0.8149 0.0487
vn 0.5780 -0.8075 0.1175
vn 0.5896 -0.8073 -0.0245
vn 0.5900 -0.8071 -0.0245
vn 0.5153 0.8570 -0.0042
vn 0.5474 0.8369 -0.0021
vn 0.5470 0.8371 -0.0021
vn 0.5059 0.7415 0.4408
vn 0.5000 0.7453 0.4411
vn 0.4993 0.7457 0.4412
vn -0.4697 0.7816 0.4105
vn -0.4564 0.7788 0.4303
vn -0.5490 -0.8009 0.2392
vn -0.0060 -0.9781 0.2080
vn -0.0040 -0.9964 0.0850
vn -0.0032 -0.9994 -0.0354
vn -0.0024 -0.9994 -0.0354
vn -0.0007 -0.9995 -0.0328
vn -0.0020 -0.9995 -0.0310
vn -0.0000 -0.9994 -0.0337
vn -0.6763 0.7365 0.0141
vn -0.6406 0.7678 0.0097
vn -0.5382 0.8044 0.2515
vn -0.8770 0.4457 0.1794
vn -0.8053 0.5929 -0.0015
vn -0.0008 -0.9994 -0.0345
vn -0.0013 -0.9994 -0.0345
vn 0.1810 -0.6532 -0.7352
vn -0.2724 0.8204 0.5028
vn -0.4859 0.7464 0.4547
vn -0.4847 0.7451 0.4582
vn -0.4837 0.7443 0.4605
vn -0.5521 0.8337 -0.0001
vn -0.5518 0.8340 -0.0008
vn -0.0064 -0.9993 -0.0367
vn -0.0087 -0.9993 -0.0364
vn 0.0027 -0.9454 0.3258
vn -0.0499 -0.9091 0.4137
vn -0.0349 -0.9087 0.4159
vn -0.0468 -0.9087 0.4147
vn -0.0110 -0.9993 -0.0360
vn -0.0121 -0.9993 -0.0358
vn -0.0321 -0.9083 0.4170
vn -0.0776 -0.9934 0.0844
vn -0.0053 -0.9993 -0.0368
vn -0.8588 -0.4243 0.2870
vn -0.9284 -0.3702 -0.0323
vn -0.9637 -0.2620 -0.0515
vn -0.9859 -0.1517 -0.0711
vn -0.9920 -0.0978 -0.0799
vn -0.9765 -0.2065 -0.0618
vn -0.9476 -0.3167 -0.0422
vn -0.8884 -0.4087 0.2092
vn -0.5384 -0.7606 0.3627
vn -0.5886 -0.8081 -0.0234
vn -0.5890 -0.8078 -0.0240
vn -0.5713 -0.7960 0.2000
vn -0.5898 -0.8072 -0.0246
vn -0.5906 -0.8066 -0.0247
vn -0.5913 -0.8060 -0.0261
vn -0.5916 -0.8057 -0.0276
vn 1.0000 0.0031 -0.0038
vn 1.0000 0.0033 -0.0032
vn 1.0000 0.0037 -0.0038
vn 1.0000 0.0033 -0.0041
vn 1.0000 0.0002 -0.0088
vn 0.9998 0.0004 -0.0175
vn 0.9998 0.0004 -0.0178
vn 1.0000 0.0002 -0.0089
vn 0.0138 0.0045 -0.9999
vn 1.0000 0.0007 0.0016
vn 1.0000 0.0005 0.0014
vn 1.0000 0.0009 0.0016
vn 1.0000 0.0012 0.0019
vn 0.2174 -0.0009 0.9761
vn 0.2178 -0.0007 0.9760
vn 0.2198 -0.0002 0.9756
vn 0.8596 -0.0008 0.5109
vn 0.8596 -0.0009 0.5110
vn 0.8590 -0.0013 0.5120
vn 0.8609 -0.0003 0.5087
vn 0.8609 -0.0004 0.5088
vn 0.8604 -0.0007 0.5096
vn 0.8605 -0.0007 0.5095
vn 0.2131 -0.0014 0.9770
vn 0.2132 -0.0014 0.9770
vn 0.2147 -0.0014 0.9767
vn 0.2146 -0.0014 0.9767
vn 1.0000 0.0010 0.0018
vn 1.0000 0.0009 0.0018
vn 1.0000 0.0011 0.0010
vn 1.0000 0.0007 0.0013
vn 1.0000 0.0008 0.0013
vn 1.0000 0.0010 0.0010
vn 1.0000 0.0004 0.0011
vn 1.0000 0.0005 0.0012
vn 1.0000 -0.0000 0.0001
vn 1.0000 0.0002 -0.0081
vn 0.9999 0.0004 -0.0163
vn 0.9999 0.0004 -0.0169
vn 1.0000 0.0002 -0.0084
vn 1.0000 0.0024 -0.0049
vn 1.0000 0.0026 -0.0047
vn 1.0000 0.0028 -0.0048
vn 1.0000 0.0016 -0.0029
vn 1.0000 0.0021 -0.0030
vn 1.0000 0.0020 -0.0040
vn 1.0000 0.0014 -0.0039
vn 1.0000 0.0031 -0.0026
vn 1.0000 0.0036 -0.0021
vn 1.0000 0.0027 -0.0034
vn 1.0000 0.0027 -0.0026
vn 1.0000 0.0037 -0.0020
vn 1.0000 0.0044 -0.0015
vn 0.7856 0.0019 -0.6188
vn 0.7862 0.0019 -0.6179
vn 0.7852 0.0024 -0.6192
vn 1.0000 0.0024 -0.0026
vn 0.7867 0.0024 -0.6173
vn 0.7869 0.0026 -0.6171
vn 1.0000 0.0002 -0.0080
vn 0.9999 0.0004 -0.0159
vn 1.0000 -0.0000 0.0003
vn 1.0000 -0.0000 0.0002
vn 1.0000 -0.0001 0.0002
vn 1.0000 -0.0001 0.0001
vn 0.1112 0.0040 -0.9938
vn 0.1091 0.0041 -0.9940
vn 0.1123 0.0040 -0.9937
vn 0.1071 0.0041 -0.9942
vn 0.1061 0.0041 -0.9943
vn 1.0000 0.0009 0.0013
vn 1.0000 0.0011 0.0018
vn 0.0011 -0.0017 1.0000
vn 0.0010 -0.0018 1.0000
vn 0.0013 -0.0016 1.0000
vn 0.2124 -0.0014 0.9772
vn 1.0000 0.0004 0.0010
vn 0.8612 0.0002 0.5083
vn 1.0000 0.0003 0.0013
vn 1.0000 0.0006 0.0015
vn 0.5213 0.8529 -0.0290
vn 0.5193 0.8540 -0.0314
vn 0.5192 0.8541 -0.0310
vn 0.5194 0.8540 -0.0310
vn 0.4995 0.8663 -0.0102
vn 0.4991 0.8664 -0.0141
vn 0.4990 0.8665 -0.0143
vn 0.4971 0.8676 -0.0140
vn 0.3117 0.5419 0.7805
vn 0.3772 0.6510 0.6587
vn 0.0060 0.0041 -1.0000
vn 0.0029 0.0017 -1.0000
vn -0.0005 -0.0006 -1.0000
vn 0.0182 0.0223 -0.9996
vn 0.0069 0.0178 -0.9998
vn 0.0048 0.0099 -0.9999
vn 0.0149 0.0164 -0.9998
vn 0.4988 0.8667 0.0018
vn 0.4997 0.8662 -0.0012
vn 0.4972 0.8676 -0.0060
vn 0.4997 0.8662 0.0040
vn 0.4995 0.8662 0.0108
vn 0.4996 0.8662 -0.0013
vn 0.4995 0.8662 0.0109
vn 0.4996 0.8662 -0.0098
vn 0.4996 0.8662 -0.0129
vn 0.4995 0.8662 -0.0131
vn 0.4996 0.8662 -0.0099
vn 0.5217 0.8526 -0.0318
vn 0.5213 0.8528 -0.0313
vn 0.5212 0.8529 -0.0314
vn 0.5213 0.8528 -0.0322
vn 0.5244 0.8510 -0.0269
vn 0.5214 0.8527 -0.0316
vn 0.5214 0.8528 -0.0311
vn 0.5223 0.8522 -0.0304
vn 0.5213 0.8529 -0.0285
vn 0.5213 0.8530 -0.0267
vn 0.5206 0.8534 -0.0282
vn 0.5216 0.8527 -0.0273
vn 0.5204 0.8534 -0.0302
vn 0.4099 0.8195 -0.4006
vn 0.5219 0.8524 -0.0315
vn 0.5229 0.8519 -0.0302
vn 0.5220 0.8524 -0.0314
vn 0.5023 0.8647 0.0040
vn 0.5009 0.8655 -0.0071
vn 0.4993 0.8663 -0.0122
vn 0.4995 0.8662 0.0171
vn 0.4994 0.8662 0.0175
vn 0.4995 0.8661 0.0170
vn 0.5019 0.8648 0.0169
vn 0.4990 0.8664 0.0191
vn 0.4993 0.8662 0.0178
vn -0.0044 0.0104 -0.9999
vn -0.0036 0.0089 -1.0000
vn -0.0069 0.0136 -0.9999
vn 0.4131 0.7224 -0.5545
vn 0.4541 0.7897 -0.4125
vn 0.0376 0.0565 -0.9977
vn 0.2658 0.4829 -0.8343
vn 0.3556 0.6296 -0.6907
vn 0.5369 0.8437 -0.0001
vn 0.5355 0.8446 -0.0029
vn 0.5340 0.8455 -0.0062
vn 0.5354 0.8446 0.0012
vn 0.5354 0.8446 0.0011
vn 0.5354 0.8446 -0.0026
vn 0.5354 0.8446 -0.0027
vn 0.5355 0.8445 -0.0063
vn 0.5354 0.8445 -0.0063
vn 0.3382 0.5520 0.7621
vn 0.3376 0.5578 0.7582
vn 0.3389 0.5693 0.7490
vn 0.3380 0.5659 0.7520
vn 0.3386 0.5470 0.7656
vn 0.3995 0.6949 0.5980
vn 0.3396 0.5758 0.7437
vn 0.3393 0.5804 0.7403
vn 0.3391 0.5840 0.7375
vn 0.3537 0.6108 0.7084
vn 0.0660 0.1537 -0.9859
vn 0.1787 0.0663 -0.9817
vn 0.5210 0.8530 -0.0315
vn 0.5354 0.8446 0.0006
vn 0.5354 0.8446 0.0009
vn 0.5354 0.8446 -0.0063
vn 0.5354 0.8446 0.0004
vn 0.5223 0.8522 -0.0310
vn 0.5234 0.8517 -0.0265
vn 0.3901 0.7814 -0.4870
vn 0.5235 0.8516 -0.0270
vn 0.3117 0.9341 -0.1741
vn -0.5213 0.8529 -0.0284
vn -0.5213 0.8530 -0.0267
vn -0.5206 0.8534 -0.0269
vn -0.4999 0.8660 -0.0108
vn -0.5001 0.8658 -0.0144
vn -0.5001 0.8658 -0.0147
vn -0.5016 0.8650 -0.0143
vn -0.3499 0.6028 0.7171
vn -0.3500 0.6028 0.7170
vn -0.3508 0.6028 0.7167
vn -0.3464 0.5924 0.7274
vn -0.3441 0.5904 0.7301
vn -0.3455 0.5968 0.7242
vn -0.3431 0.5929 0.7285
vn -0.0163 0.0324 -0.9993
vn -0.0072 0.0152 -0.9999
vn -0.0090 0.0167 -0.9998
vn -0.0153 0.0302 -0.9994
vn -0.0207 0.0506 -0.9985
vn -0.0192 0.0432 -0.9989
vn -0.0072 0.0163 -0.9998
vn -0.0180 0.0356 -0.9992
vn -0.4998 0.8660 0.0120
vn -0.4997 0.8662 -0.0013
vn -0.5021 0.8648 -0.0064
vn -0.5026 0.8645 0.0050
vn -0.4999 0.8660 0.0111
vn -0.4997 0.8662 -0.0012
vn -0.4998 0.8660 0.0116
vn -0.4999 0.8661 -0.0068
vn -0.5003 0.8658 -0.0133
vn -0.5001 0.8658 -0.0139
vn -0.4999 0.8660 -0.0104
vn -0.4914 0.8078 -0.3254
vn -0.4909 0.8070 -0.3282
vn -0.4907 0.8066 -0.3296
vn -0.4912 0.8075 -0.3267
vn -0.4916 0.8080 -0.3248
vn -0.4912 0.8074 -0.3269
vn -0.4917 0.8082 -0.3240
vn -0.5208 0.8531 -0.0306
vn -0.5211 0.8531 -0.0269
vn -0.5213 0.8529 -0.0285
vn -0.5213 0.8528 -0.0304
vn -0.5213 0.8528 -0.0303
vn -0.5216 0.8527 -0.0303
vn -0.5201 0.8537 -0.0286
vn -0.4908 0.8068 -0.3288
vn -0.4975 0.8675 0.0036
vn -0.4988 0.8667 -0.0069
vn -0.5011 0.8653 -0.0120
vn -0.5001 0.8658 0.0177
vn -0.5000 0.8658 0.0186
vn -0.5002 0.8657 0.0173
vn -0.4982 0.8669 0.0169
vn -0.5000 0.8658 0.0194
vn -0.4999 0.8658 0.0199
vn -0.0042 0.0100 -0.9999
vn -0.4140 0.7167 -0.5611
vn -0.4385 0.7561 -0.4858
vn -0.0211 0.0571 -0.9981
vn -0.4018 0.6950 -0.5963
vn -0.4082 0.7065 -0.5781
vn -0.5094 0.7340 0.4491
vn -0.4411 0.7712 0.4590
vn -0.4527 0.7550 0.4744
vn -0.4444 0.7653 0.4657
vn -0.0071 0.0071 0.9999
vn -0.0070 0.0079 0.9999
vn -0.0081 0.0066 0.9999
vn -0.0082 0.0069 0.9999
vn -0.0068 0.0102 0.9999
vn -0.3510 0.5958 0.7224
vn -0.4587 0.7747 0.4353
vn -0.0087 0.0093 0.9999
vn -0.0087 0.0092 0.9999
vn -0.0083 0.0099 0.9999
vn -0.0042 0.0099 -0.9999
vn -0.0043 0.0099 -0.9999
vn -0.5213 0.8528 -0.0302
vn -0.5213 0.8529 -0.0302
vn -0.5354 0.8445 -0.0063
vn -0.5355 0.8445 -0.0063
vn -0.4558 0.7492 0.4806
vn -0.5354 0.8446 -0.0063
vn -1.0000 0.0032 -0.0029
vn -1.0000 0.0035 -0.0026
vn -1.0000 0.0041 -0.0025
vn -1.0000 -0.0000 -0.0013
vn -1.0000 -0.0000 -0.0025
vn -1.0000 -0.0006 -0.0024
vn -0.6641 -0.0007 0.7476
vn -0.6643 -0.0012 0.7475
vn -0.6645 -0.0019 0.7473
vn -0.6534 -0.0029 0.7570
vn -0.6503 -0.0018 0.7597
vn -0.6567 0.0002 0.7541
vn -0.6520 0.0003 0.7582
vn -0.0362 0.0055 -0.9993
vn -0.0247 0.0050 -0.9997
vn -0.0189 0.0039 -0.9998
vn -0.0336 0.0055 -0.9994
vn -0.0541 0.0120 -0.9985
vn -0.0447 0.0079 -0.9990
vn -0.0264 0.0050 -0.9996
vn -0.0397 0.0054 -0.9992
vn -1.0000 -0.0001 0.0037
vn -1.0000 -0.0016 0.0002
vn -1.0000 -0.0001 0.0035
vn -1.0000 -0.0001 0.0036
vn -1.0000 -0.0003 -0.0010
vn -1.0000 -0.0006 -0.0020
vn -1.0000 -0.0000 -0.0012
vn -0.9127 -0.0051 -0.4087
vn -0.9179 -0.0051 -0.3969
vn -0.9198 -0.0054 -0.3924
vn -0.9148 -0.0050 -0.4038
vn -0.9122 -0.0049 -0.4097
vn -0.9158 -0.0051 -0.4016
vn -0.9107 -0.0049 -0.4131
vn -1.0000 0.0035 -0.0039
vn -1.0000 0.0032 -0.0031
vn -1.0000 0.0029 -0.0027
vn -1.0000 0.0029 -0.0033
vn -1.0000 0.0031 -0.0043
vn -1.0000 0.0028 -0.0040
vn -1.0000 0.0034 -0.0046
vn -1.0000 0.0049 -0.0041
vn -0.9183 -0.0054 -0.3958
vn -1.0000 0.0002 -0.0001
vn -1.0000 -0.0011 -0.0016
vn -1.0000 -0.0003 0.0068
vn -1.0000 -0.0001 0.0072
vn -1.0000 -0.0003 0.0067
vn -1.0000 0.0008 0.0065
vn -1.0000 -0.0001 0.0074
vn -1.0000 -0.0001 0.0075
vn -0.0138 0.0045 -0.9999
vn -0.8294 0.0019 -0.5586
vn -0.8776 -0.0001 -0.4794
vn -0.0580 0.0145 -0.9982
vn -0.8056 0.0018 -0.5925
vn -0.8182 0.0019 -0.5750
vn -0.6792 -0.0348 0.7331
vn -1.0000 -0.0000 0.0010
vn -1.0000 0.0002 0.0011
vn -0.6987 0.0132 0.7153
vn -0.6985 0.0149 0.7155
vn -0.6983 0.0041 0.7158
vn -0.6977 0.0134 0.7162
vn -0.0071 -0.0014 1.0000
vn -0.0075 -0.0011 1.0000
vn -0.0072 -0.0025 1.0000
vn -0.0074 -0.0025 1.0000
vn -0.0090 0.0001 1.0000
vn -0.6588 -0.0051 0.7523
vn -0.6986 0.0108 0.7154
vn -0.0093 -0.0019 1.0000
vn -0.0092 -0.0019 1.0000
vn -0.0097 -0.0014 1.0000
vn -1.0000 0.0028 -0.0039
vn -1.0000 0.0028 -0.0027
vn -1.0000 0.0010 0.0018
vn -1.0000 0.0008 0.0016
vn -1.0000 0.0006 0.0015
vn -1.0000 0.0006 0.0014
vn -0.6976 -0.0012 0.7164
vn -0.5979 -0.8015 0.0082
vn -0.5980 -0.8015 0.0044
vn -0.5967 -0.8024 0.0051
vn -0.5006 -0.8656 0.0120
vn -0.5013 -0.8648 0.0274
vn -0.5013 -0.8648 0.0273
vn -0.4762 -0.8264 0.3003
vn -0.4762 -0.8264 0.3005
vn -0.4774 -0.8286 0.2924
vn -0.4704 -0.8168 0.3340
vn -0.4706 -0.8170 0.3333
vn -0.4734 -0.8213 0.3184
vn -0.4731 -0.8209 0.3199
vn -0.4964 -0.8334 -0.2431
vn -0.4850 -0.8242 -0.2925
vn -0.4997 -0.8662 -0.0010
vn -0.4996 -0.8663 0.0067
vn -0.5022 -0.8646 0.0119
vn -0.5004 -0.8658 0.0011
vn -0.4996 -0.8662 -0.0006
vn -0.4997 -0.8661 0.0065
vn -0.4995 -0.8663 0.0067
vn -0.4996 -0.8663 -0.0008
vn -0.4976 -0.8673 0.0136
vn -0.5035 -0.8638 0.0201
vn -0.5018 -0.8647 0.0237
vn -0.5035 -0.8639 0.0119
vn -0.5555 -0.7792 -0.2902
vn -0.5510 -0.7720 -0.3169
vn -0.5978 -0.8016 0.0082
vn -0.5977 -0.8017 0.0050
vn -0.5979 -0.8015 0.0081
vn -0.5979 -0.8015 0.0114
vn -0.5978 -0.8015 0.0117
vn -0.5979 -0.8015 0.0113
vn -0.5987 -0.8009 0.0108
vn -0.5973 -0.8020 0.0055
vn -0.5530 -0.7758 -0.3037
vn -0.5577 -0.7827 -0.2764
vn -0.4972 -0.8677 0.0015
vn -0.4992 -0.8664 0.0118
vn -0.4993 -0.8663 0.0163
vn -0.4997 -0.8662 -0.0022
vn -0.4997 -0.8662 -0.0025
vn -0.4997 -0.8662 -0.0020
vn -0.4990 -0.8666 -0.0020
vn -0.4997 -0.8662 -0.0029
vn -0.4998 -0.8661 -0.0031
vn -0.0567 -0.0538 -0.9969
vn -0.0513 -0.0549 -0.9972
vn -0.0543 -0.0653 -0.9964
vn -0.0504 -0.0594 -0.9970
vn -0.0590 -0.0520 -0.9969
vn -0.5007 -0.8565 -0.1254
vn -0.5037 -0.8551 -0.1232
vn -0.5009 -0.8562 -0.1266
vn -0.5029 -0.8626 -0.0541
vn -0.4882 -0.8326 -0.2618
vn -0.5046 -0.8584 -0.0920
vn -0.5039 -0.8548 -0.1244
vn -0.4891 -0.8321 -0.2616
vn -0.4981 -0.7469 0.4404
vn -0.5210 -0.7895 0.3245
vn -0.3870 -0.6735 0.6298
vn -0.3861 -0.6723 0.6316
vn -0.3881 -0.6751 0.6274
vn -0.3850 -0.6707 0.6340
vn -0.4696 -0.8159 0.3374
vn -0.5110 -0.7692 0.3836
vn -0.4186 -0.7275 0.5436
vn -0.4051 -0.7041 0.5832
vn -0.0579 -0.0718 -0.9957
vn -0.0623 -0.0807 -0.9948
vn -0.0642 -0.0846 -0.9943
vn -0.4995 -0.8662 0.0125
vn -0.5979 -0.8015 0.0119
vn -0.5979 -0.8015 0.0120
vn -0.5984 -0.8012 0.0018
vn -0.5985 -0.8011 0.0018
vn -0.5294 -0.8059 0.2651
vn -0.5984 -0.8012 0.0017
vn 0.7560 -0.6545 0.0092
vn 0.7556 -0.6551 0.0066
vn 0.7562 -0.6543 0.0065
vn 0.5024 -0.8646 0.0105
vn 0.5042 -0.8636 0.0047
vn 0.5044 -0.8635 0.0048
vn 0.5057 -0.8627 0.0055
vn 0.4504 -0.7767 0.4402
vn 0.4757 -0.8246 0.3063
vn 0.0362 -0.0411 -0.9985
vn 0.1776 -0.2428 -0.9537
vn 0.4997 -0.8662 -0.0005
vn 0.5003 -0.8658 0.0083
vn 0.4987 -0.8667 0.0129
vn 0.4990 -0.8666 0.0016
vn 0.4997 -0.8662 -0.0007
vn 0.4995 -0.8663 0.0092
vn 0.4999 -0.8660 0.0090
vn 0.4997 -0.8662 -0.0006
vn 0.5012 -0.8651 0.0183
vn 0.5023 -0.8646 0.0114
vn 0.5030 -0.8642 0.0072
vn 0.5008 -0.8654 0.0163
vn 0.5986 -0.8009 0.0143
vn 0.5982 -0.8012 0.0125
vn 0.5989 -0.8008 0.0104
vn 0.5986 -0.8009 0.0148
vn 0.5986 -0.8009 0.0130
vn 0.5981 -0.8013 0.0127
vn 0.5982 -0.8012 0.0121
vn 0.5986 -0.8009 0.0131
vn 0.5979 -0.8015 0.0076
vn 0.5980 -0.8015 0.0044
vn 0.5979 -0.8015 0.0075
vn 0.5964 -0.8026 0.0106
vn 0.6917 -0.7222 0.0056
vn 0.5021 -0.8648 0.0033
vn 0.5001 -0.8658 0.0161
vn 0.5049 -0.8630 0.0180
vn 0.4997 -0.8662 -0.0033
vn 0.4997 -0.8662 -0.0037
vn 0.5008 -0.8655 -0.0035
vn 0.4997 -0.8662 -0.0029
vn 0.4998 -0.8662 -0.0027
vn 0.1851 -0.2045 -0.9612
vn 0.1905 -0.1983 -0.9615
vn 0.1878 -0.2034 -0.9609
vn 0.1731 -0.2394 -0.9554
vn 0.4718 -0.7993 -0.3722
vn 0.4896 -0.8323 -0.2600
vn 0.3878 -0.6420 -0.6614
vn 0.4094 -0.6816 -0.6065
vn 0.4505 -0.7588 -0.4705
vn 0.0798 -0.0965 -0.9921
vn 0.5258 -0.7910 0.3127
vn 0.7052 -0.7050 0.0748
vn 0.5157 -0.7567 0.4019
vn 0.3229 -0.5564 0.7656
vn 0.3852 -0.6655 0.6393
vn 0.4824 -0.8353 0.2637
vn 0.5179 -0.7767 0.3585
vn 0.0893 -0.1370 0.9865
vn 0.2354 -0.3994 0.8860
vn 0.4676 -0.8098 0.3544
vn 0.1945 -0.1985 -0.9606
vn 0.1970 -0.2015 -0.9595
vn 0.1982 -0.2030 -0.9589
vn 0.7567 -0.6537 0.0090
vn 0.5993 -0.8005 0.0047
vn 0.5985 -0.8011 0.0018
vn 0.5832 -0.7048 0.4038
vn 0.5985 -0.8011 0.0020
vn -0.8111 0.3495 -0.4690
vn -0.5276 0.8419 -0.1131
vn 0.0022 1.0000 0.0012
vn 0.0023 1.0000 0.0005
vn 0.0019 1.0000 0.0006
vn -0.0018 1.0000 0.0018
vn -0.0023 1.0000 0.0005
vn -0.0022 1.0000 0.0012
vn -0.0003 0.9994 -0.0346
vn -0.0008 0.9995 -0.0325
vn -0.0007 0.9996 -0.0297
vn -0.0008 0.9995 -0.0326
vn 0.3492 0.9367 0.0269
vn 0.3444 0.9384 0.0291
vn 0.3384 0.9402 0.0391
vn 0.5294 0.8476 0.0367
vn -0.0108 0.0083 -0.9999
vn -0.5336 0.7548 0.3815
vn -0.0022 1.0000 0.0007
vn -0.0022 1.0000 0.0006
vn -0.9957 0.0923 0.0046
vn -0.9957 0.0920 0.0047
vn -0.9957 0.0926 0.0046
vn -0.0017 1.0000 0.0026
vn -0.0019 1.0000 0.0023
vn -0.0019 1.0000 0.0022
vn -0.0016 1.0000 0.0026
vn -0.9952 0.0975 -0.0010
vn -0.9954 0.0958 0.0008
vn -0.9955 0.0945 0.0046
vn -0.9957 0.0925 0.0046
vn 0.0016 1.0000 0.0025
vn 0.0018 1.0000 0.0021
vn 0.0019 1.0000 0.0022
vn -0.0014 1.0000 0.0025
vn -0.0014 1.0000 0.0021
vn 0.0005 1.0000 0.0021
vn -0.0007 1.0000 0.0020
vn -0.0015 1.0000 0.0011
vn -0.0015 1.0000 0.0005
vn 0.0007 1.0000 0.0005
vn 0.0007 1.0000 0.0011
vn -0.0443 0.4290 -0.9022
vn -0.1064 0.1779 -0.9783
vn -0.0887 0.9938 0.0674
vn -0.0564 0.9979 0.0325
vn 0.2528 0.8596 0.4440
vn -0.0198 0.0200 0.9996
vn -0.0052 0.0195 0.9998
vn -0.0204 0.0231 0.9995
vn -0.0088 0.0277 0.9996
vn 0.0065 0.0016 1.0000
vn 0.0064 0.0017 1.0000
vn 0.0082 0.0003 1.0000
vn 0.2457 0.9634 0.1073
vn -0.0006 0.0078 1.0000
vn 0.0006 0.0052 1.0000
vn 0.0034 0.0040 1.0000
vn 0.0025 0.0254 0.9997
vn 0.0128 0.0226 0.9997
vn -0.0004 0.0029 -1.0000
vn -0.0003 0.0038 -1.0000
vn -0.0104 -0.0005 -0.9999
vn 0.0715 0.1105 -0.9913
vn 0.0022 1.0000 0.0007
vn 0.0022 1.0000 0.0006
vn -0.0016 1.0000 0.0004
vn -0.0019 1.0000 0.0005
vn 0.0014 1.0000 0.0015
vn -0.0003 1.0000 -0.0005
vn 0.9957 -0.0927 -0.0046
vn -0.5294 0.8476 0.0367
vn 0.3575 0.9328 0.0447
vn 0.4182 0.9071 0.0468
vn 0.5289 0.8481 0.0295
vn 0.5290 0.8481 0.0295
vn 0.5287 0.8483 0.0296
vn 0.4511 0.8921 0.0260
vn -0.1470 0.9888 0.0254
vn -0.3726 0.9270 0.0430
vn -0.4776 0.8781 0.0279
vn -0.2877 0.9495 -0.1255
vn 0.9324 -0.2657 0.2449
vn 0.0630 0.9958 0.0670
vn 0.3508 0.9352 0.0486
vn 0.1901 0.9803 0.0529
vn -0.3105 0.7641 -0.5655
vn -0.0453 0.3579 -0.9327
vn -0.3720 0.9156 -0.1527
vn 0.9539 -0.1725 -0.2457
vn -0.0109 0.0083 -0.9999
vn 0.4080 0.6986 -0.5878
vn -0.4019 0.9152 0.0296
vn -0.4073 0.9120 0.0488
vn 0.2532 0.8914 0.3758
vn 0.2609 0.9188 0.2962
vn -0.5273 0.8491 0.0298
vn 0.3266 0.9447 0.0301
vn 0.5283 0.8485 0.0297
vn 0.5278 0.8488 0.0299
vn 0.3810 0.9234 0.0459
vn 0.3338 0.9417 0.0413
vn -0.4318 0.9013 0.0350
vn -0.4340 0.9002 0.0350
vn -0.4213 0.9062 0.0349
vn -0.4236 0.9052 0.0349
vn -0.0005 0.9995 -0.0302
vn 0.0004 0.9996 -0.0292
vn 0.0002 0.9995 -0.0311
vn 0.0006 0.9996 -0.0293
vn -0.1739 0.5377 -0.8250
vn 0.0324 0.7699 -0.6374
vn 0.0048 0.2864 -0.9581
vn -0.1303 0.2544 -0.9583
vn -0.1112 0.3400 -0.9338
vn 0.0093 0.0068 -0.9999
vn 0.2427 0.8269 0.5073
vn -0.2715 0.9537 0.1290
vn 0.0044 0.0113 0.9999
vn 0.0137 0.0177 0.9997
vn 0.2651 0.9424 0.2041
vn 0.0019 0.0170 0.9999
vn 0.4959 0.8678 0.0298
vn -0.0774 0.9968 0.0216
vn -0.5080 0.8608 0.0318
vn -0.4524 0.8914 0.0287
vn 0.0002 0.9995 -0.0308
vn -0.2705 0.1164 -0.9557
vn -0.0962 0.0551 -0.9938
vn -0.0111 0.0084 -0.9999
vn 0.0004 -0.9660 0.2586
vn -0.0696 -0.2213 -0.9727
vn 0.0472 0.3947 -0.9176
vn -0.0051 0.8278 0.5610
vn -0.0051 0.8284 0.5601
vn -0.0043 0.8232 0.5678
vn -0.0040 0.8223 0.5691
vn -0.0108 0.8351 0.5500
vn -0.0129 0.8375 0.5463
vn -0.0037 0.8158 0.5783
vn -0.0036 0.8167 0.5771
vn -0.0041 0.8128 0.5826
vn -0.0090 0.1935 0.9811
vn -0.0065 0.1991 0.9800
vn -0.0207 0.1914 0.9813
vn 0.0036 0.1957 0.9807
vn -0.9967 0.0816 -0.0022
vn -0.0186 0.8420 0.5391
vn -0.2399 0.4280 0.8714
vn -0.5233 0.8511 0.0427
vn -0.9958 0.0917 0.0047
vn -0.9959 0.0907 0.0048
vn -0.5339 0.8456 -0.0001
vn -0.5295 0.8483 0.0053
vn -0.5259 0.8505 0.0062
vn -0.5344 0.8365 -0.1210
vn -0.5249 0.8505 0.0339
vn -0.8979 0.2969 0.3249
vn -0.9937 0.0899 0.0670
vn -0.2612 0.9333 -0.2465
vn 0.0072 0.8574 -0.5146
vn 0.4006 0.9154 0.0390
vn -0.0002 0.9994 -0.0347
vn -0.5281 0.8492 0.0015
vn -0.5266 0.8501 0.0017
vn -0.5318 0.8468 0.0007
vn -0.4110 0.9111 0.0314
vn -0.3931 0.9193 0.0202
vn 0.5292 0.8480 0.0294
vn 1.0000 -0.0041 0.0014
vn 0.8654 0.5010 0.0133
vn -0.5292 0.8480 0.0294
vn -1.0000 -0.0041 0.0014
vn -0.8654 0.5010 0.0133
vn 0.9962 0.0847 -0.0187
vn 0.9778 0.2093 -0.0016
vn 0.2756 -0.9612 0.0139
vn 0.9955 0.0949 -0.0017
vn -0.0424 0.9991 0.0020
vn -0.9962 0.0847 -0.0187
vn -0.9778 0.2093 -0.0016
vn -0.2756 -0.9612 0.0139
vn -0.9955 0.0949 -0.0017
vn 0.0424 0.9991 0.0020
vn -0.9857 -0.1685 0.0009
vn -0.9967 0.0818 0.0009
vn -0.4447 0.8957 -0.0009
vn 0.9857 -0.1685 0.0009
vn 0.9967 0.0818 0.0009
vn 0.4447 0.8957 -0.0009
vn -0.0069 -0.9997 -0.0250
vn -0.0066 -0.9997 -0.0235
vn -0.0037 -0.9998 -0.0181
vn 0.9821 -0.1870 0.0218
vn -0.0040 -0.9998 -0.0197
vn -0.0027 -0.3909 0.9204
vn -0.0028 -0.3912 0.9203
vn -0.0050 -0.3965 0.9180
vn 0.9937 -0.0490 0.1008
vn -0.0051 -0.3967 0.9179
vn 0.0693 0.6709 -0.7383
vn 0.0925 0.9948 0.0424
vn 0.0883 0.9952 0.0421
vn 0.0887 0.9952 0.0423
vn -0.0081 0.9994 0.0328
vn 0.0178 0.5641 -0.8255
vn 0.0960 0.9945 0.0425
vn 0.0187 -0.9888 0.1482
vn 0.9924 -0.1225 0.0064
vn -0.0066 -0.9993 0.0375
vn 1.0000 -0.0001 -0.0005
vn 1.0000 -0.0001 -0.0004
vn 1.0000 -0.0002 -0.0008
vn 1.0000 0.0002 -0.0013
vn 1.0000 -0.0000 -0.0001
vn 1.0000 0.0003 -0.0015
vn 0.0053 -0.9998 -0.0216
vn 0.0066 -0.9997 -0.0235
vn -0.9821 -0.1870 0.0218
vn 0.0040 -0.9998 -0.0197
vn 0.0027 -0.3909 0.9204
vn 0.0029 -0.3926 0.9197
vn 0.0049 -0.3948 0.9187
vn -0.9937 -0.0490 0.1008
vn 0.0051 -0.3967 0.9179
vn -0.0693 0.6709 -0.7383
vn -0.0865 0.9954 0.0421
vn -0.0887 0.9952 0.0423
vn -0.0982 0.9943 0.0425
vn 0.0081 0.9994 0.0328
vn -0.0178 0.5641 -0.8255
vn -0.0960 0.9945 0.0425
vn -0.0187 -0.9888 0.1482
vn -0.9924 -0.1225 0.0064
vn 0.0066 -0.9993 0.0375
vn -1.0000 -0.0001 -0.0005
vn -1.0000 0.0001 -0.0008
vn -1.0000 -0.0002 -0.0008
vn -1.0000 -0.0002 0.0001
vn -1.0000 -0.0000 -0.0001
vn -1.0000 0.0003 -0.0015
vn -0.0025 -0.3805 0.9248
vn -0.0015 -0.3792 0.9253
vn -0.0021 -0.3784 0.9256
vn 0.9989 -0.0405 0.0244
vn 0.0507 -0.3509 0.9350
vn 0.0060 -0.3659 0.9306
vn 0.9741 -0.1903 0.1217
vn -0.0015 -0.3808 0.9247
vn -0.0021 -0.3813 0.9245
vn -0.0014 -0.3810 0.9246
vn -0.0685 -0.9916 -0.1101
vn 0.1482 0.4322 -0.8895
vn 0.0186 -0.9949 0.0995
vn -0.0255 0.4921 -0.8702
vn 0.1109 0.4365 -0.8929
vn 0.0416 -0.4110 0.9107
vn 0.9916 0.0257 0.1268
vn 0.9999 0.0119 -0.0071
vn 0.9999 0.0096 -0.0067
vn 1.0000 0.0044 -0.0026
vn 0.9171 -0.3977 -0.0255
vn 1.0000 0.0021 -0.0022
vn -0.0004 -1.0000 -0.0022
vn -0.0031 -0.9905 0.1375
vn 0.0896 -0.9957 -0.0228
vn 0.0238 -0.9954 0.0930
vn 0.0028 -0.3792 0.9253
vn 0.0021 -0.3784 0.9256
vn 0.0012 -0.3806 0.9247
vn -0.9989 -0.0405 0.0244
vn -0.0507 -0.3509 0.9350
vn -0.0060 -0.3659 0.9306
vn -0.0036 -0.3731 0.9278
vn 0.0015 -0.3772 0.9261
vn -0.9741 -0.1903 0.1217
vn 0.0017 -0.3811 0.9245
vn 0.0015 -0.3808 0.9247
vn 0.0685 -0.9916 -0.1101
vn -0.1482 0.4322 -0.8895
vn -0.0186 -0.9949 0.0995
vn 0.0255 0.4921 -0.8702
vn -0.1109 0.4365 -0.8929
vn -0.0416 -0.4110 0.9107
vn -0.9916 0.0257 0.1268
vn -0.9999 0.0119 -0.0071
vn -1.0000 0.0043 -0.0026
vn -0.9999 0.0096 -0.0067
vn -0.9172 -0.3977 -0.0255
vn -1.0000 0.0021 -0.0022
vn 0.0004 -1.0000 -0.0022
vn 0.0031 -0.9905 0.1375
vn -0.0896 -0.9957 -0.0228
vn -0.0238 -0.9954 0.0930
vn -0.0109 0.9999 0.0130
vn -0.0129 0.9999 0.0082
vn -0.0145 0.9999 0.0057
vn 0.9999 0.0077 0.0096
vn 0.0968 0.9950 -0.0267
vn 0.0187 0.9838 -0.1782
vn 0.9847 0.1076 0.1373
vn -0.0076 0.9998 0.0178
vn -0.0049 -0.9712 0.2383
vn 0.0794 -0.9967 -0.0165
vn -0.0135 -0.9998 0.0125
vn -0.0118 -0.9998 0.0179
vn -0.0149 -0.9998 0.0094
vn 0.0005 -0.9647 0.2632
vn -0.0122 -0.9998 0.0155
vn 0.0686 -0.9974 0.0200
vn 0.0624 0.9959 0.0650
vn 0.9917 0.0996 -0.0818
vn -0.0113 0.9999 0.0108
vn 0.9995 -0.0291 -0.0133
vn 0.9903 0.0348 0.1343
vn 0.9993 -0.0347 0.0170
vn 0.1604 -0.3434 0.9254
vn -0.0032 -0.3094 0.9509
vn 0.0115 -0.3555 0.9346
vn -0.0035 -0.3026 0.9531
vn -0.0042 -0.2930 0.9561
vn -0.0041 -0.2971 0.9548
vn 0.0368 -0.2643 0.9637
vn -0.0033 -0.3066 0.9518
vn 0.0110 0.9999 0.0128
vn 0.0145 0.9999 0.0057
vn 0.0129 0.9999 0.0082
vn -0.9999 0.0077 0.0096
vn -0.0967 0.9950 -0.0267
vn -0.0187 0.9838 -0.1782
vn -0.9847 0.1076 0.1373
vn 0.0076 0.9998 0.0178
vn 0.0082 0.9998 0.0206
vn 0.0068 0.9998 0.0209
vn 0.0049 -0.9712 0.2383
vn -0.0794 -0.9967 -0.0165
vn 0.0152 -0.9999 0.0066
vn 0.0149 -0.9998 0.0094
vn 0.0119 -0.9998 0.0181
vn -0.0005 -0.9647 0.2632
vn 0.0122 -0.9998 0.0155
vn -0.0686 -0.9974 0.0200
vn -0.0624 0.9959 0.0650
vn -0.9917 0.0996 -0.0818
vn -0.9995 -0.0291 -0.0133
vn -0.9903 0.0348 0.1343
vn -0.9993 -0.0347 0.0170
vn -0.1604 -0.3434 0.9254
vn 0.0032 -0.3094 0.9509
vn -0.0115 -0.3555 0.9346
vn 0.0042 -0.2943 0.9557
vn 0.0033 -0.3054 0.9522
vn 0.0042 -0.2930 0.9561
vn -0.0368 -0.2643 0.9637
vn 0.0033 -0.3066 0.9518
vn 0.9999 0.0115 -0.0024
vn 0.8706 0.4650 0.1604
vn -0.9999 0.0115 -0.0024
vn -0.8706 0.4650 0.1604
vn 0.9994 0.0341 -0.0085
vn 0.9308 0.3389 0.1372
vn 0.9998 -0.0183 -0.0070
vn 0.9998 -0.0172 -0.0076
vn 0.9998 -0.0172 -0.0077
vn 0.8946 0.4206 0.1507
vn 0.8945 0.4205 0.1516
vn 0.8938 0.4241 0.1457
vn 0.9947 0.0947 0.0407
vn 0.9581 0.2712 0.0923
vn 0.9998 -0.0162 -0.0083
vn 0.8937 0.4241 0.1466
vn -0.9994 0.0341 -0.0085
vn -0.9308 0.3389 0.1372
vn -0.9998 -0.0183 -0.0070
vn -0.9998 -0.0172 -0.0077
vn -0.9998 -0.0172 -0.0076
vn -0.8946 0.4206 0.1507
vn -0.8940 0.4234 0.1467
vn -0.8943 0.4213 0.1507
vn -0.9947 0.0947 0.0407
vn -0.9581 0.2712 0.0923
vn -0.9998 -0.0162 -0.0083
vn -0.8937 0.4241 0.1466
vn 0.5979 -0.8016 0.0039
vn 0.9947 -0.1007 -0.0192
vn 0.8349 -0.5498 -0.0277
vn 0.9718 -0.2312 -0.0462
vn -0.5979 -0.8016 0.0039
vn -0.9947 -0.1007 -0.0192
vn -0.8349 -0.5498 -0.0277
vn -0.9718 -0.2312 -0.0462
vn 0.9999 0.0123 0.0031
vn 0.5267 0.8499 0.0181
vn -0.9999 0.0123 0.0031
vn -0.5267 0.8499 0.0181
vn 0.4950 -0.8383 -0.2287
vn 0.9764 0.0107 -0.2158
vn -0.4950 -0.8383 -0.2287
vn -0.9764 0.0107 -0.2158
vt 0.279103 1.742590
vt 0.280018 1.837208
vt 0.193944 1.783497
vt 0.193944 1.727340
vt 0.316907 1.757920
vt 0.316907 1.860227
vt 0.649597 0.996849
vt 0.501227 0.996849
vt 0.501227 0.002049
vt 0.649597 0.002049
vt 0.995049 0.996849
vt 0.995049 0.002049
vt 0.499202 0.997817
vt 0.499202 0.001458
vt 0.998523 0.001458
vt 0.998523 0.997817
vt 0.497737 0.331795
vt 0.497737 -0.001036
vt 0.997546 -0.001036
vt 0.997546 0.331795
vt 0.496760 0.997011
vt 0.496760 0.002242
vt 0.996570 0.002242
vt 0.996570 0.997011
vt 0.496760 0.998085
vt 0.496760 -0.001567
vt 0.998523 -0.001567
vt 0.998523 0.998085
vt 0.009641 0.986746
vt 0.009641 0.508266
vt 0.492431 0.508266
vt 0.492431 0.986746
vt 0.244416 0.656246
vt 0.188000 0.669361
vt 0.188000 0.524650
vt 0.238059 0.525282
vt 0.372092 0.691032
vt 0.372846 0.611348
vt 0.998125 0.998885
vt 0.496692 0.998885
vt 0.496692 0.001478
vt 0.998125 0.001478
vt 0.663661 0.998396
vt 0.495909 0.998396
vt 0.495909 -0.001451
vt 0.663661 -0.001451
vt 0.999133 0.996443
vt 0.496235 0.996443
vt 0.496235 0.000502
vt 0.999133 0.000502
vt 0.009427 0.811259
vt 0.494057 0.811258
vt 0.009427 0.779603
vt 0.494057 0.779603
vt 0.284386 0.986854
vt 0.005880 0.986854
vt 0.005880 0.842069
vt 0.284386 0.842069
vt 0.999960 0.907209
vt 0.995676 0.895730
vt 0.316086 0.842069
vt 0.305319 0.987165
vt 0.333119 0.500524
vt 0.494926 0.500524
vt 0.494926 0.778201
vt 0.333119 0.778201
vt 0.333119 0.809806
vt 0.494926 0.809806
vt 0.171311 0.809806
vt 0.009504 0.809807
vt 0.009504 0.778201
vt 0.171311 0.778201
vt 0.009070 0.779582
vt 0.009070 0.501254
vt 0.482616 0.501254
vt 0.482616 0.779582
vt 0.436181 0.826567
vt 0.009070 0.811261
vt 0.005880 0.504964
vt 0.284386 0.504964
vt 0.316086 0.504964
vt 0.009427 0.501481
vt 0.494057 0.501481
vt 0.999628 0.795712
vt 0.999628 0.896069
vt 0.497163 0.896069
vt 0.497163 0.795712
vt 0.995676 0.795411
vt 0.955496 0.795411
vt 0.664726 0.795633
vt 0.664756 0.896107
vt 0.497321 0.896176
vt 0.497320 0.795694
vt 0.854549 0.795405
vt 0.854867 0.895975
vt 0.496587 0.895628
vt 0.496265 0.795081
vt 1.029442 0.904565
vt 0.439453 0.768845
vt 0.012415 0.753449
vt 0.018623 0.639562
vt 0.446472 0.653267
vt 0.446472 0.189855
vt 0.864618 0.202347
vt 0.871649 0.606233
vt 0.446472 0.624485
vt 0.832192 0.896038
vt 0.000000 0.217396
vt 0.423011 0.233255
vt 1.000840 0.795539
vt 0.999988 0.904565
vt 0.432435 0.884423
vt 0.006208 0.867336
vt 1.005168 -0.001940
vt 1.004550 0.111986
vt 0.852389 0.111915
vt 0.852029 -0.002000
vt 1.003931 0.225911
vt 0.852749 0.225830
vt 1.003313 0.339837
vt 0.853109 0.339745
vt 1.002695 0.453762
vt 0.853469 0.453660
vt 1.002077 0.567688
vt 0.853829 0.567575
vt 1.001458 0.681614
vt 0.854189 0.681490
vt 0.494080 0.111747
vt 0.493716 -0.002142
vt 0.494444 0.225636
vt 0.494808 0.339525
vt 0.495173 0.453414
vt 0.495537 0.567303
vt 0.495901 0.681192
vt 0.664483 -0.001012
vt 0.664518 0.112795
vt 0.497320 0.112803
vt 0.497320 -0.001012
vt 0.664553 0.226601
vt 0.497320 0.226619
vt 0.664587 0.340407
vt 0.497320 0.340434
vt 0.664622 0.454214
vt 0.497320 0.454249
vt 0.664656 0.568020
vt 0.497320 0.568064
vt 0.664691 0.681827
vt 0.497320 0.681879
vt 0.995676 0.000000
vt 0.995676 0.113630
vt 0.955496 0.113630
vt 0.955496 0.000000
vt 0.995676 0.227260
vt 0.955496 0.227260
vt 0.995676 0.340890
vt 0.955496 0.340890
vt 0.995676 0.454521
vt 0.955496 0.454521
vt 0.995676 0.568151
vt 0.955496 0.568151
vt 0.995676 0.681781
vt 0.955496 0.681781
vt 0.999628 0.000000
vt 0.999628 0.113673
vt 0.497163 0.113673
vt 0.497163 0.000000
vt 0.999628 0.227346
vt 0.497163 0.227346
vt 0.999629 0.341020
vt 0.497163 0.341020
vt 0.999629 0.454693
vt 0.497163 0.454693
vt 0.999628 0.568366
vt 0.497163 0.568366
vt 0.999628 0.682039
vt 0.497163 0.682039
vt 0.831516 0.124574
vt 0.999495 0.124574
vt 0.999495 -0.000309
vt 0.831516 -0.000309
vt 0.009525 0.826535
vt 0.009525 0.986583
vt 0.493866 0.986583
vt 0.493866 0.826535
vt 0.831516 0.873869
vt 0.999495 0.873869
vt 0.999495 0.998752
vt 0.831516 0.998752
vt 0.494443 0.125259
vt 1.000775 0.125259
vt 1.000775 0.000442
vt 0.494443 0.000442
vt 1.000775 0.998977
vt 0.494443 0.998977
vt 0.494443 0.874160
vt 1.000775 0.874160
vt 0.494443 0.749343
vt 1.000775 0.749343
vt 0.494443 0.624527
vt 1.000775 0.624527
vt 0.494443 0.499710
vt 1.000775 0.499710
vt 0.494443 0.374893
vt 1.000775 0.374893
vt 0.494443 0.250076
vt 1.000775 0.250076
vt 1.000775 0.374893
vt 0.494443 0.374893
vt 0.999495 0.249456
vt 0.831516 0.249456
vt 0.999495 0.374339
vt 0.831516 0.374339
vt 0.999496 0.499221
vt 0.831516 0.499221
vt 0.999495 0.624104
vt 0.831516 0.624104
vt 0.999495 0.748986
vt 0.831516 0.748986
vt 0.831516 0.998752
vt 0.999495 0.748987
vt 0.831516 0.748986
vt 0.999495 0.374339
vt 0.831516 0.374339
vt 0.999495 0.249456
vt 0.831516 0.249456
vt 0.495558 0.249456
vt 0.663537 0.249456
vt 0.663537 0.124574
vt 0.495558 0.124574
vt 0.495558 0.374339
vt 0.663537 0.374339
vt 0.495558 0.499221
vt 0.663537 0.499221
vt 0.495558 0.624104
vt 0.663537 0.624104
vt 0.495558 0.748986
vt 0.663537 0.748986
vt 0.495558 0.873869
vt 0.663537 0.873869
vt 0.495558 0.998751
vt 0.663537 0.998751
vt 0.495558 0.748986
vt 0.663537 0.748986
vt 0.663537 0.873869
vt 0.495558 0.873869
vt 0.495558 0.624104
vt 0.663537 0.624104
vt 0.495558 0.499221
vt 0.663537 0.499221
vt 0.495558 0.374339
vt 0.663537 0.374339
vt 0.495558 0.249456
vt 0.663537 0.249456
vt 0.495558 0.124574
vt 0.495558 -0.000309
vt 0.663537 -0.000309
vt 0.493866 0.506439
vt 0.493866 0.666487
vt 0.009525 0.666487
vt 0.009525 0.506439
vt 0.009525 0.666487
vt 0.334584 0.557380
vt 0.334584 0.503590
vt 0.498716 0.503590
vt 0.498716 0.557380
vt 0.334739 0.557223
vt 0.334739 0.503590
vt 0.498673 0.503590
vt 0.498673 0.557145
vt 0.335875 0.558071
vt 0.335875 0.504407
vt 0.500883 0.504407
vt 0.500883 0.558071
vt 0.334143 0.557380
vt 0.334143 0.503590
vt 0.498275 0.503590
vt 0.498275 0.557380
vt 0.333025 0.664219
vt 0.333025 0.502748
vt 0.497084 0.502748
vt 0.497084 0.664219
vt 0.335178 0.665977
vt 0.335178 0.504382
vt 0.500123 0.504382
vt 0.500123 0.665977
vt 0.334143 0.880125
vt 0.334143 0.826334
vt 0.498275 0.826334
vt 0.498275 0.880125
vt 0.334143 0.718753
vt 0.334143 0.664962
vt 0.498275 0.664962
vt 0.498275 0.718753
vt 0.335875 0.880058
vt 0.335875 0.826393
vt 0.500883 0.826393
vt 0.500883 0.880058
vt 0.335875 0.719065
vt 0.335875 0.665400
vt 0.500883 0.665400
vt 0.500883 0.719065
vt 0.334739 0.879024
vt 0.334739 0.825391
vt 0.498673 0.824919
vt 0.498673 0.878474
vt 0.334739 0.718124
vt 0.334739 0.664490
vt 0.498673 0.664254
vt 0.498673 0.717809
vt 0.334584 0.880124
vt 0.334584 0.826334
vt 0.498716 0.826334
vt 0.498716 0.880124
vt 0.334584 0.718752
vt 0.334584 0.664962
vt 0.498716 0.664962
vt 0.498716 0.718752
vt 0.006321 0.718752
vt 0.006321 0.664962
vt 0.170453 0.664962
vt 0.170453 0.718752
vt 0.006321 0.880124
vt 0.006321 0.826334
vt 0.170453 0.826334
vt 0.170453 0.880124
vt 0.005859 0.719065
vt 0.005858 0.665400
vt 0.170867 0.665400
vt 0.170867 0.719065
vt 0.005859 0.880058
vt 0.005859 0.826393
vt 0.170867 0.826393
vt 0.170867 0.880058
vt 0.005289 0.665977
vt 0.005289 0.504382
vt 0.170234 0.504382
vt 0.170234 0.665977
vt 0.004909 0.664219
vt 0.004909 0.502748
vt 0.168967 0.502748
vt 0.168967 0.664219
vt 0.005859 0.558071
vt 0.005859 0.504407
vt 0.170867 0.504407
vt 0.170867 0.558071
vt 0.006321 0.557380
vt 0.006321 0.503590
vt 0.170453 0.503590
vt 0.170453 0.557380
vt 0.168967 0.987161
vt 0.168967 0.825690
vt 0.333025 0.825690
vt 0.333025 0.987161
vt 0.004909 0.987161
vt 0.004909 0.825690
vt 0.170234 0.989168
vt 0.170234 0.827572
vt 0.335178 0.827572
vt 0.335178 0.989168
vt 0.005289 0.989168
vt 0.005289 0.827572
vt 0.006870 0.718752
vt 0.006870 0.664962
vt 0.170805 0.664726
vt 0.170805 0.718438
vt 0.006870 0.880124
vt 0.006870 0.826334
vt 0.170805 0.825862
vt 0.170805 0.879574
vt 0.005880 0.718753
vt 0.005880 0.664962
vt 0.170011 0.664962
vt 0.170011 0.718753
vt 0.005880 0.880125
vt 0.005880 0.826334
vt 0.170011 0.826334
vt 0.170011 0.880125
vt 0.500123 0.827572
vt 0.500123 0.989168
vt 0.497084 0.825690
vt 0.497084 0.987161
vt 0.005880 0.557380
vt 0.005880 0.503590
vt 0.170011 0.503590
vt 0.170011 0.557380
vt 0.006870 0.557380
vt 0.006870 0.503590
vt 0.170805 0.503590
vt 0.170805 0.557302
vt 0.170011 0.772543
vt 0.334143 0.772543
vt 0.005880 0.772543
vt 0.170805 0.772150
vt 0.334739 0.771757
vt 0.006870 0.772543
vt 0.170867 0.772729
vt 0.335875 0.772729
vt 0.005859 0.772729
vt 0.170453 0.772543
vt 0.334584 0.772543
vt 0.006321 0.772543
vt 0.498716 0.772543
vt 0.498673 0.771364
vt 0.500883 0.772729
vt 0.498275 0.772543
vt 0.170805 0.611014
vt 0.334739 0.610857
vt 0.006870 0.611171
vt 0.170011 0.611171
vt 0.334143 0.611171
vt 0.005880 0.611171
vt 0.170453 0.611171
vt 0.334584 0.611171
vt 0.006321 0.611171
vt 0.170867 0.611736
vt 0.335875 0.611736
vt 0.005859 0.611736
vt 0.498275 0.611171
vt 0.500883 0.611736
vt 0.498673 0.610699
vt 0.498716 0.611171
vt 0.170011 0.987706
vt 0.170011 0.933915
vt 0.334143 0.933915
vt 0.334143 0.987706
vt 0.005880 0.987706
vt 0.005880 0.933915
vt 0.170805 0.986998
vt 0.170805 0.933286
vt 0.334739 0.932658
vt 0.334739 0.986291
vt 0.006870 0.987706
vt 0.006870 0.933915
vt 0.170867 0.987387
vt 0.170867 0.933722
vt 0.335875 0.933722
vt 0.335875 0.987387
vt 0.005859 0.987387
vt 0.005859 0.933722
vt 0.170453 0.987706
vt 0.170453 0.933915
vt 0.334584 0.933915
vt 0.334584 0.987706
vt 0.006321 0.987706
vt 0.006321 0.933915
vt 0.498716 0.933915
vt 0.498716 0.987706
vt 0.498673 0.932029
vt 0.498673 0.985584
vt 0.500883 0.933722
vt 0.500883 0.987387
vt 0.498275 0.933915
vt 0.498275 0.987706
vt 0.333872 0.748558
vt 0.333872 0.495762
vt 0.499495 0.495762
vt 0.499495 0.748558
vt 0.003180 0.748558
vt 0.003180 0.495762
vt 0.499452 0.495762
vt 0.499452 0.747450
vt 0.335174 0.748818
vt 0.335174 0.496616
vt 0.501682 0.496616
vt 0.501682 0.748818
vt 0.002180 0.748558
vt 0.002180 0.495762
vt 0.499050 0.495762
vt 0.499050 0.748558
vt 0.333759 0.999839
vt 0.333759 0.497765
vt 0.499309 0.497765
vt 0.499309 0.999839
vt 0.335932 1.001919
vt 0.335932 0.499458
vt 0.502376 0.499458
vt 0.502376 1.001919
vt 0.003044 1.001919
vt 0.003044 0.499458
vt 0.169488 0.499458
vt 0.169488 1.001919
vt 0.002661 0.999839
vt 0.002661 0.497765
vt 0.168210 0.497765
vt 0.168210 0.999839
vt 0.002159 0.748818
vt 0.002159 0.496616
vt 0.168666 0.496616
vt 0.168666 0.748818
vt 0.002625 0.748558
vt 0.002625 0.495762
vt 0.168249 0.495762
vt 0.168249 0.748558
vt 0.168249 1.001354
vt 0.333872 1.001354
vt 0.002625 1.001354
vt 0.168666 1.001021
vt 0.335174 1.001021
vt 0.002159 1.001021
vt 0.002180 1.001354
vt 0.499050 1.001354
vt 0.501682 1.001021
vt 0.003180 1.001354
vt 0.499452 0.999138
vt 0.499495 1.001354
vt 0.253028 0.828328
vt 0.499694 0.828328
vt 0.499694 0.992123
vt 0.253028 0.992123
vt 0.253080 0.664597
vt 0.004345 0.664597
vt 0.004345 0.500365
vt 0.253080 0.500365
vt 0.252913 0.828932
vt 0.502039 0.828932
vt 0.502039 0.993512
vt 0.252913 0.993512
vt 0.252315 0.501034
vt 0.501050 0.501034
vt 0.501050 0.992924
vt 0.252315 0.992924
vt 0.007038 0.829265
vt 0.501280 0.829265
vt 0.501280 0.993460
vt 0.007038 0.993460
vt 0.501340 0.664558
vt 0.006490 0.664558
vt 0.006490 0.500104
vt 0.501340 0.500104
vt 0.254957 0.501370
vt 0.501128 0.501370
vt 0.501128 0.992022
vt 0.254957 0.992022
vt 0.336152 0.993303
vt 0.336152 0.501413
vt 0.501201 0.501413
vt 0.501201 0.993303
vt 0.171029 0.500266
vt 0.171029 0.992156
vt 0.006490 0.992156
vt 0.006490 0.500266
vt 0.254994 0.828973
vt 0.501815 0.828973
vt 0.501815 0.992823
vt 0.254994 0.992823
vt 0.501340 0.993466
vt 0.006490 0.993466
vt 0.006490 0.829012
vt 0.501340 0.829012
vt 0.007038 0.500874
vt 0.501280 0.500874
vt 0.501280 0.665070
vt 0.007038 0.665070
vt 0.252913 0.499772
vt 0.502039 0.499772
vt 0.502039 0.664352
vt 0.252913 0.664352
vt 0.253028 0.500739
vt 0.499694 0.500739
vt 0.499694 0.664533
vt 0.253028 0.664533
vt 0.254994 0.501273
vt 0.501815 0.501273
vt 0.501815 0.665123
vt 0.254994 0.665123
vt 0.500107 0.500266
vt 0.500107 0.992156
vt 0.335568 0.992156
vt 0.335568 0.500266
vt 0.006054 0.993303
vt 0.006054 0.501413
vt 0.171103 0.501413
vt 0.171103 0.993303
vt 0.253080 0.993061
vt 0.004345 0.993061
vt 0.004345 0.828829
vt 0.253080 0.828829
vt 0.501815 0.828829
vt 0.501815 0.664597
vt 0.501815 0.993061
vt 0.008173 0.665123
vt 0.008173 0.828973
vt 0.008173 0.501273
vt 0.006364 0.664533
vt 0.006364 0.828328
vt 0.006364 0.500739
vt 0.003786 0.664352
vt 0.003786 0.828932
vt 0.003786 0.499772
vt 0.008173 0.992823
vt 0.008789 0.501370
vt 0.008789 0.992022
vt 0.003580 0.501034
vt 0.003580 0.992924
vt 0.003786 0.993512
vt 0.501815 0.500365
vt 0.006364 0.992123
vt 0.000000 0.752755
vt 0.348788 0.499877
vt 0.505172 0.499753
vt 0.000000 0.999697
vt -0.000000 0.999441
vt -0.000000 0.499217
vt 0.503533 0.499217
vt 0.503533 0.999441
vt -0.002944 0.610907
vt 0.220338 0.500154
vt -0.004211 0.500154
vt 0.111838 0.499465
vt 0.111838 0.999811
vt 0.000535 0.999811
vt 0.000535 0.499465
vt 0.001497 0.999097
vt 0.506131 0.500154
vt 0.348147 0.500154
vt -0.001324 0.752451
vt 0.501954 0.499465
vt 0.501954 0.999811
vt 0.254084 0.999811
vt 0.254084 0.499465
vt 0.501983 0.844037
vt -0.000000 0.844037
vt -0.000000 0.718547
vt 0.501983 0.718547
vt 0.000000 0.500154
vt 0.222274 0.499977
vt 0.000000 0.611040
vt -0.000000 0.498072
vt 0.501983 0.498072
vt 0.501983 0.999155
vt -0.000000 0.999155
vt 0.333825 0.622959
vt 0.333825 0.499516
vt 0.497956 0.499516
vt 0.497956 0.622959
vt 0.006111 0.622959
vt 0.006111 0.499516
vt 0.497913 0.499516
vt 0.497913 0.622418
vt 0.335115 0.623503
vt 0.335115 0.500349
vt 0.500123 0.500349
vt 0.500123 0.623503
vt 0.005120 0.622959
vt 0.005120 0.499516
vt 0.497515 0.499516
vt 0.497515 0.622959
vt 0.333025 0.992051
vt 0.333025 0.499343
vt 0.497084 0.499343
vt 0.497084 0.992051
vt 0.335178 0.994093
vt 0.335178 0.501004
vt 0.500123 0.501004
vt 0.500123 0.994093
vt 0.005289 0.994093
vt 0.005289 0.501004
vt 0.170234 0.501004
vt 0.170234 0.994093
vt 0.004909 0.992051
vt 0.004909 0.499343
vt 0.168967 0.499343
vt 0.168967 0.992051
vt 0.005099 0.623503
vt 0.005099 0.500349
vt 0.170107 0.500349
vt 0.170107 0.623503
vt 0.005561 0.622959
vt 0.005561 0.499516
vt 0.169693 0.499516
vt 0.169693 0.622959
vt 0.169693 0.993289
vt 0.169693 0.869846
vt 0.333825 0.869846
vt 0.333825 0.993289
vt 0.169693 0.746402
vt 0.333825 0.746402
vt 0.005561 0.993289
vt 0.005561 0.869846
vt 0.005561 0.746402
vt 0.170107 0.992964
vt 0.170107 0.869810
vt 0.335115 0.869810
vt 0.335115 0.992964
vt 0.170107 0.746656
vt 0.335115 0.746656
vt 0.005099 0.992964
vt 0.005099 0.869810
vt 0.005099 0.746656
vt 0.005120 0.993289
vt 0.005120 0.869846
vt 0.497515 0.869846
vt 0.497515 0.993289
vt 0.005120 0.746402
vt 0.497515 0.746402
vt 0.500123 0.869810
vt 0.500123 0.992964
vt 0.500123 0.746656
vt 0.006111 0.993289
vt 0.006111 0.869846
vt 0.497913 0.868222
vt 0.497913 0.991125
vt 0.006111 0.746402
vt 0.497913 0.745320
vt 0.497956 0.869846
vt 0.497956 0.993289
vt 0.497956 0.746402
vt 0.004801 0.993150
vt 0.004801 0.499654
vt 0.497197 0.499654
vt 0.497197 0.993150
vt 0.005351 0.993150
vt 0.005351 0.499654
vt 0.497154 0.499654
vt 0.497154 0.988842
vt 0.004339 0.992503
vt 0.004339 0.501313
vt 0.499363 0.501313
vt 0.499363 0.992503
vt 0.004360 0.993150
vt 0.004360 0.499654
vt 0.496755 0.499654
vt 0.496755 0.993150
vt 0.004909 0.992811
vt 0.004909 0.500103
vt 0.497084 0.500103
vt 0.497084 0.992811
vt 0.005289 0.994853
vt 0.005289 0.501764
vt 0.500123 0.501764
vt 0.500123 0.994853
vt 0.854403 0.749088
vt 0.855194 0.999451
vt 0.496918 0.999080
vt 0.496117 0.748775
vt 0.664712 0.749360
vt 0.664788 0.999484
vt 0.497320 0.999561
vt 0.497320 0.749418
vt 0.995676 0.749210
vt 0.995676 0.998946
vt 0.955496 0.998946
vt 0.955496 0.749210
vt 0.496777 0.504060
vt 0.496777 0.846039
vt 0.002345 0.846039
vt 0.002345 0.504060
vt 0.485974 0.994412
vt 0.005581 0.994412
vt 0.005581 0.500296
vt 0.485974 0.500296
vt 0.999628 0.749493
vt 0.999628 0.999325
vt 0.497163 0.999325
vt 0.497163 0.749493
vt 1.001092 0.749218
vt 0.999733 0.999604
vt 0.170168 0.992517
vt 0.006021 0.992517
vt 0.006021 0.499555
vt 0.170168 0.499555
vt 0.496777 0.992917
vt 0.002345 0.992917
vt 0.497580 0.994276
vt 0.005943 0.994276
vt 0.005943 0.500526
vt 0.497580 0.500526
vt 0.006160 0.992807
vt 0.006160 0.507409
vt 0.495930 0.507409
vt 0.495930 0.992807
vt 0.235882 0.663184
vt 0.179712 0.676952
vt 0.179712 0.530957
vt 0.229553 0.530965
vt 0.363001 0.698419
vt 0.363752 0.618006
vt 1.003809 0.248446
vt 0.852820 0.248363
vt 1.002450 0.498832
vt 0.853612 0.498725
vt 0.999628 0.249831
vt 0.497163 0.249831
vt 0.999628 0.499662
vt 0.497163 0.499662
vt 0.995676 0.249737
vt 0.955496 0.249737
vt 0.995676 0.499473
vt 0.955496 0.499473
vt 0.664559 0.249112
vt 0.497320 0.249131
vt 0.664636 0.499236
vt 0.497320 0.499275
vt 0.494516 0.248164
vt 0.495317 0.498469
vt 0.999266 0.499159
vt 0.999494 0.749244
vt 0.832103 0.749302
vt 0.831951 0.499198
vt 0.999037 0.249074
vt 0.831798 0.249093
vt 0.998809 -0.001012
vt 0.831646 -0.001012
vt 0.999165 0.998396
vt 0.831413 0.998396
vt 0.831413 -0.001451
vt 0.999165 -0.001451
vt 0.361500 0.859416
vt 0.248540 0.928206
vt 0.242211 0.795579
vt 0.362250 0.778888
vt 0.179712 0.969669
vt 0.179712 0.823146
vt 0.497737 0.997456
vt 0.497737 0.664625
vt 0.997546 0.664625
vt 0.997546 0.997456
vt 0.498462 0.992517
vt 0.334315 0.992517
vt 0.334315 0.499555
vt 0.498462 0.499555
vt 0.316907 1.553306
vt 0.316907 1.655613
vt 0.278188 1.647972
vt 0.277273 1.553354
vt 0.193944 1.671183
vt 0.193944 1.615027
vt 0.999722 0.999330
vt 0.832255 0.999407
vt 0.835741 0.668784
vt 1.004578 0.668784
vt 1.004578 1.005202
vt 0.835741 1.005202
vt 0.835741 0.668680
vt 1.004578 0.668680
vt 1.004578 1.005099
vt 0.835741 1.005099
vt 0.835741 -0.004260
vt 1.004578 -0.004260
vt 1.004578 1.004995
vt 0.835741 1.004995
vt 0.835741 0.668473
vt 1.004578 0.668473
vt 1.004578 1.004892
vt 0.835741 1.004892
vt 0.471899 0.785328
vt 0.425853 0.845701
vt 0.379807 0.906073
vt 0.333761 0.966446
vt 0.107840 0.937374
vt 0.020056 0.727184
vt 0.066102 0.666812
vt 0.112148 0.606439
vt 0.158194 0.546067
vt 0.384115 0.575139
vt 0.413376 0.645202
vt 0.442638 0.715265
vt 0.835741 -0.004467
vt 1.004578 -0.004467
vt 1.004578 1.004789
vt 0.835741 1.004789
vt 0.835741 -0.003951
vt 1.004578 -0.003951
vt 1.004578 1.005304
vt 0.835741 1.005304
vt 0.333815 0.966423
vt 0.379861 0.906051
vt 0.425907 0.845678
vt 0.471953 0.785306
vt 0.442692 0.715243
vt 0.413430 0.645179
vt 0.384169 0.575116
vt 0.158248 0.546044
vt 0.112202 0.606417
vt 0.066156 0.666789
vt 0.020110 0.727162
vt 0.107894 0.937351
vt 0.498067 -0.003952
vt 0.666904 -0.003952
vt 0.666904 1.005304
vt 0.498067 1.005304
vt 0.498067 -0.004467
vt 0.666904 -0.004467
vt 0.666904 1.004789
vt 0.498067 1.004789
vt 0.498067 0.668473
vt 0.666904 0.668473
vt 0.666904 1.004892
vt 0.498067 1.004892
vt 0.498067 -0.004261
vt 0.666904 -0.004261
vt 0.666904 1.004995
vt 0.498067 1.004995
vt 0.498067 0.668680
vt 0.666904 0.668680
vt 0.666904 1.005099
vt 0.498067 1.005099
vt 0.498067 0.668783
vt 0.666904 0.668783
vt 0.666904 1.005202
vt 0.498067 1.005202
vt 0.666904 -0.004157
vt 0.835741 -0.004157
vt 0.835741 0.332262
vt 0.666904 0.332262
vt 0.498067 -0.004157
vt 0.498067 0.332262
vt 1.004578 -0.004157
vt 1.004578 0.332262
vt 0.666904 -0.004364
vt 0.835741 -0.004364
vt 0.835741 0.332055
vt 0.666904 0.332055
vt 0.498067 -0.004364
vt 0.498067 0.332055
vt 1.004578 -0.004364
vt 1.004578 0.332055
vt 0.666904 -0.004054
vt 0.835741 -0.004054
vt 0.835741 0.332365
vt 0.666904 0.332365
vt 0.498067 -0.004054
vt 0.498067 0.332365
vt 1.004578 -0.004053
vt 1.004578 0.332365
vt 0.331682 0.665183
vt 0.331682 0.500213
vt 0.495814 0.500213
vt 0.495814 0.665183
vt 0.003968 0.665183
vt 0.003968 0.500213
vt 0.495771 0.500213
vt 0.495771 0.664435
vt 0.332973 0.665646
vt 0.332973 0.501076
vt 0.497981 0.501076
vt 0.497981 0.665646
vt 0.002977 0.665183
vt 0.002977 0.500213
vt 0.495372 0.500213
vt 0.495372 0.665183
vt 0.333025 0.992811
vt 0.333025 0.500103
vt 0.335178 0.994853
vt 0.335178 0.501764
vt 0.170234 0.501764
vt 0.170234 0.994853
vt 0.168967 0.500103
vt 0.168967 0.992811
vt 0.002956 0.665646
vt 0.002956 0.501076
vt 0.167964 0.501076
vt 0.167964 0.665646
vt 0.003418 0.665183
vt 0.003418 0.500213
vt 0.167550 0.500213
vt 0.167550 0.665183
vt 0.167550 0.995122
vt 0.167550 0.830152
vt 0.331682 0.830152
vt 0.331682 0.995122
vt 0.003418 0.995122
vt 0.003418 0.830152
vt 0.167964 0.994785
vt 0.167964 0.830216
vt 0.332973 0.830216
vt 0.332973 0.994785
vt 0.002956 0.994785
vt 0.002956 0.830216
vt 0.002977 0.995122
vt 0.002977 0.830153
vt 0.495372 0.830153
vt 0.495372 0.995122
vt 0.497981 0.830216
vt 0.497981 0.994785
vt 0.003968 0.995122
vt 0.003968 0.830152
vt 0.495771 0.828657
vt 0.495771 0.992880
vt 0.495814 0.830152
vt 0.495814 0.995122
vt 0.999432 0.681721
vt 0.999536 0.795510
vt 0.832131 0.795572
vt 0.832062 0.681774
vt 0.999328 0.567933
vt 0.831992 0.567976
vt 0.999225 0.454144
vt 0.831923 0.454179
vt 0.999121 0.340355
vt 0.831854 0.340381
vt 0.999017 0.226566
vt 0.831785 0.226583
vt 0.998913 0.112777
vt 0.831715 0.112786
vt 0.999628 0.895969
vt 0.450785 -0.000000
vt 0.870459 0.017839
vt 0.425417 1.000000
vt 0.000000 0.981224
vt 0.002053 0.021559
vt 0.423242 -0.000000
vt 0.009504 0.500524
vt 0.171311 0.500524
vt 0.370584 0.850401
vt 0.257130 0.918175
vt 0.250773 0.787211
vt 0.371338 0.770717
vt 0.188000 0.958785
vt 0.188000 0.814073
vt 0.375000 0.000000
vt 0.625000 0.000000
vt 0.625000 0.250000
vt 0.375000 0.250000
vt 0.625000 0.500000
vt 0.375000 0.500000
vt 0.625000 0.750000
vt 0.375000 0.750000
vt 0.625000 1.000000
vt 0.375000 1.000000
vt 0.125000 0.500000
vt 0.125000 0.750000
vt 0.875000 0.500000
vt 0.875000 0.750000
vt 0.198276 0.456806
vt 0.242333 0.456806
vt 0.242333 0.512864
vt 0.198276 0.512864
vt 0.110160 0.456806
vt 0.154218 0.456806
vt 0.154218 0.512864
vt 0.110160 0.512864
vt 0.198276 0.695028
vt 0.242333 0.695028
vt 0.242333 0.737092
vt 0.198276 0.737092
vt 0.110160 0.905263
vt 0.154218 0.905263
vt 0.154218 0.961320
vt 0.110160 0.961320
vt 0.110160 0.695028
vt 0.154218 0.695028
vt 0.154218 0.737092
vt 0.110160 0.737092
vt 0.110160 0.260607
vt 0.154218 0.260607
vt 0.154218 0.288635
vt 0.110160 0.288635
vt 0.198276 0.260607
vt 0.242333 0.260607
vt 0.242333 0.288635
vt 0.198276 0.288635
vt 0.198276 0.905263
vt 0.242333 0.905263
vt 0.242333 0.961320
vt 0.198276 0.961320
vt 0.198276 0.120464
vt 0.242333 0.120464
vt 0.242333 0.176521
vt 0.198276 0.176521
vt 0.110160 0.120464
vt 0.154218 0.120464
vt 0.154218 0.176521
vt 0.110160 0.176521
vt 0.110160 0.344692
vt 0.154218 0.344692
vt 0.154218 0.400749
vt 0.110160 0.400749
vt 0.198276 0.344692
vt 0.242333 0.344692
vt 0.242333 0.400749
vt 0.198276 0.400749
vt 0.110160 0.568921
vt 0.154218 0.568921
vt 0.154218 0.624978
vt 0.110160 0.624978
vt 0.198276 0.568921
vt 0.242333 0.568921
vt 0.242333 0.624978
vt 0.198276 0.624978
vt 0.198276 0.821177
vt 0.242333 0.821177
vt 0.242333 0.849206
vt 0.198276 0.849206
vt 0.110160 0.821177
vt 0.154218 0.821177
vt 0.154218 0.849206
vt 0.110160 0.849206
vt 0.110160 0.765120
vt 0.154218 0.765120
vt 0.154218 0.793149
vt 0.110160 0.793149
vt 0.198276 0.765120
vt 0.242333 0.765120
vt 0.242333 0.793149
vt 0.198276 0.793149
vt 0.198276 0.204550
vt 0.242333 0.204550
vt 0.242333 0.232578
vt 0.198276 0.232578
vt 0.110160 0.204550
vt 0.154218 0.204550
vt 0.154218 0.232578
vt 0.110160 0.232578
vt 0.066102 0.204550
vt 0.066102 0.232578
vt 0.066102 0.176521
vt 0.066103 0.765120
vt 0.066103 0.793149
vt 0.066103 0.737092
vt 0.066103 0.821177
vt 0.066103 0.849206
vt 0.066102 0.568921
vt 0.066102 0.624978
vt 0.066102 0.512864
vt 0.066102 0.344692
vt 0.066102 0.400749
vt 0.066102 0.288635
vt 0.066102 0.120464
vt 0.066102 0.064407
vt 0.110160 0.064407
vt 0.154218 0.064407
vt 0.198276 0.064407
vt 0.242333 0.064407
vt 0.066102 0.260607
vt 0.066103 0.695028
vt 0.110160 0.681035
vt 0.066102 0.681035
vt 0.154218 0.681035
vt 0.066103 0.905263
vt 0.066103 0.961320
vt 0.198276 0.681035
vt 0.242333 0.681035
vt 0.066102 0.456806
vt 0.220305 0.484835
vt 0.242333 0.484835
vt 0.220305 0.512864
vt 0.132189 0.484835
vt 0.154218 0.484835
vt 0.132189 0.512864
vt 0.132189 0.933291
vt 0.154218 0.933291
vt 0.132189 0.961320
vt 0.220305 0.709063
vt 0.242333 0.709063
vt 0.220305 0.737092
vt 0.132189 0.274621
vt 0.154218 0.274621
vt 0.132189 0.288635
vt 0.220305 0.274621
vt 0.242333 0.274621
vt 0.220305 0.288635
vt 0.220305 0.933291
vt 0.242333 0.933291
vt 0.220305 0.961320
vt 0.220304 0.148493
vt 0.242333 0.148493
vt 0.220304 0.176521
vt 0.132189 0.148493
vt 0.154218 0.148493
vt 0.132189 0.176521
vt 0.088131 0.344692
vt 0.088131 0.400749
vt 0.132189 0.596949
vt 0.154218 0.596949
vt 0.132189 0.624978
vt 0.220305 0.596949
vt 0.242333 0.596949
vt 0.220305 0.624978
vt 0.220305 0.835191
vt 0.242333 0.835191
vt 0.220305 0.849206
vt 0.132189 0.835191
vt 0.154218 0.835191
vt 0.132189 0.849206
vt 0.132189 0.779134
vt 0.154218 0.779134
vt 0.132189 0.793149
vt 0.220305 0.779134
vt 0.242333 0.779134
vt 0.220305 0.793149
vt 0.220305 0.218564
vt 0.242333 0.218564
vt 0.220305 0.232578
vt 0.132189 0.218564
vt 0.154218 0.218564
vt 0.132189 0.232578
vt 0.088131 0.218564
vt 0.110160 0.218564
vt 0.088131 0.232578
vt 0.088131 0.190536
vt 0.110160 0.190536
vt 0.088131 0.204550
vt 0.132189 0.190536
vt 0.154218 0.190536
vt 0.132189 0.204550
vt 0.176247 0.218564
vt 0.198276 0.218564
vt 0.176247 0.232578
vt 0.176247 0.190536
vt 0.198276 0.190536
vt 0.176247 0.204550
vt 0.220304 0.190536
vt 0.242333 0.190536
vt 0.220305 0.204550
vt 0.176247 0.779134
vt 0.198276 0.779134
vt 0.176247 0.793149
vt 0.176247 0.751106
vt 0.198276 0.751106
vt 0.176247 0.765120
vt 0.220305 0.751106
vt 0.242333 0.751106
vt 0.220305 0.765120
vt 0.088131 0.779134
vt 0.110160 0.779134
vt 0.088131 0.793149
vt 0.088131 0.751106
vt 0.110160 0.751106
vt 0.088131 0.765120
vt 0.132189 0.751106
vt 0.154218 0.751106
vt 0.132189 0.765120
vt 0.088131 0.835191
vt 0.110160 0.835191
vt 0.088131 0.849206
vt 0.088131 0.807163
vt 0.110160 0.807163
vt 0.088131 0.821177
vt 0.132189 0.807163
vt 0.154218 0.807163
vt 0.132189 0.821177
vt 0.176247 0.835191
vt 0.198276 0.835191
vt 0.176247 0.849206
vt 0.176247 0.807163
vt 0.198276 0.807163
vt 0.176247 0.821177
vt 0.220305 0.807163
vt 0.242333 0.807163
vt 0.220305 0.821177
vt 0.176247 0.596949
vt 0.198276 0.596949
vt 0.176247 0.624978
vt 0.176247 0.540892
vt 0.198276 0.540892
vt 0.176247 0.568921
vt 0.220305 0.540892
vt 0.242333 0.540892
vt 0.220305 0.568921
vt 0.088131 0.596949
vt 0.110160 0.596949
vt 0.088131 0.624978
vt 0.088131 0.540892
vt 0.110160 0.540892
vt 0.088131 0.568921
vt 0.132189 0.540892
vt 0.154218 0.540892
vt 0.132189 0.568921
vt 0.220305 0.344692
vt 0.220305 0.400749
vt 0.132189 0.344692
vt 0.132189 0.400749
vt 0.088131 0.148493
vt 0.110160 0.148493
vt 0.088131 0.176521
vt 0.088131 0.092436
vt 0.110160 0.092436
vt 0.088131 0.120464
vt 0.132189 0.092436
vt 0.154218 0.092436
vt 0.132189 0.120464
vt 0.176247 0.148493
vt 0.198276 0.148493
vt 0.176247 0.176521
vt 0.176247 0.092436
vt 0.198276 0.092436
vt 0.176247 0.120464
vt 0.220304 0.092436
vt 0.242333 0.092436
vt 0.220304 0.120464
vt 0.176247 0.933291
vt 0.198276 0.933291
vt 0.176247 0.961320
vt 0.176247 0.877234
vt 0.198276 0.877234
vt 0.176247 0.905263
vt 0.220305 0.877234
vt 0.242333 0.877234
vt 0.220305 0.905263
vt 0.176247 0.274621
vt 0.198276 0.274621
vt 0.176247 0.288635
vt 0.176247 0.246593
vt 0.198276 0.246593
vt 0.176247 0.260607
vt 0.220305 0.246593
vt 0.242333 0.246593
vt 0.220305 0.260607
vt 0.088131 0.274621
vt 0.110160 0.274621
vt 0.088131 0.288635
vt 0.088131 0.246593
vt 0.110160 0.246593
vt 0.088131 0.260607
vt 0.132189 0.246593
vt 0.154218 0.246593
vt 0.132189 0.260607
vt 0.132189 0.709063
vt 0.154218 0.709063
vt 0.132189 0.737092
vt 0.088131 0.653006
vt 0.110160 0.653006
vt 0.088131 0.681035
vt 0.132189 0.653006
vt 0.154218 0.653006
vt 0.132189 0.681035
vt 0.088131 0.933291
vt 0.110160 0.933291
vt 0.088131 0.961320
vt 0.088131 0.877234
vt 0.110160 0.877234
vt 0.088131 0.905263
vt 0.132189 0.877234
vt 0.154218 0.877234
vt 0.132189 0.905263
vt 0.088131 0.709063
vt 0.110160 0.709063
vt 0.088131 0.737092
vt 0.176247 0.653006
vt 0.198276 0.653006
vt 0.176247 0.681035
vt 0.220305 0.653006
vt 0.242333 0.653006
vt 0.220305 0.681035
vt 0.088131 0.484835
vt 0.110160 0.484835
vt 0.088131 0.512864
vt 0.088131 0.428778
vt 0.110160 0.428778
vt 0.088131 0.456806
vt 0.132189 0.428778
vt 0.154218 0.428778
vt 0.132189 0.456806
vt 0.176247 0.484835
vt 0.198276 0.484835
vt 0.176247 0.512864
vt 0.176247 0.428778
vt 0.198276 0.428778
vt 0.176247 0.456806
vt 0.220305 0.428778
vt 0.242333 0.428778
vt 0.220305 0.456806
vt 0.176247 0.709063
vt 0.198276 0.709063
vt 0.176247 0.737092
vt 0.176247 0.344692
vt 0.176247 0.400749
vt 0.066102 0.428778
vt 0.066102 0.484835
vt 0.066103 0.709063
vt 0.066103 0.877234
vt 0.066103 0.933291
vt 0.066102 0.653006
vt 0.066102 0.246593
vt 0.066102 0.274621
vt 0.220304 0.064407
vt 0.176247 0.064407
vt 0.132189 0.064407
vt 0.066102 0.092436
vt 0.088131 0.064407
vt 0.066102 0.148493
vt 0.066102 0.540892
vt 0.066102 0.596949
vt 0.066103 0.807163
vt 0.066103 0.835191
vt 0.066103 0.751106
vt 0.066103 0.779134
vt 0.066102 0.190536
vt 0.066102 0.218564
vt 0.629761 0.531591
vt 0.614654 0.531591
vt 0.614654 0.503562
vt 0.629761 0.503562
vt 0.690191 0.531591
vt 0.675084 0.531591
vt 0.675084 0.503562
vt 0.690191 0.503562
vt 0.690191 0.083135
vt 0.675084 0.083135
vt 0.675084 0.055106
vt 0.690191 0.055106
vt 0.629761 0.307363
vt 0.614654 0.307363
vt 0.614654 0.279334
vt 0.629761 0.279334
vt 0.690191 0.741805
vt 0.675084 0.741805
vt 0.675084 0.727790
vt 0.690191 0.727790
vt 0.629761 0.741805
vt 0.614654 0.741805
vt 0.614654 0.727790
vt 0.629761 0.727790
vt 0.629761 0.083135
vt 0.614654 0.083135
vt 0.614654 0.055106
vt 0.629761 0.055106
vt 0.629761 0.891637
vt 0.614654 0.891637
vt 0.614654 0.880137
vt 0.629761 0.880137
vt 0.690191 0.891637
vt 0.675084 0.891637
vt 0.675084 0.880137
vt 0.690191 0.880137
vt 0.720407 0.671733
vt 0.705299 0.671733
vt 0.705299 0.615676
vt 0.720407 0.615676
vt 0.690191 0.419477
vt 0.675084 0.419477
vt 0.675084 0.391448
vt 0.690191 0.391448
vt 0.629761 0.419477
vt 0.614654 0.419477
vt 0.614654 0.391448
vt 0.629761 0.391448
vt 0.629761 0.181234
vt 0.614654 0.181234
vt 0.614654 0.167220
vt 0.629761 0.167220
vt 0.690191 0.181234
vt 0.675084 0.181234
vt 0.675084 0.167220
vt 0.690191 0.167220
vt 0.690191 0.237291
vt 0.675084 0.237291
vt 0.675084 0.223277
vt 0.690191 0.223277
vt 0.629761 0.237291
vt 0.614654 0.237291
vt 0.614654 0.223277
vt 0.629761 0.223277
vt 0.629761 0.797862
vt 0.614654 0.797862
vt 0.614654 0.783847
vt 0.629761 0.783847
vt 0.690191 0.797862
vt 0.675084 0.797862
vt 0.675084 0.783847
vt 0.690191 0.783847
vt 0.720407 0.797862
vt 0.705299 0.797862
vt 0.705299 0.783847
vt 0.720407 0.783847
vt 0.720407 0.820772
vt 0.705299 0.820772
vt 0.705299 0.811876
vt 0.720407 0.811876
vt 0.690191 0.820772
vt 0.675084 0.820772
vt 0.675084 0.811876
vt 0.690191 0.811876
vt 0.659976 0.797862
vt 0.644869 0.797862
vt 0.644869 0.783847
vt 0.659976 0.783847
vt 0.659976 0.820772
vt 0.644869 0.820772
vt 0.644869 0.811876
vt 0.659976 0.811876
vt 0.629761 0.820772
vt 0.614654 0.820772
vt 0.614654 0.811876
vt 0.629761 0.811876
vt 0.659976 0.237291
vt 0.644869 0.237291
vt 0.644869 0.223277
vt 0.659976 0.223277
vt 0.659976 0.265320
vt 0.644869 0.265320
vt 0.644869 0.251306
vt 0.659976 0.251306
vt 0.629761 0.265320
vt 0.614654 0.265320
vt 0.614654 0.251306
vt 0.629761 0.251306
vt 0.720407 0.237291
vt 0.705299 0.237291
vt 0.705299 0.223277
vt 0.720407 0.223277
vt 0.720407 0.265320
vt 0.705299 0.265320
vt 0.705299 0.251306
vt 0.720407 0.251306
vt 0.690191 0.265320
vt 0.675084 0.265320
vt 0.675084 0.251306
vt 0.690191 0.251306
vt 0.720407 0.181234
vt 0.705299 0.181234
vt 0.705299 0.167220
vt 0.720407 0.167220
vt 0.720407 0.209263
vt 0.705299 0.209263
vt 0.705299 0.195249
vt 0.720407 0.195249
vt 0.690191 0.209263
vt 0.675084 0.209263
vt 0.675084 0.195249
vt 0.690191 0.195249
vt 0.659976 0.181234
vt 0.644869 0.181234
vt 0.644869 0.167220
vt 0.659976 0.167220
vt 0.659976 0.209263
vt 0.644869 0.209263
vt 0.644869 0.195249
vt 0.659976 0.195249
vt 0.629761 0.209263
vt 0.614654 0.209263
vt 0.614654 0.195249
vt 0.629761 0.195249
vt 0.659976 0.419477
vt 0.644869 0.419477
vt 0.644869 0.391448
vt 0.659976 0.391448
vt 0.659976 0.475534
vt 0.644869 0.475534
vt 0.644869 0.447505
vt 0.659976 0.447505
vt 0.629761 0.475534
vt 0.614654 0.475534
vt 0.614654 0.447505
vt 0.629761 0.447505
vt 0.720407 0.419477
vt 0.705299 0.419477
vt 0.705299 0.391448
vt 0.720407 0.391448
vt 0.720407 0.475534
vt 0.705299 0.475534
vt 0.705299 0.447505
vt 0.720407 0.447505
vt 0.690191 0.475534
vt 0.675084 0.475534
vt 0.675084 0.447505
vt 0.690191 0.447505
vt 0.629761 0.671733
vt 0.614654 0.671733
vt 0.614654 0.615676
vt 0.629761 0.615676
vt 0.690191 0.671733
vt 0.675084 0.671733
vt 0.675084 0.615676
vt 0.690191 0.615676
vt 0.720407 0.891637
vt 0.705299 0.891637
vt 0.705299 0.880137
vt 0.720407 0.880137
vt 0.720407 0.945139
vt 0.705299 0.945139
vt 0.705299 0.936279
vt 0.720407 0.936279
vt 0.690191 0.945139
vt 0.675084 0.945139
vt 0.675084 0.936279
vt 0.690191 0.936279
vt 0.659976 0.891637
vt 0.644869 0.891637
vt 0.644869 0.880137
vt 0.659976 0.880137
vt 0.659976 0.945139
vt 0.644869 0.945139
vt 0.644869 0.936279
vt 0.659976 0.936279
vt 0.629761 0.945139
vt 0.614654 0.945139
vt 0.614654 0.936279
vt 0.629761 0.936279
vt 0.659976 0.083135
vt 0.644869 0.083135
vt 0.644869 0.055106
vt 0.659976 0.055106
vt 0.659976 0.139192
vt 0.644869 0.139192
vt 0.644869 0.111163
vt 0.659976 0.111163
vt 0.629761 0.139192
vt 0.614654 0.139192
vt 0.614654 0.111163
vt 0.629761 0.111163
vt 0.659976 0.741805
vt 0.644869 0.741805
vt 0.644869 0.727790
vt 0.659976 0.727790
vt 0.659976 0.769833
vt 0.644869 0.769833
vt 0.644869 0.755819
vt 0.659976 0.755819
vt 0.629761 0.769833
vt 0.614654 0.769833
vt 0.614654 0.755819
vt 0.629761 0.755819
vt 0.720407 0.741805
vt 0.705299 0.741805
vt 0.705299 0.727790
vt 0.720407 0.727790
vt 0.720407 0.769833
vt 0.705299 0.769833
vt 0.705299 0.755819
vt 0.720407 0.755819
vt 0.690191 0.769833
vt 0.675084 0.769833
vt 0.675084 0.755819
vt 0.690191 0.755819
vt 0.690192 0.307363
vt 0.675084 0.307363
vt 0.675084 0.279334
vt 0.690192 0.279334
vt 0.720407 0.363420
vt 0.705299 0.363420
vt 0.705299 0.335391
vt 0.720407 0.335391
vt 0.690191 0.363420
vt 0.675084 0.363420
vt 0.675084 0.335391
vt 0.690191 0.335391
vt 0.720407 0.083135
vt 0.705299 0.083135
vt 0.705299 0.055106
vt 0.720407 0.055106
vt 0.720407 0.139192
vt 0.705299 0.139192
vt 0.705299 0.111163
vt 0.720407 0.111163
vt 0.690191 0.139192
vt 0.675084 0.139192
vt 0.675084 0.111163
vt 0.690191 0.111163
vt 0.720407 0.307363
vt 0.705299 0.307363
vt 0.705299 0.279334
vt 0.720407 0.279334
vt 0.659976 0.363420
vt 0.644869 0.363420
vt 0.644869 0.335391
vt 0.659976 0.335391
vt 0.629761 0.363420
vt 0.614654 0.363420
vt 0.614654 0.335391
vt 0.629761 0.335391
vt 0.720407 0.531591
vt 0.705299 0.531591
vt 0.705299 0.503562
vt 0.720407 0.503562
vt 0.720407 0.587648
vt 0.705299 0.587648
vt 0.705299 0.559619
vt 0.720407 0.559619
vt 0.690191 0.587648
vt 0.675084 0.587648
vt 0.675084 0.559619
vt 0.690191 0.559619
vt 0.659976 0.531591
vt 0.644869 0.531591
vt 0.644869 0.503562
vt 0.659976 0.503562
vt 0.659976 0.587648
vt 0.644869 0.587648
vt 0.644869 0.559619
vt 0.659976 0.559619
vt 0.629761 0.587648
vt 0.614654 0.587648
vt 0.614654 0.559619
vt 0.629761 0.559619
vt 0.659976 0.307363
vt 0.644869 0.307363
vt 0.644869 0.279334
vt 0.659976 0.279334
vt 0.659976 0.671733
vt 0.644869 0.671733
vt 0.644869 0.615676
vt 0.659976 0.615676
vt 0.735514 0.587648
vt 0.735514 0.559619
vt 0.735514 0.615676
vt 0.735514 0.531591
vt 0.735514 0.503562
vt 0.735514 0.307363
vt 0.735514 0.279334
vt 0.735514 0.335391
vt 0.735514 0.139192
vt 0.735514 0.111163
vt 0.735514 0.167220
vt 0.735514 0.083135
vt 0.735514 0.055106
vt 0.735514 0.363420
vt 0.735514 0.391448
vt 0.735514 0.769833
vt 0.735514 0.755819
vt 0.735514 0.783847
vt 0.735514 0.741805
vt 0.735514 0.727790
vt 0.644869 0.952018
vt 0.629761 0.952018
vt 0.614654 0.952018
vt 0.675084 0.952018
vt 0.659976 0.952018
vt 0.659976 0.903137
vt 0.675084 0.903137
vt 0.644869 0.903137
vt 0.705299 0.952018
vt 0.690191 0.952018
vt 0.735514 0.945139
vt 0.735514 0.936279
vt 0.735514 0.952018
vt 0.720407 0.952018
vt 0.735514 0.891637
vt 0.735514 0.880137
vt 0.720407 0.903137
vt 0.735514 0.903137
vt 0.705299 0.903137
vt 0.735514 0.475534
vt 0.735514 0.447505
vt 0.735514 0.419477
vt 0.735514 0.209263
vt 0.735514 0.195249
vt 0.735514 0.223277
vt 0.735514 0.181234
vt 0.735514 0.265320
vt 0.735514 0.251306
vt 0.735514 0.237291
vt 0.644869 0.854902
vt 0.629761 0.854902
vt 0.629761 0.829668
vt 0.644869 0.829668
vt 0.614654 0.854902
vt 0.614654 0.829668
vt 0.675084 0.854902
vt 0.659976 0.854902
vt 0.659976 0.829668
vt 0.675084 0.829668
vt 0.705299 0.854902
vt 0.690191 0.854902
vt 0.690191 0.829668
vt 0.705299 0.829668
vt 0.735514 0.820772
vt 0.735514 0.811876
vt 0.735514 0.854902
vt 0.720407 0.854902
vt 0.720407 0.829668
vt 0.735514 0.829668
vt 0.735514 0.797862
vt 0.735514 0.671733
vt 0.690191 0.903137
vt 0.629761 0.903137
vt 0.614654 0.903137
vt 0.501230 0.322356
vt 0.501230 0.264561
vt 0.553242 0.264561
vt 0.553242 0.322356
vt 0.501230 0.746182
vt 0.501230 0.726917
vt 0.553242 0.726917
vt 0.553242 0.746182
vt 0.501230 0.553534
vt 0.501230 0.495739
vt 0.553242 0.495739
vt 0.553242 0.553534
vt 0.501230 0.900301
vt 0.501230 0.881036
vt 0.553242 0.881036
vt 0.553242 0.900301
vt 0.501230 0.823241
vt 0.501230 0.803976
vt 0.553242 0.803976
vt 0.553242 0.823241
vt 0.501230 0.861771
vt 0.501230 0.842506
vt 0.553242 0.842506
vt 0.553242 0.861771
vt 0.397207 0.861771
vt 0.397207 0.842506
vt 0.449219 0.842506
vt 0.449219 0.861771
vt 0.397207 0.823241
vt 0.397207 0.803976
vt 0.449219 0.803976
vt 0.449219 0.823241
vt 0.501230 0.938830
vt 0.501230 0.919565
vt 0.553242 0.919565
vt 0.553242 0.938830
vt 0.397207 0.938830
vt 0.397207 0.919565
vt 0.449219 0.919565
vt 0.449219 0.938830
vt 0.397207 0.900300
vt 0.397207 0.881036
vt 0.449219 0.881036
vt 0.449219 0.900301
vt 0.501230 0.669123
vt 0.501230 0.611328
vt 0.553242 0.611328
vt 0.553242 0.669123
vt 0.397207 0.669123
vt 0.397207 0.611328
vt 0.449219 0.611328
vt 0.449219 0.669123
vt 0.397207 0.553534
vt 0.397207 0.495739
vt 0.449219 0.495739
vt 0.449219 0.553534
vt 0.501230 0.784712
vt 0.501230 0.765447
vt 0.553242 0.765447
vt 0.553242 0.784712
vt 0.397207 0.784712
vt 0.397207 0.765447
vt 0.449219 0.765447
vt 0.449219 0.784712
vt 0.397207 0.746182
vt 0.397207 0.726917
vt 0.449219 0.726917
vt 0.449219 0.746182
vt 0.501230 0.437945
vt 0.501230 0.380150
vt 0.553242 0.380150
vt 0.553242 0.437945
vt 0.397207 0.437945
vt 0.397207 0.380150
vt 0.449219 0.380150
vt 0.449219 0.437945
vt 0.397207 0.322356
vt 0.397207 0.264561
vt 0.449219 0.264561
vt 0.449219 0.322356
vt 0.345196 0.380150
vt 0.345196 0.322356
vt 0.345196 0.264561
vt 0.345196 0.495739
vt 0.345196 0.437945
vt 0.345196 0.765447
vt 0.345196 0.746182
vt 0.345196 0.726917
vt 0.345196 0.803976
vt 0.345196 0.784711
vt 0.345196 0.611328
vt 0.345196 0.553534
vt 0.345196 0.669123
vt 0.345196 0.919565
vt 0.345196 0.900300
vt 0.345196 0.881036
vt 0.397207 0.958095
vt 0.449219 0.958095
vt 0.345196 0.958095
vt 0.345196 0.938830
vt 0.501230 0.958095
vt 0.553242 0.958095
vt 0.345196 0.842506
vt 0.345196 0.823241
vt 0.345196 0.861771
vt 0.501230 0.900300
vt 0.501230 0.958095
vt 0.553242 0.958095
vt 0.553242 0.900300
vt 0.501230 0.476474
vt 0.501230 0.495739
vt 0.553242 0.495739
vt 0.553242 0.476474
vt 0.501230 0.399415
vt 0.501230 0.418680
vt 0.553242 0.418680
vt 0.553242 0.399415
vt 0.397207 0.399415
vt 0.397207 0.418680
vt 0.449219 0.418680
vt 0.449219 0.399415
vt 0.501230 0.553533
vt 0.501230 0.611328
vt 0.553242 0.611328
vt 0.553242 0.553533
vt 0.397207 0.553534
vt 0.397207 0.611328
vt 0.449219 0.611328
vt 0.449219 0.553533
vt 0.501230 0.437945
vt 0.501230 0.457209
vt 0.553242 0.457209
vt 0.553242 0.437944
vt 0.397207 0.437945
vt 0.397207 0.457209
vt 0.449219 0.457209
vt 0.449219 0.437945
vt 0.397207 0.476474
vt 0.397207 0.495739
vt 0.449219 0.495739
vt 0.449219 0.476474
vt 0.449219 0.784711
vt 0.449219 0.842506
vt 0.501230 0.842506
vt 0.501230 0.784711
vt 0.345196 0.784711
vt 0.345196 0.842506
vt 0.397207 0.842506
vt 0.397207 0.784711
vt 0.397207 0.900300
vt 0.397207 0.958095
vt 0.449219 0.958095
vt 0.449219 0.900300
vt 0.345196 0.900301
vt 0.345196 0.958095
vt 0.449219 0.726917
vt 0.449219 0.669122
vt 0.397207 0.669122
vt 0.397207 0.726917
vt 0.553242 0.726917
vt 0.553242 0.669122
vt 0.501230 0.669122
vt 0.501230 0.726917
vt 0.345196 0.457209
vt 0.345196 0.476474
vt 0.345196 0.495739
vt 0.345196 0.418680
vt 0.345196 0.437945
vt 0.345196 0.611328
vt 0.345196 0.669122
vt 0.345196 0.553534
vt 0.345196 0.339362
vt 0.345196 0.380150
vt 0.397207 0.380150
vt 0.397207 0.339362
vt 0.553242 0.339362
vt 0.553242 0.264561
vt 0.501230 0.264561
vt 0.501230 0.339362
vt 0.449219 0.339362
vt 0.449219 0.380150
vt 0.501230 0.380150
vt 0.345196 0.399415
vt 0.553242 0.380150
vt 0.553242 0.842506
vt 0.397207 0.264561
vt 0.449219 0.264561
vt 0.345196 0.264561
vt 0.553242 0.784711
vt 0.345196 0.726917
vt 0.345196 0.883294
vt 0.397207 0.883294
vt 0.553242 0.883294
vt 0.501230 0.883294
vt 0.449219 0.883294
vt 0.527236 0.929197
vt 0.527236 0.958095
vt 0.553242 0.929198
vt 0.397207 0.476474
vt 0.397207 0.611328
vt 0.423213 0.611328
vt 0.423213 0.476474
vt 0.527236 0.447577
vt 0.527236 0.457209
vt 0.553242 0.447577
vt 0.423213 0.447577
vt 0.423213 0.457209
vt 0.449219 0.457209
vt 0.449219 0.447577
vt 0.449219 0.476474
vt 0.475224 0.611328
vt 0.475224 0.476474
vt 0.475225 0.813609
vt 0.475224 0.842506
vt 0.501230 0.842506
vt 0.501230 0.813608
vt 0.371202 0.813609
vt 0.371202 0.842506
vt 0.397207 0.842506
vt 0.397207 0.813609
vt 0.423213 0.929198
vt 0.423213 0.958095
vt 0.449219 0.958095
vt 0.449219 0.929198
vt 0.423213 0.871403
vt 0.423213 0.900300
vt 0.449219 0.871403
vt 0.371202 0.871403
vt 0.371202 0.900300
vt 0.397207 0.900301
vt 0.397207 0.871403
vt 0.371202 0.929198
vt 0.371202 0.958095
vt 0.397207 0.958095
vt 0.397207 0.929198
vt 0.423213 0.698020
vt 0.423213 0.669122
vt 0.397207 0.698020
vt 0.527236 0.698020
vt 0.527236 0.669122
vt 0.501230 0.698020
vt 0.423213 0.466842
vt 0.449219 0.466842
vt 0.371202 0.466842
vt 0.371202 0.476474
vt 0.397207 0.466842
vt 0.423213 0.428312
vt 0.423213 0.437945
vt 0.449219 0.437945
vt 0.449219 0.428312
vt 0.371202 0.428312
vt 0.371202 0.437945
vt 0.397207 0.437945
vt 0.397207 0.428312
vt 0.371201 0.447577
vt 0.371202 0.457209
vt 0.397207 0.457209
vt 0.397207 0.447577
vt 0.527236 0.428312
vt 0.527236 0.437945
vt 0.553242 0.437944
vt 0.553242 0.428312
vt 0.475224 0.428312
vt 0.475224 0.437945
vt 0.501230 0.428312
vt 0.475225 0.447577
vt 0.475224 0.457209
vt 0.501230 0.457209
vt 0.501230 0.447577
vt 0.423213 0.650558
vt 0.449219 0.669122
vt 0.449219 0.650558
vt 0.371202 0.650558
vt 0.371202 0.669122
vt 0.397207 0.650558
vt 0.501230 0.389782
vt 0.527236 0.389782
vt 0.527236 0.359756
vt 0.501230 0.359756
vt 0.527236 0.301962
vt 0.527236 0.264561
vt 0.501230 0.301962
vt 0.371201 0.389783
vt 0.397207 0.389783
vt 0.397207 0.359756
vt 0.371201 0.359756
vt 0.371201 0.418680
vt 0.397207 0.418680
vt 0.527236 0.418680
vt 0.553242 0.418680
vt 0.553242 0.389782
vt 0.475224 0.389782
vt 0.475224 0.359756
vt 0.475224 0.418680
vt 0.423213 0.418680
vt 0.423213 0.389783
vt 0.527236 0.650558
vt 0.553242 0.650558
vt 0.475225 0.650558
vt 0.475224 0.669122
vt 0.501230 0.650558
vt 0.527236 0.466842
vt 0.527236 0.476474
vt 0.553242 0.476474
vt 0.553242 0.466842
vt 0.475224 0.466842
vt 0.501230 0.466842
vt 0.371202 0.611328
vt 0.527236 0.871403
vt 0.527236 0.900300
vt 0.553242 0.871403
vt 0.475224 0.871403
vt 0.475225 0.900300
vt 0.501230 0.900300
vt 0.501230 0.871403
vt 0.475225 0.929198
vt 0.475225 0.958095
vt 0.501230 0.958095
vt 0.501230 0.929198
vt 0.423213 0.301962
vt 0.423213 0.339362
vt 0.449219 0.339362
vt 0.449219 0.301962
vt 0.475224 0.301962
vt 0.475224 0.339362
vt 0.501230 0.339362
vt 0.527236 0.339362
vt 0.371201 0.301962
vt 0.371201 0.339362
vt 0.397207 0.301962
vt 0.527236 0.813608
vt 0.527236 0.784711
vt 0.501230 0.784711
vt 0.527236 0.755814
vt 0.527236 0.726917
vt 0.501230 0.726917
vt 0.501230 0.755814
vt 0.423213 0.813609
vt 0.423213 0.784711
vt 0.397207 0.784711
vt 0.423213 0.755814
vt 0.423213 0.726917
vt 0.397207 0.755814
vt 0.371202 0.698020
vt 0.371202 0.726917
vt 0.371202 0.755814
vt 0.371202 0.784711
vt 0.475224 0.698020
vt 0.475224 0.726917
vt 0.475225 0.755814
vt 0.475224 0.784711
vt 0.449219 0.755814
vt 0.449219 0.698020
vt 0.345196 0.755814
vt 0.345196 0.784711
vt 0.345196 0.698020
vt 0.423213 0.842506
vt 0.449219 0.842506
vt 0.449219 0.813609
vt 0.553242 0.755814
vt 0.527236 0.842506
vt 0.553242 0.842506
vt 0.553242 0.813609
vt 0.371201 0.264561
vt 0.345196 0.301962
vt 0.345196 0.339362
vt 0.423213 0.359756
vt 0.449219 0.389782
vt 0.449219 0.359756
vt 0.553242 0.359756
vt 0.475224 0.264561
vt 0.449219 0.264561
vt 0.423213 0.264561
vt 0.527236 0.611328
vt 0.345196 0.359756
vt 0.345196 0.389783
vt 0.449219 0.418680
vt 0.553242 0.301962
vt 0.345196 0.650558
vt 0.345196 0.447577
vt 0.345196 0.457209
vt 0.345196 0.428312
vt 0.345196 0.466842
vt 0.553242 0.698020
vt 0.345196 0.900301
vt 0.345196 0.929198
vt 0.345196 0.871403
vt 0.345196 0.813609
vt 0.830068 0.909814
vt 0.779266 0.909814
vt 0.779266 0.504249
vt 0.830068 0.504249
vt 0.931671 0.909814
vt 0.880870 0.909814
vt 0.880870 0.504249
vt 0.931671 0.504249
vt 0.931671 0.571843
vt 0.779266 0.571843
vt 0.779266 0.774625
vt 0.931671 0.774625
vt 0.931671 0.639437
vt 0.779266 0.639437
vt 0.931671 0.707031
vt 0.779266 0.707031
vt 0.931671 0.911267
vt 0.779266 0.911267
vt 0.779266 0.708707
vt 0.931671 0.708707
vt 0.931671 0.607428
vt 0.779266 0.607428
vt 0.779266 0.506148
vt 0.931671 0.506148
vt 0.814892 0.790242
vt 0.814892 0.889351
vt 0.776758 0.889351
vt 0.776758 0.790242
vt 0.814892 0.661085
vt 0.814892 0.725540
vt 0.776758 0.725540
vt 0.776758 0.661085
vt 0.929297 0.725540
vt 0.929297 0.790242
vt 0.853027 0.790242
vt 0.853027 0.725540
vt 0.929297 0.661085
vt 0.853027 0.661085
vt 0.929297 0.889351
vt 0.853027 0.889351
vt 0.929297 0.573904
vt 0.929297 0.619292
vt 0.853027 0.619292
vt 0.853027 0.573904
vt 0.814892 0.573904
vt 0.814892 0.619292
vt 0.776758 0.619292
vt 0.776758 0.573904
vt 0.814892 0.538383
vt 0.776758 0.538383
vt 0.929297 0.538383
vt 0.853027 0.538383
vt 0.890275 0.725540
vt 0.890274 0.790242
vt 0.890275 0.661085
vt 0.890275 0.889351
vt 0.890275 0.573904
vt 0.890275 0.619292
vt 0.890275 0.538383
vt 0.928983 0.578473
vt 0.779220 0.578473
vt 0.779220 0.508815
vt 0.928983 0.508815
vt 0.928983 0.913916
vt 0.779220 0.913916
vt 0.779220 0.722541
vt 0.928983 0.722541
vt 0.928983 0.675856
vt 0.779220 0.675856
vt 0.829141 0.576077
vt 0.779220 0.576077
vt 0.779220 0.504451
vt 0.829141 0.504451
vt 0.829141 0.912609
vt 0.779220 0.912609
vt 0.779220 0.823479
vt 0.829141 0.823479
vt 0.829141 0.693793
vt 0.779220 0.693793
vt 0.928984 0.823479
vt 0.879062 0.823479
vt 0.879062 0.693793
vt 0.928983 0.693793
vt 0.879062 0.576077
vt 0.928983 0.576077
vt 0.928983 0.912609
vt 0.879062 0.912609
vt 0.879062 0.504451
vt 0.928983 0.504451
vt 0.779220 0.532548
vt 0.855469 0.504249
vt 0.931671 0.504249
vt 0.931671 0.909814
vt 0.855469 0.909814
vt 0.779266 0.504249
vt 0.779266 0.909814
vt 0.625884 0.405036
vt 0.919780 0.405036
vt 0.919780 0.668140
vt 0.625884 0.668140
s 1
usemtl Material.006
f 597/1/1 5/2/2 2/3/3 593/4/4
f 595/5/5 1/6/6 5/2/2 597/1/1
f 7/7/7 15/8/8 19/9/8 21/10/9
f 10/11/10 7/7/7 21/10/9 24/12/10
f 15/13/11 7/14/12 13/15/13 8/16/11
f 601/17/14 9/18/15 14/19/16 599/20/17
f 9/21/15 11/22/18 17/23/19 14/24/16
f 7/25/12 10/26/20 16/27/21 13/28/13
f 11/29/18 18/30/22 12/31/22 17/32/19
f 606/33/23 604/34/24 20/35/25 22/36/26
f 607/37/27 606/33/23 22/36/26 23/38/28
f 18/39/29 11/40/30 22/41/31 20/42/29
f 602/43/32 10/44/33 24/45/33 608/46/34
f 11/47/30 9/48/35 23/49/35 22/50/31
f 38/51/36 26/52/37 39/52/38 40/51/39
f 26/52/40 38/51/41 37/53/42 27/54/43
f 42/55/44 8/56/45 13/57/46 33/58/47
f 50/59/48 52/60/49 51/60/50 53/59/48
f 32/61/51 41/62/52 42/55/44 33/58/47
f 599/63/53 14/64/54 37/65/55 614/66/56
f 612/67/57 38/68/36 40/68/39 31/67/58
f 611/69/59 35/70/60 34/71/61 613/72/62
f 27/73/43 17/74/63 12/75/64 28/76/65
f 611/69/66 612/67/57 31/67/58 45/69/67
f 29/77/68 26/78/40 27/73/43 28/76/65
f 33/58/47 13/57/46 16/79/69 34/80/70
f 35/70/71 611/69/66 45/69/67 25/70/72
f 35/81/73 32/61/51 33/58/47 34/80/70
f 14/82/74 17/83/63 27/54/43 37/53/42
f 69/84/75 48/85/76 52/86/76 83/87/77
f 83/88/78 52/60/79 50/59/79 76/89/80
f 632/90/81 616/91/82 48/92/83 69/93/84
f 90/94/85 54/95/86 46/96/87 62/97/88
f 54/95/89 43/98/90 610/98/90 49/95/91
f 41/62/92 32/61/93 36/61/94 609/62/92
f 45/99/95 44/100/95 618/101/96 25/102/96
f 52/86/49 48/85/97 617/85/98 51/86/50
f 39/103/99 51/104/99 617/105/99 40/106/99
f 616/91/100 615/107/101 44/107/102 47/91/103
f 25/102/104 618/101/104 49/108/105 36/109/106
f 48/92/97 616/91/100 47/91/103 617/92/98
f 61/110/107 43/111/108 54/95/86 90/94/85
f 44/100/95 45/99/95 31/112/109 47/113/109
f 26/78/37 29/77/110 30/77/110 39/78/38
f 1/114/111 55/115/112 96/116/113 5/117/114
f 55/115/112 56/118/115 95/119/116 96/116/113
f 56/118/115 57/120/117 94/121/118 95/119/116
f 57/120/117 58/122/119 93/123/120 94/121/118
f 58/122/119 59/124/121 92/125/122 93/123/120
f 59/124/121 60/126/123 91/127/124 92/125/122
f 60/126/123 61/110/107 90/94/85 91/127/124
f 5/117/114 96/116/113 68/128/125 2/129/126
f 96/116/113 95/119/116 67/130/127 68/128/125
f 95/119/116 94/121/118 66/131/128 67/130/127
f 94/121/118 93/123/120 65/132/129 66/131/128
f 93/123/120 92/125/122 64/133/130 65/132/129
f 92/125/122 91/127/124 63/134/131 64/133/130
f 91/127/124 90/94/85 62/97/88 63/134/131
f 594/135/132 620/136/133 75/137/134 3/138/135
f 620/136/133 622/139/136 74/140/137 75/137/134
f 622/139/136 624/141/138 73/142/139 74/140/137
f 624/141/138 626/143/140 72/144/141 73/142/139
f 626/143/140 628/145/142 71/146/143 72/144/141
f 628/145/142 630/147/144 70/148/145 71/146/143
f 630/147/144 632/90/81 69/93/84 70/148/145
f 6/149/146 89/150/147 82/151/147 4/152/146
f 89/150/147 88/153/148 81/154/148 82/151/147
f 88/153/148 87/155/149 80/156/149 81/154/148
f 87/155/149 86/157/150 79/158/150 80/156/149
f 86/157/150 85/159/151 78/160/151 79/158/150
f 85/159/151 84/161/152 77/162/152 78/160/151
f 84/161/152 83/88/78 76/89/80 77/162/152
f 3/163/153 75/164/154 89/165/154 6/166/153
f 75/164/154 74/167/155 88/168/156 89/165/154
f 74/167/155 73/169/157 87/170/158 88/168/156
f 73/169/157 72/171/159 86/172/160 87/170/158
f 72/171/159 71/173/161 85/174/162 86/172/160
f 71/173/161 70/175/163 84/176/164 85/174/162
f 70/175/163 69/84/75 83/87/77 84/176/164
f 167/177/165 118/178/165 100/179/165 135/180/165
f 135/181/166 100/182/166 104/183/166 137/184/166
f 153/185/167 132/186/167 102/187/167 139/188/167
f 139/184/168 102/183/169 98/182/169 134/181/168
f 111/189/170 119/190/170 101/191/171 97/192/171
f 132/190/172 112/189/172 98/192/173 102/191/173
f 104/193/174 100/194/174 118/195/175 126/196/175
f 126/196/175 118/195/175 117/197/176 127/198/176
f 127/198/176 117/197/176 116/199/177 128/200/177
f 128/200/177 116/199/177 115/201/178 129/202/178
f 129/202/178 115/201/178 114/203/179 130/204/179
f 130/204/179 114/203/179 113/205/180 131/206/180
f 131/206/180 113/205/180 112/189/172 132/190/172
f 99/194/181 103/193/181 125/196/182 105/195/182
f 105/195/182 125/196/182 124/198/183 106/197/183
f 106/197/183 124/198/183 123/200/184 107/199/184
f 107/199/184 123/200/184 122/202/185 108/201/185
f 108/201/185 122/202/185 121/207/186 109/208/186
f 109/208/186 121/207/186 120/206/187 110/205/187
f 110/205/187 120/206/187 119/190/170 111/189/170
f 137/180/167 104/179/167 126/178/167 141/177/167
f 141/177/167 126/178/167 127/209/167 143/210/167
f 143/210/167 127/209/167 128/211/167 145/212/167
f 145/212/167 128/211/167 129/213/167 147/214/167
f 147/214/167 129/213/167 130/215/167 149/216/167
f 149/216/167 130/215/167 131/217/167 151/218/167
f 151/218/167 131/217/167 132/186/167 153/185/167
f 134/219/165 98/187/165 112/186/165 155/185/165
f 155/185/165 112/186/165 113/220/165 157/221/165
f 157/221/165 113/220/165 114/215/165 159/216/165
f 159/216/165 114/215/165 115/213/165 161/214/165
f 161/214/165 115/213/165 116/222/165 163/223/165
f 163/223/165 116/222/165 117/224/165 165/225/165
f 165/225/165 117/224/165 118/178/165 167/177/165
f 106/226/165 166/227/165 168/228/165 105/229/165
f 166/227/165 165/225/165 167/177/165 168/228/165
f 107/230/165 164/231/165 166/227/165 106/226/165
f 164/231/165 163/223/165 165/225/165 166/227/165
f 108/232/165 162/233/165 164/231/165 107/230/165
f 162/233/165 161/214/165 163/223/165 164/231/165
f 109/234/165 160/235/165 162/233/165 108/232/165
f 160/235/165 159/216/165 161/214/165 162/233/165
f 110/236/165 158/237/165 160/235/165 109/234/165
f 158/237/165 157/221/165 159/216/165 160/235/165
f 111/238/165 156/239/165 158/237/165 110/236/165
f 156/239/165 155/185/165 157/221/165 158/237/165
f 97/240/165 133/241/165 156/239/165 111/238/165
f 133/241/165 134/219/165 155/185/165 156/239/165
f 120/242/167 152/243/167 154/244/167 119/245/167
f 152/243/167 151/218/167 153/185/167 154/244/167
f 121/246/167 150/247/167 152/243/167 120/242/167
f 150/247/167 149/216/167 151/218/167 152/243/167
f 122/248/167 148/249/167 150/247/167 121/246/167
f 148/249/167 147/214/167 149/216/167 150/247/167
f 123/250/167 146/251/167 148/249/167 122/248/167
f 146/251/167 145/212/167 147/214/167 148/249/167
f 124/252/167 144/253/167 146/251/167 123/250/167
f 144/253/167 143/210/167 145/212/167 146/251/167
f 125/254/167 142/228/167 144/253/167 124/252/167
f 142/228/167 141/177/167 143/210/167 144/253/167
f 103/255/167 138/256/167 142/228/167 125/254/167
f 138/256/167 137/180/167 141/177/167 142/228/167
f 101/257/188 140/258/189 133/259/189 97/260/188
f 140/258/189 139/184/168 134/181/168 133/259/189
f 119/245/167 154/244/167 140/241/167 101/240/167
f 154/244/167 153/185/167 139/188/167 140/241/167
f 99/260/166 136/261/166 138/258/166 103/257/166
f 136/261/166 135/181/166 137/184/166 138/258/166
f 105/229/165 168/228/165 136/256/165 99/255/165
f 168/228/165 167/177/165 135/180/165 136/256/165
f 263/262/190 188/263/191 172/264/192 251/265/193
f 271/266/194 204/267/195 176/268/196 253/269/197
f 259/270/198 192/271/199 174/272/200 255/273/201
f 267/274/202 208/275/203 170/276/204 250/277/205
f 223/278/206 189/279/207 173/280/208 206/281/209
f 219/282/210 187/283/211 170/284/212 208/285/213
f 295/286/214 210/287/215 177/288/216 280/289/217
f 247/290/218 212/291/219 178/292/220 226/293/221
f 287/294/222 194/295/223 184/296/224 277/297/225
f 239/298/226 196/299/227 183/300/228 231/301/229
f 291/302/230 214/303/231 182/304/232 275/305/233
f 243/306/234 216/307/235 181/308/236 229/309/237
f 283/310/238 198/311/239 180/312/240 273/313/241
f 235/314/242 200/315/243 179/316/244 227/317/245
f 226/318/246 178/319/247 199/320/248 233/321/249
f 233/321/249 199/320/248 200/315/243 235/314/242
f 280/322/250 177/323/251 197/324/252 281/325/253
f 281/325/253 197/324/252 198/311/239 283/310/238
f 229/326/254 181/327/255 195/328/256 237/329/257
f 237/329/257 195/328/256 196/299/227 239/298/226
f 275/330/258 182/331/259 193/332/260 285/333/261
f 285/333/261 193/332/260 194/295/223 287/294/222
f 203/334/262 172/335/263 188/336/264 217/337/265
f 217/337/265 188/336/264 187/283/211 219/282/210
f 201/338/266 175/339/267 190/340/268 221/341/269
f 221/341/269 190/340/268 189/279/207 223/278/206
f 253/342/270 176/343/271 191/344/272 257/345/273
f 257/345/273 191/344/272 192/271/199 259/270/198
f 250/346/274 170/347/275 187/348/276 261/349/277
f 261/349/277 187/348/276 188/263/191 263/262/190
f 185/350/278 222/351/279 224/352/280 186/353/281
f 222/351/279 221/341/269 223/278/206 224/352/280
f 171/354/282 202/355/283 222/351/279 185/350/278
f 202/355/283 201/338/266 221/341/269 222/351/279
f 191/356/284 218/357/285 220/358/286 192/359/287
f 218/357/285 217/337/265 219/282/210 220/358/286
f 176/360/288 204/361/289 218/357/285 191/356/284
f 204/361/289 203/334/262 217/337/265 218/357/285
f 227/362/290 179/363/291 215/364/292 241/365/293
f 241/365/293 215/364/292 216/307/235 243/306/234
f 273/366/294 180/367/295 213/368/296 289/369/297
f 289/369/297 213/368/296 214/303/231 291/302/230
f 231/370/298 183/371/299 211/372/300 245/373/301
f 245/373/301 211/372/300 212/291/219 247/290/218
f 277/374/302 184/375/303 209/376/304 293/377/305
f 293/377/305 209/376/304 210/287/215 295/286/214
f 192/359/287 220/358/286 207/378/306 174/379/307
f 220/358/286 219/282/210 208/285/213 207/378/306
f 186/353/281 224/352/280 205/380/308 169/381/309
f 224/352/280 223/278/206 206/281/209 205/380/308
f 255/382/310 174/383/311 207/384/312 265/385/313
f 265/385/313 207/384/312 208/275/203 267/274/202
f 251/386/314 172/387/315 203/388/316 269/389/317
f 269/389/317 203/388/316 204/267/195 271/266/194
f 209/376/304 246/390/318 248/391/319 210/287/215
f 246/390/318 245/373/301 247/290/218 248/391/319
f 184/375/303 232/392/320 246/390/318 209/376/304
f 232/392/320 231/370/298 245/373/301 246/390/318
f 213/368/296 242/393/321 244/394/322 214/303/231
f 242/393/321 241/365/293 243/306/234 244/394/322
f 180/367/295 228/395/323 242/393/321 213/368/296
f 228/395/323 227/362/290 241/365/293 242/393/321
f 193/332/260 238/396/324 240/397/325 194/295/223
f 238/396/324 237/329/257 239/298/226 240/397/325
f 182/331/259 230/398/326 238/396/324 193/332/260
f 230/398/326 229/326/254 237/329/257 238/396/324
f 197/324/252 234/399/327 236/400/328 198/311/239
f 234/399/327 233/321/249 235/314/242 236/400/328
f 177/323/251 225/401/329 234/399/327 197/324/252
f 225/401/329 226/318/246 233/321/249 234/399/327
f 198/311/239 236/400/328 228/402/330 180/312/240
f 236/400/328 235/314/242 227/317/245 228/402/330
f 214/303/231 244/394/322 230/403/331 182/304/232
f 244/394/322 243/306/234 229/309/237 230/403/331
f 194/295/223 240/397/325 232/404/332 184/296/224
f 240/397/325 239/298/226 231/301/229 232/404/332
f 210/287/215 248/391/319 225/405/333 177/288/216
f 248/391/319 247/290/218 226/293/221 225/405/333
f 215/364/292 270/406/334 272/407/335 216/307/235
f 270/406/334 269/389/317 271/266/194 272/407/335
f 179/363/291 252/408/336 270/406/334 215/364/292
f 252/408/336 251/386/314 269/389/317 270/406/334
f 211/372/300 266/409/337 268/410/338 212/291/219
f 266/409/337 265/385/313 267/274/202 268/410/338
f 183/371/299 256/411/339 266/409/337 211/372/300
f 256/411/339 255/382/310 265/385/313 266/409/337
f 199/320/248 262/412/340 264/413/341 200/315/243
f 262/412/340 261/349/277 263/262/190 264/413/341
f 178/319/247 249/414/342 262/412/340 199/320/248
f 249/414/342 250/346/274 261/349/277 262/412/340
f 195/328/256 258/415/343 260/416/344 196/299/227
f 258/415/343 257/345/273 259/270/198 260/416/344
f 181/327/255 254/417/345 258/415/343 195/328/256
f 254/417/345 253/342/270 257/345/273 258/415/343
f 212/291/219 268/410/338 249/418/346 178/292/220
f 268/410/338 267/274/202 250/277/205 249/418/346
f 196/299/227 260/416/344 256/419/347 183/300/228
f 260/416/344 259/270/198 255/273/201 256/419/347
f 216/307/235 272/407/335 254/420/348 181/308/236
f 272/407/335 271/266/194 253/269/197 254/420/348
f 200/315/243 264/413/341 252/421/349 179/316/244
f 264/413/341 263/262/190 251/265/193 252/421/349
f 206/422/350 294/423/351 296/424/352 205/425/353
f 294/423/351 293/377/305 295/286/214 296/424/352
f 173/426/354 278/427/355 294/423/351 206/422/350
f 278/427/355 277/374/302 293/377/305 294/423/351
f 202/428/356 290/429/357 292/430/358 201/431/359
f 290/429/357 289/369/297 291/302/230 292/430/358
f 171/432/360 274/433/361 290/429/357 202/428/356
f 274/433/361 273/366/294 289/369/297 290/429/357
f 190/434/362 286/435/363 288/436/364 189/437/365
f 286/435/363 285/333/261 287/294/222 288/436/364
f 175/438/366 276/439/367 286/435/363 190/434/362
f 276/439/367 275/330/258 285/333/261 286/435/363
f 186/440/368 282/441/369 284/442/370 185/443/371
f 282/441/369 281/325/253 283/310/238 284/442/370
f 169/444/372 279/445/373 282/441/369 186/440/368
f 279/445/373 280/322/250 281/325/253 282/441/369
f 185/443/371 284/442/370 274/446/374 171/447/375
f 284/442/370 283/310/238 273/313/241 274/446/374
f 201/431/359 292/430/358 276/448/376 175/449/377
f 292/430/358 291/302/230 275/305/233 276/448/376
f 189/437/365 288/436/364 278/450/378 173/451/379
f 288/436/364 287/294/222 277/297/225 278/450/378
f 205/425/353 296/424/352 279/452/380 169/453/381
f 296/424/352 295/286/214 280/289/217 279/452/380
f 320/454/165 308/455/165 300/456/165 314/457/165
f 314/458/382 300/459/383 304/460/383 315/461/382
f 318/462/167 312/463/167 302/464/167 316/465/167
f 316/466/384 302/467/385 298/468/385 313/469/384
f 306/470/386 309/471/386 301/472/387 297/473/387
f 312/474/388 307/475/388 298/476/388 302/477/388
f 304/478/389 300/479/389 308/480/390 311/481/390
f 311/481/390 308/480/390 307/475/388 312/474/388
f 299/482/391 303/483/391 310/484/392 305/485/393
f 305/485/393 310/484/392 309/471/386 306/470/386
f 315/486/167 304/487/167 311/488/167 317/489/167
f 317/489/167 311/488/167 312/463/167 318/462/167
f 313/490/165 298/491/165 307/492/165 319/493/165
f 319/493/165 307/492/165 308/455/165 320/454/165
f 306/494/165 319/493/165 320/454/165 305/495/165
f 297/496/165 313/490/165 319/493/165 306/494/165
f 310/497/167 317/489/167 318/462/167 309/498/167
f 303/499/167 315/486/167 317/489/167 310/497/167
f 301/500/394 316/466/384 313/469/384 297/501/394
f 309/498/167 318/462/167 316/465/167 301/502/167
f 299/503/395 314/458/382 315/461/382 303/504/395
f 305/495/165 320/454/165 314/457/165 299/505/165
f 358/506/165 336/507/165 324/508/165 350/509/165
f 362/510/167 342/511/167 331/512/167 354/513/167
f 356/514/167 340/515/167 326/516/167 352/517/167
f 352/518/396 326/519/397 322/520/397 349/521/396
f 334/522/398 337/523/399 325/524/400 321/525/400
f 340/526/401 335/527/402 322/528/403 326/529/403
f 353/530/404 329/531/405 332/532/405 354/533/404
f 342/534/406 346/535/407 330/536/408 331/537/408
f 347/538/409 343/539/409 332/540/410 329/541/410
f 360/542/165 347/543/165 329/544/165 353/545/165
f 328/546/411 324/547/411 336/548/412 339/549/412
f 339/549/412 336/548/412 335/527/402 340/526/401
f 323/550/413 327/551/413 338/552/414 333/553/414
f 333/553/414 338/552/414 337/523/399 334/522/398
f 351/554/167 328/555/167 339/556/167 355/557/167
f 355/557/167 339/556/167 340/515/167 356/514/167
f 349/558/165 322/559/165 335/560/165 357/561/165
f 357/561/165 335/560/165 336/507/165 358/506/165
f 350/562/165 324/563/165 348/564/165 359/565/165
f 359/565/165 348/564/165 347/543/165 360/542/165
f 324/566/415 328/567/415 344/568/416 348/569/416
f 348/569/416 344/568/416 343/539/409 347/538/409
f 327/570/417 323/571/417 345/572/418 341/573/418
f 341/573/418 345/572/418 346/535/407 342/534/406
f 351/574/167 327/575/167 341/576/167 361/577/167
f 361/577/167 341/576/167 342/511/167 362/510/167
f 344/578/167 361/577/167 362/510/167 343/579/167
f 328/580/167 351/574/167 361/577/167 344/578/167
f 345/581/165 359/565/165 360/542/165 346/582/165
f 323/583/165 350/562/165 359/565/165 345/581/165
f 334/584/165 357/561/165 358/506/165 333/585/165
f 321/586/165 349/558/165 357/561/165 334/584/165
f 338/587/167 355/557/167 356/514/167 337/588/167
f 327/589/167 351/554/167 355/557/167 338/587/167
f 346/582/165 360/542/165 353/545/165 330/590/165
f 330/591/419 353/530/404 354/533/404 331/592/419
f 325/593/420 352/518/396 349/521/396 321/594/420
f 337/588/167 356/514/167 352/517/167 325/595/167
f 343/579/167 362/510/167 354/513/167 332/596/167
f 333/585/165 358/506/165 350/509/165 323/597/165
f 375/598/165 369/599/165 365/600/165 364/601/165
f 364/602/421 365/603/421 368/604/421 367/605/421
f 372/606/167 374/607/167 366/608/167
f 371/609/422 372/610/423 366/611/424 363/612/424
f 367/613/167 368/614/167 376/615/167 370/616/167
f 364/617/425 367/618/425 370/619/426 375/620/427
f 376/621/428 369/622/429 373/623/430 374/624/431
f 375/620/427 370/619/426 372/610/423 371/609/422
f 370/616/167 376/615/167 374/607/167 372/606/167
f 363/625/165 373/626/165 371/627/165
f 374/624/431 373/623/430 363/628/432 366/629/432
f 368/630/433 365/631/433 369/622/429 376/621/428
f 371/627/165 373/626/165 369/599/165 375/598/165
f 414/632/165 388/633/165 380/634/165 396/635/165
f 396/636/434 380/637/435 384/638/435 399/639/434
f 408/640/167 392/641/167 382/642/167 402/643/167
f 402/644/436 382/645/437 378/646/437 395/647/438
f 386/648/439 389/649/439 381/650/440 377/651/440
f 392/652/441 387/653/441 378/654/442 382/655/442
f 384/656/443 380/657/443 388/658/444 391/659/445
f 391/659/445 388/658/444 387/653/441 392/652/441
f 379/660/446 383/661/446 390/662/447 385/663/448
f 385/663/448 390/662/447 389/649/439 386/648/439
f 399/664/167 384/665/167 391/666/167 405/667/167
f 405/667/167 391/666/167 392/641/167 408/640/167
f 395/668/165 378/669/165 387/670/165 411/671/165
f 411/671/165 387/670/165 388/633/165 414/632/165
f 386/672/165 413/673/165 416/674/165 385/675/165
f 413/673/165 412/676/165 415/677/165 416/674/165
f 412/676/165 411/671/165 414/632/165 415/677/165
f 377/678/165 393/679/165 413/673/165 386/672/165
f 393/679/165 394/680/165 412/676/165 413/673/165
f 394/680/165 395/668/165 411/671/165 412/676/165
f 390/681/167 407/682/167 410/683/167 389/684/167
f 407/682/167 406/685/167 409/686/167 410/683/167
f 406/685/167 405/667/167 408/640/167 409/686/167
f 383/687/167 401/688/167 407/682/167 390/681/167
f 401/688/167 400/689/167 406/685/167 407/682/167
f 400/689/167 399/664/167 405/667/167 406/685/167
f 381/690/449 404/691/450 393/692/450 377/693/449
f 404/691/450 403/694/451 394/695/452 393/692/450
f 403/694/451 402/644/436 395/647/438 394/695/452
f 389/684/167 410/683/167 404/696/167 381/697/167
f 410/683/167 409/686/167 403/698/167 404/696/167
f 409/686/167 408/640/167 402/643/167 403/698/167
f 379/699/453 398/700/454 401/701/454 383/702/453
f 398/700/454 397/703/455 400/704/456 401/701/454
f 397/703/455 396/636/434 399/639/434 400/704/456
f 385/675/165 416/674/165 398/705/165 379/706/165
f 416/674/165 415/677/165 397/707/165 398/705/165
f 415/677/165 414/632/165 396/635/165 397/707/165
f 417/708/457 418/709/457 420/710/457 419/711/457
f 419/712/458 420/713/458 424/714/458 423/715/458
f 423/716/459 424/717/459 422/718/459 421/719/459
f 421/720/460 422/721/460 418/722/460 417/723/460
f 419/724/461 423/725/461 421/726/461 417/727/461
f 424/728/462 420/729/462 418/730/462 422/731/462
f 470/732/463 434/733/464 428/734/465 458/735/466
f 496/736/467 475/737/468 430/738/469 461/739/470
f 467/740/471 436/741/472 432/742/473 464/743/474
f 428/744/465 434/745/464 443/746/475 446/747/476
f 479/1/477 433/2/478 427/3/479 473/4/480
f 477/5/481 425/6/482 433/2/478 479/1/477
f 432/748/473 436/749/472 447/750/483 442/751/483
f 461/752/484 430/753/485 436/754/486 467/755/487
f 457/756/488 426/757/489 434/733/464 470/732/463
f 437/7/490 445/8/491 449/9/491 451/10/492
f 476/758/493 428/759/494 446/760/495 482/761/496
f 434/745/464 426/762/489 438/763/497 443/746/475
f 436/764/486 430/765/485 444/766/498 447/767/498
f 440/11/499 437/7/490 451/10/492 454/12/499
f 445/13/500 437/14/501 443/15/502 438/16/500
f 483/17/503 439/18/504 444/19/505 481/20/506
f 439/21/504 441/22/507 447/23/508 444/24/505
f 437/25/501 440/26/509 446/27/510 443/28/502
f 441/768/507 448/769/511 442/770/511 447/771/508
f 488/772/512 486/773/513 450/774/514 452/775/515
f 489/776/516 488/772/512 452/775/515 453/777/517
f 448/39/518 441/40/518 452/41/518 450/42/518
f 484/43/519 440/44/520 454/45/520 490/46/521
f 441/47/522 439/48/522 453/49/522 452/50/522
f 425/114/523 455/778/524 472/779/525 433/117/526
f 455/778/524 456/780/527 471/781/528 472/779/525
f 456/780/527 457/756/488 470/732/463 471/781/528
f 429/163/529 463/782/530 469/783/531 435/166/529
f 463/782/530 462/784/532 468/785/533 469/783/531
f 462/784/532 461/752/484 467/755/487 468/785/533
f 435/149/534 469/786/535 466/787/535 431/152/534
f 469/786/535 468/788/536 465/789/537 466/787/535
f 468/788/536 467/740/471 464/743/474 465/789/537
f 474/135/538 492/790/539 463/791/540 429/138/541
f 492/790/539 494/792/542 462/793/543 463/791/540
f 494/792/542 496/736/467 461/739/470 462/793/543
f 433/117/526 472/779/525 460/794/544 427/129/545
f 472/779/525 471/781/528 459/795/546 460/794/544
f 471/781/528 470/732/463 458/735/466 459/795/546
f 459/796/547 458/797/548 495/798/549 493/799/550
f 493/799/550 495/798/549 496/736/467 494/792/542
f 460/800/551 459/796/547 493/799/550 491/801/552
f 491/801/552 493/799/550 494/792/542 492/790/539
f 427/802/553 460/800/551 491/801/552 473/803/554
f 473/803/554 491/801/552 492/790/539 474/135/538
f 439/804/555 483/805/556 489/806/557 453/807/555
f 483/805/556 484/43/519 490/46/521 489/806/557
f 454/808/558 451/809/559 487/810/560 490/811/561
f 490/811/561 487/810/560 488/772/512 489/776/516
f 451/809/559 449/812/562 485/813/563 487/810/560
f 487/810/560 485/813/563 486/773/513 488/772/512
f 440/814/509 484/815/564 482/816/565 446/817/510
f 484/815/564 483/17/503 481/20/506 482/816/565
f 430/818/469 475/819/468 481/820/566 444/821/567
f 475/819/468 476/758/493 482/761/496 481/820/566
f 431/822/568 478/823/569 480/824/570 435/825/571
f 478/823/569 477/5/481 479/1/477 480/824/570
f 435/825/571 480/824/570 474/826/572 429/827/573
f 480/824/570 479/1/477 473/4/480 474/826/572
f 458/797/548 428/828/494 476/829/493 495/798/549
f 495/798/549 476/829/493 475/737/468 496/736/467
f 544/830/574 539/831/575 500/832/576 511/833/577
f 528/834/167 523/835/167 502/836/167 513/837/167
f 513/838/578 502/839/579 504/840/579 515/841/580
f 536/842/581 531/843/582 506/844/583 517/845/584
f 500/846/585 539/847/585 540/848/585 498/849/585 508/850/585 506/851/585 531/852/585 532/853/585 504/854/585 502/855/585 523/856/585 524/857/585
f 517/858/165 506/859/165 508/860/165 519/861/165
f 519/862/586 508/863/587 498/864/587 510/865/588
f 497/866/589 537/867/589 538/868/589 499/869/589 521/870/589 522/871/589 501/872/589 503/873/589 529/874/589 530/875/589 505/876/589 507/877/589
f 507/878/590 520/879/591 509/880/591 497/881/590
f 520/879/591 519/862/586 510/865/588 509/880/591
f 505/882/165 518/883/165 520/884/165 507/885/165
f 518/883/165 517/858/165 519/861/165 520/884/165
f 530/886/592 534/887/593 518/888/594 505/889/595
f 534/887/593 536/842/581 517/845/584 518/888/594
f 501/890/596 514/891/597 516/892/598 503/893/596
f 514/891/597 513/838/578 515/841/580 516/892/598
f 522/894/167 526/895/167 514/896/167 501/897/167
f 526/895/167 528/834/167 513/837/167 514/896/167
f 538/898/599 542/899/600 512/900/601 499/901/602
f 542/899/600 544/830/574 511/833/577 512/900/601
f 512/902/167 511/903/167 527/904/167 525/905/167
f 525/905/167 527/904/167 528/834/167 526/895/167
f 499/906/167 512/902/167 525/905/167 521/907/167
f 521/907/167 525/905/167 526/895/167 522/894/167
f 511/903/167 500/908/167 524/909/167 527/904/167
f 527/904/167 524/909/167 523/835/167 528/834/167
f 516/910/603 515/911/604 535/912/605 533/913/606
f 533/913/606 535/912/605 536/842/581 534/887/593
f 503/914/607 516/910/603 533/913/606 529/915/608
f 529/915/608 533/913/606 534/887/593 530/886/592
f 515/911/604 504/916/609 532/917/610 535/912/605
f 535/912/605 532/917/610 531/843/582 536/842/581
f 509/918/611 510/919/612 543/920/613 541/921/614
f 541/921/614 543/920/613 544/830/574 542/899/600
f 497/922/615 509/918/611 541/921/614 537/923/616
f 537/923/616 541/921/614 542/899/600 538/898/599
f 510/919/612 498/924/617 540/925/618 543/920/613
f 543/920/613 540/925/618 539/831/575 544/830/574
f 575/926/619 556/927/620 548/928/621 563/929/622
f 563/930/623 548/931/624 552/932/624 565/933/625
f 571/934/626 560/935/627 550/936/628 567/937/629
f 567/938/630 550/939/631 546/940/631 562/941/632
f 554/942/633 557/943/633 549/726/633 545/727/633
f 560/944/634 555/945/634 546/730/635 550/731/635
f 552/728/636 548/729/636 556/946/637 559/947/637
f 559/947/637 556/946/637 555/945/634 560/944/634
f 547/724/638 551/725/638 558/948/638 553/949/638
f 553/949/638 558/948/638 557/943/633 554/942/633
f 565/950/639 552/951/640 559/952/641 569/953/642
f 569/953/642 559/952/641 560/935/627 571/934/626
f 562/954/643 546/955/644 555/956/645 573/957/646
f 573/957/646 555/956/645 556/927/620 575/926/619
f 554/958/647 574/959/648 576/960/649 553/961/650
f 574/959/648 573/957/646 575/926/619 576/960/649
f 545/962/651 561/963/652 574/959/648 554/958/647
f 561/963/652 562/954/643 573/957/646 574/959/648
f 558/964/653 570/965/654 572/966/655 557/967/656
f 570/965/654 569/953/642 571/934/626 572/966/655
f 551/968/657 566/969/658 570/965/654 558/964/653
f 566/969/658 565/950/639 569/953/642 570/965/654
f 549/970/659 568/971/660 561/972/660 545/973/659
f 568/971/660 567/938/630 562/941/632 561/972/660
f 557/967/656 572/966/655 568/974/661 549/975/662
f 572/966/655 571/934/626 567/937/629 568/974/661
f 547/976/663 564/977/664 566/978/665 551/979/663
f 564/977/664 563/930/623 565/933/625 566/978/665
f 553/961/650 576/960/649 564/980/666 547/981/667
f 576/960/649 575/926/619 563/929/622 564/980/666
f 577/962/668 578/955/668 580/928/668 579/981/668
f 579/976/669 580/931/669 584/932/669 583/979/669
f 583/968/670 584/951/670 582/936/670 581/975/670
f 581/970/671 582/939/671 578/940/671 577/973/671
f 579/724/672 583/725/672 581/726/672 577/727/672
f 584/728/673 580/729/673 578/730/673 582/731/673
f 585/962/674 586/955/674 588/928/674 587/981/674
f 587/976/675 588/931/675 592/932/675 591/979/675
f 591/968/676 592/951/676 590/936/676 589/975/676
f 589/970/677 590/939/677 586/940/677 585/973/677
f 587/724/678 591/725/678 589/726/678 585/727/678
f 592/728/679 588/729/679 586/730/679 590/731/679
f 63/982/680 62/983/681 631/984/682 629/985/683
f 629/985/683 631/984/682 632/90/81 630/147/144
f 64/986/684 63/982/680 629/985/683 627/987/685
f 627/987/685 629/985/683 630/147/144 628/145/142
f 65/988/686 64/986/684 627/987/685 625/989/687
f 625/989/687 627/987/685 628/145/142 626/143/140
f 66/990/688 65/988/686 625/989/687 623/991/689
f 623/991/689 625/989/687 626/143/140 624/141/138
f 67/992/690 66/990/688 623/991/689 621/993/691
f 621/993/691 623/991/689 624/141/138 622/139/136
f 68/994/692 67/992/690 621/993/691 619/995/693
f 619/995/693 621/993/691 622/139/136 620/136/133
f 2/802/694 68/994/692 619/995/693 593/803/695
f 593/803/695 619/995/693 620/136/133 594/135/132
f 615/107/101 46/996/696 618/996/697 44/107/102
f 30/997/698 53/998/698 51/104/699 39/103/699
f 40/999/700 617/1000/700 47/113/109 31/112/109
f 46/96/696 54/95/89 49/95/91 618/96/697
f 62/983/681 46/996/701 615/107/702 631/984/682
f 631/984/682 615/107/702 616/91/82 632/90/81
f 38/68/703 612/67/704 614/66/56 37/65/55
f 612/67/704 611/69/59 613/72/62 614/66/56
f 32/61/93 35/81/71 25/81/72 36/61/94
f 610/1001/705 609/1002/705 36/109/106 49/108/105
f 16/1003/706 600/1004/707 613/72/62 34/71/61
f 600/1004/707 599/63/53 614/66/56 613/72/62
f 9/804/708 601/805/709 607/806/709 23/807/708
f 601/805/709 602/43/32 608/46/34 607/806/709
f 24/1005/710 21/1006/711 605/1007/712 608/1008/713
f 608/1008/713 605/1007/712 606/33/23 607/37/27
f 21/1006/711 19/1009/714 603/1010/715 605/1007/712
f 605/1007/712 603/1010/715 604/34/24 606/33/23
f 10/814/20 602/815/716 600/816/717 16/817/21
f 602/815/716 601/17/14 599/20/17 600/816/717
f 4/822/718 596/823/719 598/824/720 6/825/721
f 596/823/719 595/5/5 597/1/1 598/824/720
f 6/825/721 598/824/720 594/826/722 3/827/723
f 598/824/720 597/1/1 593/4/4 594/826/722
f 1215/1/724 1211/4/725 634/3/726 637/2/727
f 1213/5/728 1215/1/724 637/2/727 633/6/729
f 639/7/730 653/10/731 651/9/732 647/8/732
f 642/11/733 656/12/733 653/10/731 639/7/730
f 647/13/734 640/16/734 645/15/735 639/14/736
f 1219/17/737 1217/20/738 646/19/739 641/18/740
f 641/21/740 646/24/739 649/23/741 643/22/742
f 639/25/736 645/28/735 648/27/743 642/26/744
f 643/29/742 649/32/741 644/31/745 650/30/745
f 1224/33/746 654/36/747 652/35/748 1222/34/749
f 1225/37/750 655/38/751 654/36/747 1224/33/746
f 650/39/752 652/42/752 654/41/753 643/40/754
f 1220/43/755 1226/46/756 656/45/757 642/44/757
f 643/47/754 654/50/753 655/49/758 641/48/758
f 668/51/759 670/51/760 669/52/761 658/52/762
f 658/52/763 659/54/764 667/53/765 668/51/766
f 671/55/767 663/58/768 645/57/769 640/56/770
f 50/59/48 53/59/48 678/60/771 679/60/772
f 662/61/773 663/58/768 671/55/767 41/62/774
f 1217/63/775 1230/66/776 667/65/777 646/64/778
f 1228/67/779 661/67/780 670/68/760 668/68/759
f 1227/69/781 1229/72/782 664/71/783 665/70/784
f 659/73/764 660/76/785 644/75/786 649/74/787
f 1227/69/788 673/69/789 661/67/780 1228/67/779
f 29/77/790 660/76/785 659/73/764 658/78/763
f 663/58/768 664/80/791 648/79/792 645/57/769
f 665/70/793 657/70/794 673/69/789 1227/69/788
f 665/81/795 664/80/791 663/58/768 662/61/773
f 646/82/796 667/53/765 659/54/764 649/83/787
f 695/84/797 709/87/798 679/86/799 676/85/799
f 709/88/800 702/89/801 50/59/802 679/60/802
f 1248/90/803 695/93/804 676/92/805 1232/91/806
f 716/94/807 688/97/808 674/96/809 680/95/810
f 680/95/811 677/95/812 610/98/90 43/98/90
f 41/62/92 609/62/92 666/61/813 662/61/814
f 673/99/815 657/102/816 1234/101/816 672/100/815
f 679/86/772 678/86/771 1233/85/817 676/85/818
f 669/103/819 670/106/819 1233/105/819 678/104/819
f 1232/91/820 675/91/821 672/107/822 1231/107/823
f 657/102/824 666/109/825 677/108/826 1234/101/824
f 676/92/818 1233/92/817 675/91/821 1232/91/820
f 687/110/827 716/94/807 680/95/810 43/111/828
f 672/100/815 675/113/829 661/112/829 673/99/815
f 658/78/762 669/78/761 30/77/110 29/77/110
f 633/114/830 637/117/831 722/116/832 681/115/833
f 681/115/833 722/116/832 721/119/834 682/118/835
f 682/118/835 721/119/834 720/121/836 683/120/837
f 683/120/837 720/121/836 719/123/838 684/122/839
f 684/122/839 719/123/838 718/125/840 685/124/841
f 685/124/841 718/125/840 717/127/842 686/126/843
f 686/126/843 717/127/842 716/94/807 687/110/827
f 637/117/831 634/129/844 694/128/845 722/116/832
f 722/116/832 694/128/845 693/130/846 721/119/834
f 721/119/834 693/130/846 692/131/847 720/121/836
f 720/121/836 692/131/847 691/132/848 719/123/838
f 719/123/838 691/132/848 690/133/849 718/125/840
f 718/125/840 690/133/849 689/134/850 717/127/842
f 717/127/842 689/134/850 688/97/808 716/94/807
f 1212/135/851 635/138/852 701/137/853 1236/136/854
f 1236/136/854 701/137/853 700/140/855 1238/139/856
f 1238/139/856 700/140/855 699/142/857 1240/141/858
f 1240/141/858 699/142/857 698/144/859 1242/143/860
f 1242/143/860 698/144/859 697/146/861 1244/145/862
f 1244/145/862 697/146/861 696/148/863 1246/147/864
f 1246/147/864 696/148/863 695/93/804 1248/90/803
f 638/149/865 636/152/865 708/151/866 715/150/866
f 715/150/866 708/151/866 707/154/867 714/153/867
f 714/153/867 707/154/867 706/156/868 713/155/868
f 713/155/868 706/156/868 705/158/869 712/157/869
f 712/157/869 705/158/869 704/160/870 711/159/870
f 711/159/870 704/160/870 703/162/871 710/161/871
f 710/161/871 703/162/871 702/89/801 709/88/800
f 635/163/872 638/166/872 715/165/873 701/164/873
f 701/164/873 715/165/873 714/168/874 700/167/875
f 700/167/875 714/168/874 713/170/876 699/169/877
f 699/169/877 713/170/876 712/172/878 698/171/879
f 698/171/879 712/172/878 711/174/880 697/173/881
f 697/173/881 711/174/880 710/176/882 696/175/883
f 696/175/883 710/176/882 709/87/798 695/84/797
f 793/177/167 761/180/167 726/179/167 744/178/167
f 761/181/166 763/184/166 730/183/166 726/182/166
f 779/185/165 765/188/165 728/187/165 758/186/165
f 765/184/884 760/181/884 724/182/885 728/183/885
f 737/189/886 723/192/887 727/191/887 745/190/886
f 758/190/888 728/191/889 724/192/889 738/189/888
f 730/193/890 752/196/891 744/195/891 726/194/890
f 752/196/891 753/198/892 743/197/892 744/195/891
f 753/198/892 754/200/893 742/199/893 743/197/892
f 754/200/893 755/202/894 741/201/894 742/199/893
f 755/202/894 756/204/895 740/203/895 741/201/894
f 756/204/895 757/206/896 739/205/896 740/203/895
f 757/206/896 758/190/888 738/189/888 739/205/896
f 725/194/897 731/195/898 751/196/898 729/193/897
f 731/195/898 732/197/899 750/198/899 751/196/898
f 732/197/899 733/199/900 749/200/900 750/198/899
f 733/199/900 734/201/901 748/202/901 749/200/900
f 734/201/901 735/208/902 747/207/902 748/202/901
f 735/208/902 736/205/903 746/206/903 747/207/902
f 736/205/903 737/189/886 745/190/886 746/206/903
f 763/180/165 767/177/165 752/178/165 730/179/165
f 767/177/165 769/210/165 753/209/165 752/178/165
f 769/210/165 771/212/165 754/211/165 753/209/165
f 771/212/165 773/214/165 755/213/165 754/211/165
f 773/214/165 775/216/165 756/215/165 755/213/165
f 775/216/165 777/218/165 757/217/165 756/215/165
f 777/218/165 779/185/165 758/186/165 757/217/165
f 760/219/167 781/185/167 738/186/167 724/187/167
f 781/185/167 783/221/167 739/220/167 738/186/167
f 783/221/167 785/216/167 740/215/167 739/220/167
f 785/216/167 787/214/167 741/213/167 740/215/167
f 787/214/167 789/223/167 742/222/167 741/213/167
f 789/223/167 791/225/167 743/224/167 742/222/167
f 791/225/167 793/177/167 744/178/167 743/224/167
f 732/226/167 731/229/167 794/228/167 792/227/167
f 792/227/167 794/228/167 793/177/167 791/225/167
f 733/230/167 732/226/167 792/227/167 790/231/167
f 790/231/167 792/227/167 791/225/167 789/223/167
f 734/232/167 733/230/167 790/231/167 788/233/167
f 788/233/167 790/231/167 789/223/167 787/214/167
f 735/234/167 734/232/167 788/233/167 786/235/167
f 786/235/167 788/233/167 787/214/167 785/216/167
f 736/236/167 735/234/167 786/235/167 784/237/167
f 784/237/167 786/235/167 785/216/167 783/221/167
f 737/238/167 736/236/167 784/237/167 782/239/167
f 782/239/167 784/237/167 783/221/167 781/185/167
f 723/240/167 737/238/167 782/239/167 759/241/167
f 759/241/167 782/239/167 781/185/167 760/219/167
f 746/242/165 745/245/165 780/244/165 778/243/165
f 778/243/165 780/244/165 779/185/165 777/218/165
f 747/246/165 746/242/165 778/243/165 776/247/165
f 776/247/165 778/243/165 777/218/165 775/216/165
f 748/248/165 747/246/165 776/247/165 774/249/165
f 774/249/165 776/247/165 775/216/165 773/214/165
f 749/250/165 748/248/165 774/249/165 772/251/165
f 772/251/165 774/249/165 773/214/165 771/212/165
f 750/252/165 749/250/165 772/251/165 770/253/165
f 770/253/165 772/251/165 771/212/165 769/210/165
f 751/254/165 750/252/165 770/253/165 768/228/165
f 768/228/165 770/253/165 769/210/165 767/177/165
f 729/255/165 751/254/165 768/228/165 764/256/165
f 764/256/165 768/228/165 767/177/165 763/180/165
f 727/257/904 723/260/904 759/259/905 766/258/905
f 766/258/905 759/259/905 760/181/884 765/184/884
f 745/245/165 727/240/165 766/241/165 780/244/165
f 780/244/165 766/241/165 765/188/165 779/185/165
f 725/260/166 729/257/166 764/258/166 762/261/166
f 762/261/166 764/258/166 763/184/166 761/181/166
f 731/229/167 725/255/167 762/256/167 794/228/167
f 794/228/167 762/256/167 761/180/167 793/177/167
f 889/262/906 877/265/907 798/264/908 814/263/909
f 897/266/910 879/269/911 802/268/912 830/267/913
f 885/270/914 881/273/915 800/272/916 818/271/917
f 893/274/918 876/277/919 796/276/920 834/275/921
f 849/278/922 832/281/923 799/280/924 815/279/925
f 845/282/926 834/285/927 796/284/928 813/283/929
f 921/286/930 906/289/931 803/288/932 836/287/933
f 873/290/934 852/293/935 804/292/936 838/291/219
f 913/294/937 903/297/938 810/296/939 820/295/940
f 865/298/941 857/301/942 809/300/943 822/299/944
f 917/302/945 901/305/946 808/304/947 840/303/948
f 869/306/949 855/309/950 807/308/951 842/307/952
f 909/310/953 899/313/954 806/312/955 824/311/956
f 861/314/957 853/317/958 805/316/959 826/315/960
f 852/318/961 859/321/962 825/320/963 804/319/964
f 859/321/962 861/314/957 826/315/960 825/320/963
f 906/322/965 907/325/966 823/324/967 803/323/968
f 907/325/966 909/310/953 824/311/956 823/324/967
f 855/326/969 863/329/970 821/328/971 807/327/972
f 863/329/970 865/298/941 822/299/944 821/328/971
f 901/330/973 911/333/974 819/332/975 808/331/976
f 911/333/974 913/294/937 820/295/940 819/332/975
f 829/334/977 843/337/978 814/336/979 798/335/980
f 843/337/978 845/282/926 813/283/929 814/336/979
f 827/338/981 847/341/982 816/340/983 801/339/984
f 847/341/982 849/278/922 815/279/925 816/340/983
f 879/342/985 883/345/986 817/344/987 802/343/988
f 883/345/986 885/270/914 818/271/917 817/344/987
f 876/346/989 887/349/990 813/348/991 796/347/992
f 887/349/990 889/262/906 814/263/909 813/348/991
f 811/350/993 812/353/994 850/352/995 848/351/996
f 848/351/996 850/352/995 849/278/922 847/341/982
f 797/354/997 811/350/993 848/351/996 828/355/998
f 828/355/998 848/351/996 847/341/982 827/338/981
f 817/356/999 818/359/1000 846/358/1001 844/357/1002
f 844/357/1002 846/358/1001 845/282/926 843/337/978
f 802/360/1003 817/356/999 844/357/1002 830/361/1004
f 830/361/1004 844/357/1002 843/337/978 829/334/977
f 853/362/1005 867/365/1006 841/364/1007 805/363/1008
f 867/365/1006 869/306/949 842/307/952 841/364/1007
f 899/366/1009 915/369/1010 839/368/1011 806/367/1012
f 915/369/1010 917/302/945 840/303/948 839/368/1011
f 857/370/1013 871/373/1014 837/372/1015 809/371/1016
f 871/373/1014 873/290/934 838/291/219 837/372/1015
f 903/374/1017 919/377/1018 835/376/1019 810/375/1020
f 919/377/1018 921/286/930 836/287/933 835/376/1019
f 818/359/1000 800/379/1021 833/378/1022 846/358/1001
f 846/358/1001 833/378/1022 834/285/927 845/282/926
f 812/353/994 795/381/1023 831/380/1024 850/352/995
f 850/352/995 831/380/1024 832/281/923 849/278/922
f 881/382/1025 891/385/1026 833/384/1027 800/383/1028
f 891/385/1026 893/274/918 834/275/921 833/384/1027
f 877/386/1029 895/389/1030 829/388/1031 798/387/1032
f 895/389/1030 897/266/910 830/267/913 829/388/1031
f 835/376/1019 836/287/933 874/391/1033 872/390/1034
f 872/390/1034 874/391/1033 873/290/934 871/373/1014
f 810/375/1020 835/376/1019 872/390/1034 858/392/1035
f 858/392/1035 872/390/1034 871/373/1014 857/370/1013
f 839/368/1011 840/303/948 870/394/1036 868/393/1037
f 868/393/1037 870/394/1036 869/306/949 867/365/1006
f 806/367/1012 839/368/1011 868/393/1037 854/395/1038
f 854/395/1038 868/393/1037 867/365/1006 853/362/1005
f 819/332/975 820/295/940 866/397/1039 864/396/1040
f 864/396/1040 866/397/1039 865/298/941 863/329/970
f 808/331/976 819/332/975 864/396/1040 856/398/1041
f 856/398/1041 864/396/1040 863/329/970 855/326/969
f 823/324/967 824/311/956 862/400/1042 860/399/1043
f 860/399/1043 862/400/1042 861/314/957 859/321/962
f 803/323/968 823/324/967 860/399/1043 851/401/1044
f 851/401/1044 860/399/1043 859/321/962 852/318/961
f 824/311/956 806/312/955 854/402/1045 862/400/1042
f 862/400/1042 854/402/1045 853/317/958 861/314/957
f 840/303/948 808/304/947 856/403/1046 870/394/1036
f 870/394/1036 856/403/1046 855/309/950 869/306/949
f 820/295/940 810/296/939 858/404/1047 866/397/1039
f 866/397/1039 858/404/1047 857/301/942 865/298/941
f 836/287/933 803/288/932 851/405/1048 874/391/1033
f 874/391/1033 851/405/1048 852/293/935 873/290/934
f 841/364/1007 842/307/952 898/407/1049 896/406/1050
f 896/406/1050 898/407/1049 897/266/910 895/389/1030
f 805/363/1008 841/364/1007 896/406/1050 878/408/1051
f 878/408/1051 896/406/1050 895/389/1030 877/386/1029
f 837/372/1015 838/291/219 894/410/1052 892/409/1053
f 892/409/1053 894/410/1052 893/274/918 891/385/1026
f 809/371/1016 837/372/1015 892/409/1053 882/411/1054
f 882/411/1054 892/409/1053 891/385/1026 881/382/1025
f 825/320/963 826/315/960 890/413/1055 888/412/1056
f 888/412/1056 890/413/1055 889/262/906 887/349/990
f 804/319/964 825/320/963 888/412/1056 875/414/1057
f 875/414/1057 888/412/1056 887/349/990 876/346/989
f 821/328/971 822/299/944 886/416/1058 884/415/1059
f 884/415/1059 886/416/1058 885/270/914 883/345/986
f 807/327/972 821/328/971 884/415/1059 880/417/1060
f 880/417/1060 884/415/1059 883/345/986 879/342/985
f 838/291/219 804/292/936 875/418/1061 894/410/1052
f 894/410/1052 875/418/1061 876/277/919 893/274/918
f 822/299/944 809/300/943 882/419/1062 886/416/1058
f 886/416/1058 882/419/1062 881/273/915 885/270/914
f 842/307/952 807/308/951 880/420/1063 898/407/1049
f 898/407/1049 880/420/1063 879/269/911 897/266/910
f 826/315/960 805/316/959 878/421/1064 890/413/1055
f 890/413/1055 878/421/1064 877/265/907 889/262/906
f 832/422/1065 831/425/1066 922/424/1067 920/423/1068
f 920/423/1068 922/424/1067 921/286/930 919/377/1018
f 799/426/1069 832/422/1065 920/423/1068 904/427/1070
f 904/427/1070 920/423/1068 919/377/1018 903/374/1017
f 828/428/1071 827/431/1072 918/430/1073 916/429/1074
f 916/429/1074 918/430/1073 917/302/945 915/369/1010
f 797/432/1075 828/428/1071 916/429/1074 900/433/1076
f 900/433/1076 916/429/1074 915/369/1010 899/366/1009
f 816/434/1077 815/437/1078 914/436/1079 912/435/1080
f 912/435/1080 914/436/1079 913/294/937 911/333/974
f 801/438/1081 816/434/1077 912/435/1080 902/439/1082
f 902/439/1082 912/435/1080 911/333/974 901/330/973
f 812/440/1083 811/443/1084 910/442/1085 908/441/1086
f 908/441/1086 910/442/1085 909/310/953 907/325/966
f 795/444/1087 812/440/1083 908/441/1086 905/445/1088
f 905/445/1088 908/441/1086 907/325/966 906/322/965
f 811/443/1084 797/447/1089 900/446/1090 910/442/1085
f 910/442/1085 900/446/1090 899/313/954 909/310/953
f 827/431/1072 801/449/1091 902/448/1092 918/430/1073
f 918/430/1073 902/448/1092 901/305/946 917/302/945
f 815/437/1078 799/451/1093 904/450/1094 914/436/1079
f 914/436/1079 904/450/1094 903/297/938 913/294/937
f 831/425/1066 795/453/1095 905/452/1096 922/424/1067
f 922/424/1067 905/452/1096 906/289/931 921/286/930
f 946/454/167 940/457/167 926/456/167 934/455/167
f 940/458/1097 941/461/1097 930/460/1098 926/459/1098
f 944/462/165 942/465/165 928/464/165 938/463/165
f 942/466/1099 939/469/1099 924/468/1100 928/467/1100
f 932/470/1101 923/473/1102 927/472/1102 935/471/1101
f 938/474/1103 928/477/1103 924/476/1103 933/475/1103
f 930/478/1104 937/481/1105 934/480/1105 926/479/1104
f 937/481/1105 938/474/1103 933/475/1103 934/480/1105
f 925/482/1106 931/485/1107 936/484/1108 929/483/1106
f 931/485/1107 932/470/1101 935/471/1101 936/484/1108
f 941/486/165 943/489/165 937/488/165 930/487/165
f 943/489/165 944/462/165 938/463/165 937/488/165
f 939/490/167 945/493/167 933/492/167 924/491/167
f 945/493/167 946/454/167 934/455/167 933/492/167
f 932/494/167 931/495/167 946/454/167 945/493/167
f 923/496/167 932/494/167 945/493/167 939/490/167
f 936/497/165 935/498/165 944/462/165 943/489/165
f 929/499/165 936/497/165 943/489/165 941/486/165
f 927/500/1109 923/501/1109 939/469/1099 942/466/1099
f 935/498/165 927/502/165 942/465/165 944/462/165
f 925/503/1110 929/504/1110 941/461/1097 940/458/1097
f 931/495/167 925/505/167 940/457/167 946/454/167
f 984/506/167 976/509/167 950/508/167 962/507/167
f 988/510/165 980/513/165 957/512/165 968/511/165
f 982/514/165 978/517/165 952/516/165 966/515/165
f 978/518/1111 975/521/1111 948/520/1112 952/519/1112
f 960/522/1113 947/525/1114 951/524/1114 963/523/1115
f 966/526/1116 952/529/1117 948/528/1117 961/527/1118
f 979/530/1119 980/533/1119 958/532/1120 955/531/1120
f 968/534/1121 957/537/1122 956/536/1122 972/535/1123
f 973/538/1124 955/541/1125 958/540/1125 969/539/1124
f 986/542/167 979/545/167 955/544/167 973/543/167
f 954/546/1126 965/549/1127 962/548/1127 950/547/1126
f 965/549/1127 966/526/1116 961/527/1118 962/548/1127
f 949/550/1128 959/553/1129 964/552/1129 953/551/1128
f 959/553/1129 960/522/1113 963/523/1115 964/552/1129
f 977/554/165 981/557/165 965/556/165 954/555/165
f 981/557/165 982/514/165 966/515/165 965/556/165
f 975/558/167 983/561/167 961/560/167 948/559/167
f 983/561/167 984/506/167 962/507/167 961/560/167
f 976/562/167 985/565/167 974/564/167 950/563/167
f 985/565/167 986/542/167 973/543/167 974/564/167
f 950/566/1130 974/569/1131 970/568/1131 954/567/1130
f 974/569/1131 973/538/1124 969/539/1124 970/568/1131
f 953/570/1132 967/573/1133 971/572/1133 949/571/1132
f 967/573/1133 968/534/1121 972/535/1123 971/572/1133
f 977/574/165 987/577/165 967/576/165 953/575/165
f 987/577/165 988/510/165 968/511/165 967/576/165
f 970/578/165 969/579/165 988/510/165 987/577/165
f 954/580/165 970/578/165 987/577/165 977/574/165
f 971/581/167 972/582/167 986/542/167 985/565/167
f 949/583/167 971/581/167 985/565/167 976/562/167
f 960/584/167 959/585/167 984/506/167 983/561/167
f 947/586/167 960/584/167 983/561/167 975/558/167
f 964/587/165 963/588/165 982/514/165 981/557/165
f 953/589/165 964/587/165 981/557/165 977/554/165
f 972/582/167 956/590/167 979/545/167 986/542/167
f 956/591/1134 957/592/1134 980/533/1119 979/530/1119
f 951/593/1135 947/594/1135 975/521/1111 978/518/1111
f 963/588/165 951/595/165 978/517/165 982/514/165
f 969/579/165 958/596/165 980/513/165 988/510/165
f 959/585/167 949/597/167 976/509/167 984/506/167
f 1001/598/167 990/601/167 991/600/167 995/599/167
f 990/602/1136 993/605/1136 994/604/1136 991/603/1136
f 998/606/165 992/608/165 1000/607/165
f 997/609/1137 989/612/1138 992/611/1138 998/610/1139
f 993/613/165 996/616/165 1002/615/165 994/614/165
f 990/617/1140 1001/620/1141 996/619/1142 993/618/1140
f 1002/621/1143 1000/624/1144 999/623/1145 995/622/1146
f 1001/620/1141 997/609/1137 998/610/1139 996/619/1142
f 996/616/165 998/606/165 1000/607/165 1002/615/165
f 989/625/167 997/627/167 999/626/167
f 1000/624/1144 992/629/1147 989/628/1147 999/623/1145
f 994/630/1148 1002/621/1143 995/622/1146 991/631/1148
f 997/627/167 1001/598/167 995/599/167 999/626/167
f 1040/632/167 1022/635/167 1006/634/167 1014/633/167
f 1022/636/1149 1025/639/1149 1010/638/1150 1006/637/1150
f 1034/640/165 1028/643/165 1008/642/165 1018/641/165
f 1028/644/1151 1021/647/1152 1004/646/1153 1008/645/1153
f 1012/648/1154 1003/651/1155 1007/650/1155 1015/649/1154
f 1018/652/1156 1008/655/1157 1004/654/1157 1013/653/1156
f 1010/656/1158 1017/659/1159 1014/658/1160 1006/657/1158
f 1017/659/1159 1018/652/1156 1013/653/1156 1014/658/1160
f 1005/660/1161 1011/663/1162 1016/662/1163 1009/661/1161
f 1011/663/1162 1012/648/1154 1015/649/1154 1016/662/1163
f 1025/664/165 1031/667/165 1017/666/165 1010/665/165
f 1031/667/165 1034/640/165 1018/641/165 1017/666/165
f 1021/668/167 1037/671/167 1013/670/167 1004/669/167
f 1037/671/167 1040/632/167 1014/633/167 1013/670/167
f 1012/672/167 1011/675/167 1042/674/167 1039/673/167
f 1039/673/167 1042/674/167 1041/677/167 1038/676/167
f 1038/676/167 1041/677/167 1040/632/167 1037/671/167
f 1003/678/167 1012/672/167 1039/673/167 1019/679/167
f 1019/679/167 1039/673/167 1038/676/167 1020/680/167
f 1020/680/167 1038/676/167 1037/671/167 1021/668/167
f 1016/681/165 1015/684/165 1036/683/165 1033/682/165
f 1033/682/165 1036/683/165 1035/686/165 1032/685/165
f 1032/685/165 1035/686/165 1034/640/165 1031/667/165
f 1009/687/165 1016/681/165 1033/682/165 1027/688/165
f 1027/688/165 1033/682/165 1032/685/165 1026/689/165
f 1026/689/165 1032/685/165 1031/667/165 1025/664/165
f 1007/690/1164 1003/693/1164 1019/692/1165 1030/691/1165
f 1030/691/1165 1019/692/1165 1020/695/1166 1029/694/1167
f 1029/694/1167 1020/695/1166 1021/647/1152 1028/644/1151
f 1015/684/165 1007/697/165 1030/696/165 1036/683/165
f 1036/683/165 1030/696/165 1029/698/165 1035/686/165
f 1035/686/165 1029/698/165 1028/643/165 1034/640/165
f 1005/699/1168 1009/702/1168 1027/701/1169 1024/700/1169
f 1024/700/1169 1027/701/1169 1026/704/1170 1023/703/1171
f 1023/703/1171 1026/704/1170 1025/639/1149 1022/636/1149
f 1011/675/167 1005/706/167 1024/705/167 1042/674/167
f 1042/674/167 1024/705/167 1023/707/167 1041/677/167
f 1041/677/167 1023/707/167 1022/635/167 1040/632/167
f 1043/708/1172 1045/711/1172 1046/710/1172 1044/709/1172
f 1045/712/1173 1049/715/1173 1050/714/1173 1046/713/1173
f 1049/716/1174 1047/719/1174 1048/718/1174 1050/717/1174
f 1047/720/1175 1043/723/1175 1044/722/1175 1048/721/1175
f 1045/724/1176 1043/727/1176 1047/726/1176 1049/725/1176
f 1050/728/1177 1048/731/1177 1044/730/1177 1046/729/1177
f 1096/732/1178 1084/735/1179 1054/734/1180 1060/733/1181
f 1122/736/1182 1087/739/1183 1056/738/1184 1101/737/1185
f 1093/740/1186 1090/743/1187 1058/742/1188 1062/741/1189
f 1054/744/1180 1072/747/1190 1069/746/1191 1060/745/1181
f 1105/1/1192 1099/4/1193 1053/3/1194 1059/2/1195
f 1103/5/1196 1105/1/1192 1059/2/1195 1051/6/1197
f 1058/748/1188 1068/751/1198 1073/750/1198 1062/749/1189
f 1087/752/1199 1093/755/1200 1062/754/1201 1056/753/1202
f 1083/756/1203 1096/732/1178 1060/733/1181 1052/757/1204
f 1063/7/1205 1077/10/1206 1075/9/1207 1071/8/1207
f 1102/758/1208 1108/761/1209 1072/760/1210 1054/759/1211
f 1060/745/1181 1069/746/1191 1064/763/1212 1052/762/1204
f 1062/764/1201 1073/767/1213 1070/766/1213 1056/765/1202
f 1066/11/1214 1080/12/1214 1077/10/1206 1063/7/1205
f 1071/13/1215 1064/16/1215 1069/15/1216 1063/14/1217
f 1109/17/1218 1107/20/1219 1070/19/1220 1065/18/1221
f 1065/21/1221 1070/24/1220 1073/23/1222 1067/22/507
f 1063/25/1217 1069/28/1216 1072/27/1223 1066/26/1224
f 1067/768/507 1073/771/1222 1068/770/1225 1074/769/1225
f 1114/772/1226 1078/775/1227 1076/774/1228 1112/773/1229
f 1115/776/1230 1079/777/1231 1078/775/1227 1114/772/1226
f 1074/39/1232 1076/42/1232 1078/41/1232 1067/40/1232
f 1110/43/1233 1116/46/1234 1080/45/1235 1066/44/1235
f 1067/47/1236 1078/50/1236 1079/49/1236 1065/48/1236
f 1051/114/1237 1059/117/1238 1098/779/1239 1081/778/1240
f 1081/778/1240 1098/779/1239 1097/781/1241 1082/780/1242
f 1082/780/1242 1097/781/1241 1096/732/1178 1083/756/1203
f 1055/163/1243 1061/166/1243 1095/783/1244 1089/782/1245
f 1089/782/1245 1095/783/1244 1094/785/1246 1088/784/1247
f 1088/784/1247 1094/785/1246 1093/755/1200 1087/752/1199
f 1061/149/1248 1057/152/1248 1092/787/1249 1095/786/1249
f 1095/786/1249 1092/787/1249 1091/789/1250 1094/788/1251
f 1094/788/1251 1091/789/1250 1090/743/1187 1093/740/1186
f 1100/135/1252 1055/138/1253 1089/791/1254 1118/790/1255
f 1118/790/1255 1089/791/1254 1088/793/1256 1120/792/1257
f 1120/792/1257 1088/793/1256 1087/739/1183 1122/736/1182
f 1059/117/1238 1053/129/1258 1086/794/1259 1098/779/1239
f 1098/779/1239 1086/794/1259 1085/795/1260 1097/781/1241
f 1097/781/1241 1085/795/1260 1084/735/1179 1096/732/1178
f 1085/796/1261 1119/799/1262 1121/798/1263 1084/797/1264
f 1119/799/1262 1120/792/1257 1122/736/1182 1121/798/1263
f 1086/800/1265 1117/801/1266 1119/799/1262 1085/796/1261
f 1117/801/1266 1118/790/1255 1120/792/1257 1119/799/1262
f 1053/802/1267 1099/803/1268 1117/801/1266 1086/800/1265
f 1099/803/1268 1100/135/1252 1118/790/1255 1117/801/1266
f 1065/804/1269 1079/807/1269 1115/806/1270 1109/805/1271
f 1109/805/1271 1115/806/1270 1116/46/1234 1110/43/1233
f 1080/808/1272 1116/811/1273 1113/810/1274 1077/809/1275
f 1116/811/1273 1115/776/1230 1114/772/1226 1113/810/1274
f 1077/809/1275 1113/810/1274 1111/813/1276 1075/812/1277
f 1113/810/1274 1114/772/1226 1112/773/1229 1111/813/1276
f 1066/814/1224 1072/817/1223 1108/816/1278 1110/815/1279
f 1110/815/1279 1108/816/1278 1107/20/1219 1109/17/1218
f 1056/818/1184 1070/821/1280 1107/820/1281 1101/819/1185
f 1101/819/1185 1107/820/1281 1108/761/1209 1102/758/1208
f 1057/822/1282 1061/825/1283 1106/824/1284 1104/823/1285
f 1104/823/1285 1106/824/1284 1105/1/1192 1103/5/1196
f 1061/825/1283 1055/827/1286 1100/826/1287 1106/824/1284
f 1106/824/1284 1100/826/1287 1099/4/1193 1105/1/1192
f 1084/797/1264 1121/798/1263 1102/829/1208 1054/828/1211
f 1121/798/1263 1122/736/1182 1101/737/1185 1102/829/1208
f 1162/830/1288 1131/833/1289 1124/832/1290 1157/831/1291
f 1146/834/165 1133/837/165 1126/836/165 1141/835/165
f 1133/838/1292 515/841/1293 504/840/1294 1126/839/1294
f 1154/842/1295 1135/845/1296 1128/844/1297 1149/843/1298
f 1124/846/1299 1142/857/1299 1141/856/1299 1126/855/1299 504/854/1299 1150/853/1299 1149/852/1299 1128/851/1299 1130/850/1299 498/849/1299 1158/848/1299 1157/847/1299
f 1135/858/167 1137/861/167 1130/860/167 1128/859/167
f 1137/862/1300 510/865/1301 498/864/1302 1130/863/1302
f 497/866/1303 1129/877/1303 1127/876/1303 1148/875/1303 1147/874/1303 503/873/1303 1125/872/1303 1140/871/1303 1139/870/1303 1123/869/1303 1156/868/1303 1155/867/1303
f 1129/878/1304 497/881/1304 509/880/1305 1138/879/1305
f 1138/879/1305 509/880/1305 510/865/1301 1137/862/1300
f 1127/882/167 1129/885/167 1138/884/167 1136/883/167
f 1136/883/167 1138/884/167 1137/861/167 1135/858/167
f 1148/886/1306 1127/889/1307 1136/888/1308 1152/887/1309
f 1152/887/1309 1136/888/1308 1135/845/1296 1154/842/1295
f 1125/890/1310 503/893/1310 516/892/1311 1134/891/1312
f 1134/891/1312 516/892/1311 515/841/1293 1133/838/1292
f 1140/894/165 1125/897/165 1134/896/165 1144/895/165
f 1144/895/165 1134/896/165 1133/837/165 1146/834/165
f 1156/898/1313 1123/901/1314 1132/900/1315 1160/899/1316
f 1160/899/1316 1132/900/1315 1131/833/1289 1162/830/1288
f 1132/902/165 1143/905/165 1145/904/165 1131/903/165
f 1143/905/165 1144/895/165 1146/834/165 1145/904/165
f 1123/906/165 1139/907/165 1143/905/165 1132/902/165
f 1139/907/165 1140/894/165 1144/895/165 1143/905/165
f 1131/903/165 1145/904/165 1142/909/165 1124/908/165
f 1145/904/165 1146/834/165 1141/835/165 1142/909/165
f 516/910/1317 1151/913/1318 1153/912/1319 515/911/1320
f 1151/913/1318 1152/887/1309 1154/842/1295 1153/912/1319
f 503/914/1321 1147/915/1322 1151/913/1318 516/910/1317
f 1147/915/1322 1148/886/1306 1152/887/1309 1151/913/1318
f 515/911/1320 1153/912/1319 1150/917/1323 504/916/1324
f 1153/912/1319 1154/842/1295 1149/843/1298 1150/917/1323
f 509/918/1325 1159/921/1326 1161/920/1327 510/919/1328
f 1159/921/1326 1160/899/1316 1162/830/1288 1161/920/1327
f 497/922/1329 1155/923/1330 1159/921/1326 509/918/1325
f 1155/923/1330 1156/898/1313 1160/899/1316 1159/921/1326
f 510/919/1328 1161/920/1327 1158/925/1331 498/924/1332
f 1161/920/1327 1162/830/1288 1157/831/1291 1158/925/1331
f 1193/926/1333 1181/929/1334 1166/928/1335 1174/927/1336
f 1181/930/1337 1183/933/1338 1170/932/1339 1166/931/1339
f 1189/934/1340 1185/937/1341 1168/936/1342 1178/935/1343
f 1185/938/1344 1180/941/1345 1164/940/1346 1168/939/1346
f 1172/942/1347 1163/727/1347 1167/726/1347 1175/943/1347
f 1178/944/1348 1168/731/1349 1164/730/1349 1173/945/1348
f 1170/728/1350 1177/947/1351 1174/946/1351 1166/729/1350
f 1177/947/1351 1178/944/1348 1173/945/1348 1174/946/1351
f 1165/724/1352 1171/949/1352 1176/948/1352 1169/725/1352
f 1171/949/1352 1172/942/1347 1175/943/1347 1176/948/1352
f 1183/950/1353 1187/953/1354 1177/952/1355 1170/951/1356
f 1187/953/1354 1189/934/1340 1178/935/1343 1177/952/1355
f 1180/954/1357 1191/957/1358 1173/956/1359 1164/955/1360
f 1191/957/1358 1193/926/1333 1174/927/1336 1173/956/1359
f 1172/958/1361 1171/961/1362 1194/960/1363 1192/959/1364
f 1192/959/1364 1194/960/1363 1193/926/1333 1191/957/1358
f 1163/962/1365 1172/958/1361 1192/959/1364 1179/963/1366
f 1179/963/1366 1192/959/1364 1191/957/1358 1180/954/1357
f 1176/964/1367 1175/967/1368 1190/966/1369 1188/965/1370
f 1188/965/1370 1190/966/1369 1189/934/1340 1187/953/1354
f 1169/968/1371 1176/964/1367 1188/965/1370 1184/969/1372
f 1184/969/1372 1188/965/1370 1187/953/1354 1183/950/1353
f 1167/970/1373 1163/973/1373 1179/972/1374 1186/971/1374
f 1186/971/1374 1179/972/1374 1180/941/1345 1185/938/1344
f 1175/967/1368 1167/975/1375 1186/974/1376 1190/966/1369
f 1190/966/1369 1186/974/1376 1185/937/1341 1189/934/1340
f 1165/976/1377 1169/979/1377 1184/978/1378 1182/977/1379
f 1182/977/1379 1184/978/1378 1183/933/1338 1181/930/1337
f 1171/961/1362 1165/981/1380 1182/980/1381 1194/960/1363
f 1194/960/1363 1182/980/1381 1181/929/1334 1193/926/1333
f 1195/962/1382 1197/981/1382 1198/928/1382 1196/955/1382
f 1197/976/1383 1201/979/1383 1202/932/1383 1198/931/1383
f 1201/968/1384 1199/975/1384 1200/936/1384 1202/951/1384
f 1199/970/1385 1195/973/1385 1196/940/1385 1200/939/1385
f 1197/724/1386 1195/727/1386 1199/726/1386 1201/725/1386
f 1202/728/1387 1200/731/1387 1196/730/1387 1198/729/1387
f 1203/962/1388 1205/981/1388 1206/928/1388 1204/955/1388
f 1205/976/1389 1209/979/1389 1210/932/1389 1206/931/1389
f 1209/968/1390 1207/975/1390 1208/936/1390 1210/951/1390
f 1207/970/1391 1203/973/1391 1204/940/1391 1208/939/1391
f 1205/724/1392 1203/727/1392 1207/726/1392 1209/725/1392
f 1210/728/1393 1208/731/1393 1204/730/1393 1206/729/1393
f 689/982/1394 1245/985/1395 1247/984/1396 688/983/1397
f 1245/985/1395 1246/147/864 1248/90/803 1247/984/1396
f 690/986/1398 1243/987/1399 1245/985/1395 689/982/1394
f 1243/987/1399 1244/145/862 1246/147/864 1245/985/1395
f 691/988/1400 1241/989/1401 1243/987/1399 690/986/1398
f 1241/989/1401 1242/143/860 1244/145/862 1243/987/1399
f 692/990/1402 1239/991/1403 1241/989/1401 691/988/1400
f 1239/991/1403 1240/141/858 1242/143/860 1241/989/1401
f 693/992/1404 1237/993/1405 1239/991/1403 692/990/1402
f 1237/993/1405 1238/139/856 1240/141/858 1239/991/1403
f 694/994/1406 1235/995/1407 1237/993/1405 693/992/1404
f 1235/995/1407 1236/136/854 1238/139/856 1237/993/1405
f 634/802/1408 1211/803/1409 1235/995/1407 694/994/1406
f 1211/803/1409 1212/135/851 1236/136/854 1235/995/1407
f 1231/107/823 672/107/822 1234/996/1410 674/996/1411
f 30/997/698 669/103/1412 678/104/1412 53/998/698
f 670/999/1413 661/112/829 675/113/829 1233/1000/1413
f 674/96/1411 1234/96/1410 677/95/812 680/95/811
f 688/983/1397 1247/984/1396 1231/107/1414 674/996/1415
f 1247/984/1396 1248/90/803 1232/91/806 1231/107/1414
f 668/68/1416 667/65/777 1230/66/776 1228/67/1417
f 1228/67/1417 1230/66/776 1229/72/782 1227/69/781
f 662/61/814 666/61/813 657/81/794 665/81/793
f 610/1001/1418 677/108/826 666/109/825 609/1002/1418
f 648/1003/1419 664/71/783 1229/72/782 1218/1004/1420
f 1218/1004/1420 1229/72/782 1230/66/776 1217/63/775
f 641/804/1421 655/807/1421 1225/806/1422 1219/805/1422
f 1219/805/1422 1225/806/1422 1226/46/756 1220/43/755
f 656/1005/1423 1226/1008/1424 1223/1007/1425 653/1006/1426
f 1226/1008/1424 1225/37/750 1224/33/746 1223/1007/1425
f 653/1006/1426 1223/1007/1425 1221/1010/1427 651/1009/1428
f 1223/1007/1425 1224/33/746 1222/34/749 1221/1010/1427
f 642/814/744 648/817/743 1218/816/1429 1220/815/1430
f 1220/815/1430 1218/816/1429 1217/20/738 1219/17/737
f 636/822/1431 638/825/1432 1216/824/1433 1214/823/1434
f 1214/823/1434 1216/824/1433 1215/1/724 1213/5/728
f 638/825/1432 635/827/1435 1212/826/1436 1216/824/1433
f 1216/824/1433 1212/826/1436 1211/4/725 1215/1/724
f 1249/1011/165 1250/1012/165 1252/1013/165 1251/1014/165
f 1251/1014/1437 1252/1013/1437 1256/1015/1437 1255/1016/1437
f 1255/1016/167 1256/1015/167 1254/1017/167 1253/1018/167
f 1253/1018/1438 1254/1017/1438 1250/1019/1438 1249/1020/1438
f 1251/1021/1439 1255/1016/1439 1253/1018/1439 1249/1022/1439
f 1256/1015/1440 1252/1023/1440 1250/1024/1440 1254/1017/1440
usemtl Material.007
f 1361/1025/1441 1294/1026/1442 1262/1027/1443 1291/1028/1444
f 1360/1029/1445 1308/1030/1446 1269/1031/1447 1303/1032/1448
f 1366/1033/1449 1362/1034/1449 1264/1035/1449 1298/1036/1449
f 1358/1037/1450 1311/1038/1450 1270/1039/1450 1301/1040/1450
f 1365/1041/1451 1363/1042/1451 1267/1043/1451 1307/1044/1451
f 1356/1045/1452 1310/1046/1452 1268/1047/1452 1304/1048/1452
f 1355/1049/1453 1300/1050/1453 1266/1051/1453 1302/1052/1453
f 1354/1053/1454 1292/1054/1455 1260/1055/1456 1305/1056/1456
f 1353/1057/1457 1313/1058/1457 1273/1059/1457 1315/1060/1457
f 1352/1061/1458 1314/1062/1458 1274/1063/1458 1316/1064/1458
f 1351/1065/167 1319/1066/167 1277/1067/167 1320/1068/167
f 1350/1069/1459 1317/1070/1459 1275/1071/1460 1321/1072/1461
f 1349/1073/1462 1324/1074/1463 1280/1075/1464 1325/1076/1465
f 1348/1077/1466 1323/1078/1467 1279/1079/1468 1326/1080/1469
f 1347/1081/1470 1327/1082/1471 1281/1083/1472 1330/1084/1473
f 1346/1085/1474 1329/1086/1474 1283/1087/1474 1331/1088/1474
f 1345/1089/1475 1334/1090/1475 1286/1091/1475 1335/1092/1475
f 1344/1093/1476 1333/1094/1477 1285/1095/1478 1336/1096/1478
f 1343/1097/1479 1337/1098/1480 1287/1099/1481 1340/1100/1481
f 1342/1101/1482 1338/1102/1483 1288/1103/1484 1341/1104/1485
f 1312/1105/1486 1342/1101/1482 1341/1104/1485 1289/1106/1487
f 1272/1107/1488 1316/1064/1488 1342/1101/1488 1312/1105/1488
f 1316/1064/1489 1274/1063/1489 1338/1102/1489 1342/1101/1489
f 1338/1102/1490 1343/1097/1491 1340/1100/1492 1288/1103/1492
f 1274/1063/1493 1315/1060/1493 1343/1097/1491 1338/1102/1490
f 1315/1060/1494 1273/1059/1494 1337/1098/1480 1343/1097/1479
f 1334/1090/1495 1344/1093/1495 1336/1096/1495 1286/1091/1495
f 1267/1043/1496 1298/1036/1496 1344/1093/1496 1334/1090/1496
f 1298/1036/1497 1264/1035/1497 1333/1094/1477 1344/1093/1476
f 1299/1108/1498 1345/1089/1498 1335/1092/1498 1284/1109/1498
f 1265/1110/1499 1307/1044/1500 1345/1089/1501 1299/1108/1501
f 1307/1044/1502 1267/1043/1502 1334/1090/1502 1345/1089/1502
f 1332/1111/165 1346/1085/165 1331/1088/165 1282/1112/165
f 1284/1109/1503 1335/1092/1503 1346/1085/1503 1332/1111/1503
f 1335/1092/1504 1286/1091/1504 1329/1086/1504 1346/1085/1504
f 1329/1086/1505 1347/1081/1470 1330/1084/1473 1283/1087/1506
f 1286/1091/1507 1336/1096/1507 1347/1081/1507 1329/1086/1507
f 1336/1096/1508 1285/1095/1508 1327/1082/1508 1347/1081/1508
f 1324/1074/1509 1348/1077/1510 1326/1080/1511 1280/1075/1511
f 1269/1031/1512 1291/1028/1512 1348/1077/1510 1324/1074/1509
f 1291/1028/1444 1262/1027/1443 1323/1078/1467 1348/1077/1466
f 1293/1113/167 1349/1073/1462 1325/1076/1465 1278/1114/1513
f 1261/1115/167 1303/1032/1448 1349/1073/1462 1293/1113/167
f 1303/1032/1448 1269/1031/1447 1324/1074/1463 1349/1073/1462
f 1319/1066/1514 1350/1069/1514 1321/1072/1514 1277/1067/1514
f 1268/1047/1515 1302/1052/1515 1350/1069/1515 1319/1066/1515
f 1302/1052/1516 1266/1051/1516 1317/1070/1516 1350/1069/1516
f 1295/1116/167 1351/1065/167 1320/1068/167 1276/1117/167
f 1263/1118/1517 1304/1048/1517 1351/1065/1517 1295/1116/1517
f 1304/1048/1518 1268/1047/1518 1319/1066/1518 1351/1065/1518
f 1290/1119/1519 1352/1061/1519 1316/1064/1519 1272/1107/1519
f 1257/1120/165 1306/1121/165 1352/1061/165 1290/1119/165
f 1306/1121/1520 1271/1122/1521 1314/1062/1522 1352/1061/1520
f 1314/1062/1523 1353/1057/1523 1315/1060/1523 1274/1063/1523
f 1271/1122/1521 1296/1123/1524 1353/1057/1524 1314/1062/1522
f 1296/1123/1525 1258/1124/1525 1313/1058/1525 1353/1057/1525
f 1311/1038/1526 1354/1053/1526 1305/1056/1526 1270/1039/1526
f 1283/1087/1506 1330/1084/1473 1354/1053/1454 1311/1038/1527
f 1330/1084/1473 1281/1083/1472 1292/1054/1455 1354/1053/1454
f 1310/1046/1528 1355/1049/1528 1302/1052/1528 1268/1047/1528
f 1288/1103/1529 1340/1100/1529 1355/1049/1529 1310/1046/1529
f 1340/1100/1481 1287/1099/1481 1300/1050/1530 1355/1049/1530
f 1339/1125/1531 1356/1045/1531 1304/1048/1531 1263/1118/1531
f 1289/1106/1487 1341/1104/1485 1356/1045/1532 1339/1125/1533
f 1341/1104/1485 1288/1103/1484 1310/1046/1534 1356/1045/1532
f 1364/1126/1535 1365/1041/1535 1307/1044/1500 1265/1110/1499
f 1278/1114/1513 1325/1076/1465 1357/1127/1536 1322/1128/1536
f 1325/1076/1537 1280/1075/1538 1309/1129/1539 1357/1127/1537
f 1328/1130/165 1358/1037/165 1301/1040/165 1259/1131/165
f 1282/1112/165 1331/1088/165 1358/1037/165 1328/1130/165
f 1331/1088/1540 1283/1087/1540 1311/1038/1540 1358/1037/1540
f 1363/1042/1541 1366/1033/1541 1298/1036/1541 1267/1043/1541
f 1280/1075/1538 1326/1080/1542 1359/1132/1542 1309/1129/1539
f 1326/1080/1469 1279/1079/1468 1297/1133/1543 1359/1132/1543
f 1318/1134/167 1360/1029/1445 1303/1032/1448 1261/1115/167
f 1276/1117/167 1320/1068/167 1360/1029/1445 1318/1134/167
f 1320/1068/167 1277/1067/167 1308/1030/1446 1360/1029/1445
f 1308/1030/1544 1361/1025/1544 1291/1028/1544 1269/1031/1544
f 1277/1067/1545 1321/1072/1545 1361/1025/1545 1308/1030/1545
f 1321/1072/1461 1275/1071/1460 1294/1026/1442 1361/1025/1441
f 1309/1129/1546 1359/1132/1546 1366/1033/1546 1363/1042/1546
f 1322/1128/1547 1357/1127/1547 1365/1041/1547 1364/1126/1547
f 1357/1127/1548 1309/1129/1548 1363/1042/1548 1365/1041/1548
f 1359/1132/1549 1297/1133/1549 1362/1034/1549 1366/1033/1549
f 1717/1135/1550 1471/1136/1551 1372/1027/1551 1515/1137/1552
f 1716/1138/1553 1483/1139/1554 1379/1031/1555 1527/1140/1553
f 1715/1141/1556 1485/1142/1557 1380/1039/1558 1525/1143/1559
f 1714/1144/1560 1637/1145/1561 1374/1035/1561 1522/1146/1560
f 1713/1147/1562 1484/1148/1562 1378/1047/1562 1528/1149/1562
f 1712/1150/1563 1475/1151/1563 1376/1051/1563 1526/1152/1563
f 1711/1153/1564 1469/1154/1565 1370/1055/1566 1529/1155/1567
f 1710/1156/1568 1487/1157/1569 1383/1059/1570 1539/1158/1571
f 1709/1159/1572 1488/1160/1573 1384/1063/1574 1540/1161/1575
f 1708/1162/1576 1598/1065/1577 1427/1068/1578 1492/1163/1579
f 1707/1164/1580 1496/1165/1581 1390/1075/1582 1548/1166/1583
f 1706/1167/1584 1495/1168/1585 1389/1079/1586 1549/1169/1587
f 1705/1170/1588 1499/1171/1589 1391/1083/1589 1553/1172/1590
f 1704/1173/1591 1501/1174/1592 1393/1087/1593 1554/1175/1594
f 1703/1176/1595 1506/1177/1596 1396/1091/1597 1558/1178/1598
f 1702/1179/1599 1505/1180/1600 1395/1095/1601 1559/1181/1602
f 1701/1182/1603 1509/1183/1604 1397/1099/1605 1563/1184/1606
f 1700/1185/1607 1510/1186/1608 1398/1103/1609 1564/1187/1610
f 1699/1188/862 1565/1189/1611 1448/1104/1612 1513/1190/1613
f 1698/1191/1614 1566/1192/1615 1449/1101/1616 1567/1193/1617
f 1697/1194/1618 1561/1195/1619 1445/1102/1619 1568/1196/1620
f 1696/1197/1621 1569/1198/1622 1447/1100/1623 1512/1199/1624
f 1695/1200/1625 1570/1201/1626 1450/1097/1626 1571/1202/1625
f 1694/1203/1627 1560/1204/1628 1444/1098/1628 1572/1205/1627
f 1693/1206/1629 1573/1207/1630 1443/1096/1631 1508/1208/1632
f 1692/1209/1633 1574/1210/1634 1451/1093/1635 1575/1211/1636
f 1691/1212/1637 1556/1213/1638 1440/1094/1639 1576/1214/1640
f 1690/1215/1641 1577/1216/1641 1442/1092/1641 1507/1217/1641
f 1689/1218/1642 1578/1219/1643 1452/1089/1644 1579/1220/1645
f 1688/1221/1646 1557/1222/1647 1441/1090/1648 1580/1223/1649
f 1687/1224/1650 1581/1225/1651 1438/1088/1652 1503/1226/1653
f 1686/1227/1654 1582/1228/1655 1453/1085/1656 1583/1229/1657
f 1685/1230/1658 1552/1231/1659 1436/1086/1660 1584/1232/1661
f 1684/1233/1662 1585/1234/1663 1437/1084/1664 1502/1235/1665
f 1683/1236/1666 1586/1237/1667 1454/1081/1668 1587/1238/1669
f 1682/1239/1670 1550/1240/1671 1434/1082/1672 1588/1241/1673
f 1681/1242/1674 1589/1243/1675 1433/1080/1676 1498/1244/1677
f 1680/1245/1678 1590/1246/1679 1455/1077/1680 1591/1247/1681
f 1679/1248/1682 1546/1249/1683 1430/1078/1684 1592/1250/1685
f 1678/1251/1686 1593/1252/1687 1432/1076/1688 1497/1253/1689
f 1677/1254/1690 1594/1255/1691 1456/1073/1692 1595/1256/1693
f 1676/1257/1694 1547/1258/1695 1431/1074/1696 1596/1259/1697
f 1675/1260/1698 1541/1070/1699 1385/1071/1700 1545/1261/1701
f 1674/1262/1702 1543/1066/1703 1387/1067/1704 1544/1263/1705
f 1673/1264/1706 1599/1265/1707 1425/1064/1708 1490/1266/1709
f 1672/1267/1710 1600/1268/1711 1457/1061/1712 1601/1269/1713
f 1671/1270/1714 1538/1271/1714 1423/1062/1714 1602/1272/1714
f 1670/1273/1715 1603/1274/1716 1424/1060/1717 1489/1275/1718
f 1669/1276/1719 1604/1277/1719 1458/1057/1719 1605/1278/1719
f 1668/1279/1720 1537/1280/1720 1422/1058/1720 1606/1281/1720
f 1667/1282/1721 1607/1283/1722 1414/1056/1723 1480/1284/1724
f 1666/1285/1725 1608/1286/1726 1459/1053/1727 1609/1287/1728
f 1665/1288/1729 1516/1289/1730 1402/1054/1731 1610/1290/1732
f 1664/1291/1733 1611/1292/1733 1411/1052/1733 1477/1293/1733
f 1663/1294/1734 1612/1295/1735 1460/1049/1736 1613/1296/1737
f 1662/1297/1738 1524/1298/1739 1409/1050/1740 1614/1299/1741
f 1661/1300/1742 1615/1301/1742 1413/1048/1742 1479/1302/1742
f 1660/1303/1743 1616/1304/1744 1461/1045/1745 1617/1305/1746
f 1659/1306/1747 1534/1307/1748 1419/1046/1749 1618/1308/1750
f 1658/1309/1751 1638/1310/1752 1377/1043/1752 1531/1311/1753
f 1657/1312/1754 1619/1313/1755 1462/1127/1756 1620/1314/1757
f 1656/1315/1758 1533/1316/1758 1418/1129/1758 1621/1317/1758
f 1655/1318/1759 1622/1319/1760 1410/1040/1761 1476/1320/1761
f 1654/1321/1762 1623/1322/1762 1463/1037/1763 1624/1323/1763
f 1653/1324/1764 1535/1325/1765 1420/1038/1766 1625/1326/1767
f 1652/1327/1768 1640/1328/1769 1416/1044/1770 1482/1329/1771
f 1651/1330/1772 1626/1331/1773 1464/1132/1758 1627/1332/1758
f 1650/1333/1774 1521/1334/1775 1406/1133/1776 1628/1335/1777
f 1649/1336/1778 1629/1337/1779 1412/1032/1780 1478/1338/1781
f 1648/1339/1782 1630/1340/1783 1465/1029/1784 1631/1341/1785
f 1647/1342/1786 1532/1343/1787 1417/1030/1788 1632/1344/1789
f 1646/1345/1790 1633/1346/1791 1401/1028/1792 1468/1347/1793
f 1645/1348/1794 1634/1349/1795 1466/1025/1796 1635/1350/1797
f 1644/1351/1700 1518/1352/1700 1404/1026/1795 1636/1353/1795
f 1643/1354/1798 1641/1355/1799 1407/1036/1799 1473/1356/1798
f 1642/1357/1800 1597/1069/1801 1428/1072/1802 1493/1358/1803
f 1543/1066/1703 1642/1357/1800 1493/1358/1803 1387/1067/1704
f 1378/1047/1702 1477/1293/1702 1642/1357/1800 1543/1066/1703
f 1477/1293/1702 1411/1052/1804 1597/1069/1801 1642/1357/1800
f 1638/1310/1752 1643/1354/1798 1473/1356/1798 1377/1043/1752
f 1418/1129/1805 1627/1332/1806 1643/1354/1806 1638/1310/1807
f 1627/1332/1806 1464/1132/1808 1641/1355/1808 1643/1354/1806
f 1634/1349/1795 1644/1351/1700 1636/1353/1795 1466/1025/1796
f 1428/1072/1802 1545/1261/1701 1644/1351/1700 1634/1349/1795
f 1545/1261/1701 1385/1071/1700 1518/1352/1700 1644/1351/1700
f 1532/1343/1787 1645/1348/1794 1635/1350/1797 1417/1030/1788
f 1387/1067/1704 1493/1358/1803 1645/1348/1794 1532/1343/1787
f 1493/1358/1803 1428/1072/1802 1634/1349/1795 1645/1348/1794
f 1483/1139/1554 1646/1345/1790 1468/1347/1793 1379/1031/1555
f 1417/1030/1788 1635/1350/1797 1646/1345/1809 1483/1139/1810
f 1635/1350/1797 1466/1025/1796 1633/1346/1811 1646/1345/1809
f 1630/1340/1783 1647/1342/1786 1632/1344/1812 1465/1029/1812
f 1427/1068/1578 1544/1263/1705 1647/1342/1786 1630/1340/1783
f 1544/1263/1705 1387/1067/1704 1532/1343/1787 1647/1342/1786
f 1491/1359/1813 1648/1339/1782 1631/1341/1785 1426/1134/1813
f 1386/1117/1814 1492/1163/1579 1648/1339/1782 1491/1359/1813
f 1492/1163/1579 1427/1068/1578 1630/1340/1783 1648/1339/1782
f 1542/1360/1815 1649/1336/1778 1478/1338/1781 1371/1115/1816
f 1426/1134/1817 1631/1341/1818 1649/1336/1778 1542/1360/1815
f 1631/1341/1818 1465/1029/1819 1629/1337/1820 1649/1336/1778
f 1626/1331/1773 1650/1333/1774 1628/1335/1777 1464/1132/1758
f 1433/1080/1676 1549/1169/1587 1650/1333/1774 1626/1331/1773
f 1549/1169/1587 1389/1079/1586 1521/1334/1775 1650/1333/1774
f 1533/1316/1758 1651/1330/1772 1627/1332/1758 1418/1129/1758
f 1390/1075/1582 1498/1244/1677 1651/1330/1772 1533/1316/1758
f 1498/1244/1677 1433/1080/1676 1626/1331/1773 1651/1330/1772
f 1639/1361/1821 1652/1327/1768 1482/1329/1771 1375/1110/1821
f 1429/1128/1822 1620/1314/1823 1652/1327/1824 1639/1361/1822
f 1620/1314/1823 1462/1127/1825 1640/1328/1825 1652/1327/1824
f 1623/1322/1762 1653/1324/1764 1625/1326/1767 1463/1037/1763
f 1438/1088/1826 1554/1175/1827 1653/1324/1828 1623/1322/1826
f 1554/1175/1827 1393/1087/1829 1535/1325/1830 1653/1324/1828
f 1500/1362/1762 1654/1321/1762 1624/1323/1763 1435/1130/1831
f 1392/1112/1832 1503/1226/1833 1654/1321/1833 1500/1362/1832
f 1503/1226/1833 1438/1088/1826 1623/1322/1826 1654/1321/1833
f 1551/1363/1759 1655/1318/1759 1476/1320/1761 1369/1131/1761
f 1435/1130/1831 1624/1323/1763 1655/1318/1759 1551/1363/1759
f 1624/1323/1763 1463/1037/1763 1622/1319/1760 1655/1318/1759
f 1619/1313/1755 1656/1315/1758 1621/1317/1758 1462/1127/1756
f 1432/1076/1688 1548/1166/1583 1656/1315/1758 1619/1313/1755
f 1548/1166/1583 1390/1075/1582 1533/1316/1758 1656/1315/1758
f 1494/1364/1834 1657/1312/1754 1620/1314/1757 1429/1128/1835
f 1388/1114/1836 1497/1253/1689 1657/1312/1754 1494/1364/1834
f 1497/1253/1689 1432/1076/1688 1619/1313/1755 1657/1312/1754
f 1640/1328/1769 1658/1309/1751 1531/1311/1753 1416/1044/1770
f 1462/1127/1825 1621/1317/1837 1658/1309/1837 1640/1328/1825
f 1621/1317/1837 1418/1129/1805 1638/1310/1807 1658/1309/1837
f 1616/1304/1744 1659/1306/1747 1618/1308/1750 1461/1045/1745
f 1448/1104/1612 1564/1187/1610 1659/1306/1747 1616/1304/1744
f 1564/1187/1610 1398/1103/1609 1534/1307/1748 1659/1306/1747
f 1511/1365/1838 1660/1303/1743 1617/1305/1746 1446/1125/1839
f 1399/1106/1840 1513/1190/1613 1660/1303/1743 1511/1365/1838
f 1513/1190/1613 1448/1104/1612 1616/1304/1744 1660/1303/1743
f 1562/1366/1841 1661/1300/1841 1479/1302/1841 1373/1118/1841
f 1446/1125/1839 1617/1305/1746 1661/1300/1842 1562/1366/1843
f 1617/1305/1746 1461/1045/1745 1615/1301/1844 1661/1300/1842
f 1612/1295/1735 1662/1297/1738 1614/1299/1741 1460/1049/1736
f 1447/1100/1623 1563/1184/1606 1662/1297/1738 1612/1295/1735
f 1563/1184/1606 1397/1099/1605 1524/1298/1739 1662/1297/1738
f 1534/1307/1748 1663/1294/1734 1613/1296/1737 1419/1046/1749
f 1398/1103/1609 1512/1199/1624 1663/1294/1734 1534/1307/1748
f 1512/1199/1624 1447/1100/1623 1612/1295/1735 1663/1294/1734
f 1484/1148/1845 1664/1291/1845 1477/1293/1845 1378/1047/1845
f 1419/1046/1749 1613/1296/1737 1664/1291/1846 1484/1148/1847
f 1613/1296/1737 1460/1049/1736 1611/1292/1848 1664/1291/1846
f 1608/1286/1726 1665/1288/1729 1610/1290/1732 1459/1053/1727
f 1437/1084/1849 1553/1172/1850 1665/1288/1851 1608/1286/1852
f 1553/1172/1850 1391/1083/1853 1516/1289/1853 1665/1288/1851
f 1535/1325/1765 1666/1285/1725 1609/1287/1728 1420/1038/1766
f 1393/1087/1829 1502/1235/1854 1666/1285/1855 1535/1325/1830
f 1502/1235/1854 1437/1084/1849 1608/1286/1852 1666/1285/1855
f 1485/1142/1557 1667/1282/1721 1480/1284/1724 1380/1039/1558
f 1420/1038/1766 1609/1287/1728 1667/1282/1721 1485/1142/1557
f 1609/1287/1728 1459/1053/1727 1607/1283/1722 1667/1282/1721
f 1604/1277/1856 1668/1279/1856 1606/1281/1856 1458/1057/1856
f 1405/1123/1857 1472/1367/1857 1668/1279/1857 1604/1277/1857
f 1472/1367/1858 1368/1124/1858 1537/1280/1858 1668/1279/1858
f 1538/1271/1859 1669/1276/1859 1605/1278/1859 1423/1062/1859
f 1381/1122/1860 1520/1368/1860 1669/1276/1860 1538/1271/1860
f 1520/1368/1861 1405/1123/1861 1604/1277/1861 1669/1276/1861
f 1488/1160/1573 1670/1273/1715 1489/1275/1718 1384/1063/1574
f 1423/1062/1862 1605/1278/1863 1670/1273/1715 1488/1160/1573
f 1605/1278/1863 1458/1057/1864 1603/1274/1716 1670/1273/1715
f 1600/1268/1711 1671/1270/1865 1602/1272/1865 1457/1061/1712
f 1415/1121/1866 1481/1369/1866 1671/1270/1866 1600/1268/1866
f 1481/1369/1867 1381/1122/1867 1538/1271/1867 1671/1270/1867
f 1467/1370/1868 1672/1267/1710 1601/1269/1713 1400/1119/1869
f 1367/1120/1870 1530/1371/1870 1672/1267/1710 1467/1370/1868
f 1530/1371/1871 1415/1121/1871 1600/1268/1871 1672/1267/1871
f 1514/1372/1872 1673/1264/1706 1490/1266/1709 1382/1107/1873
f 1400/1119/1872 1601/1269/1874 1673/1264/1706 1514/1372/1872
f 1601/1269/1874 1457/1061/1875 1599/1265/1707 1673/1264/1706
f 1598/1065/1577 1674/1262/1702 1544/1263/1705 1427/1068/1578
f 1413/1048/1702 1528/1149/1702 1674/1262/1702 1598/1065/1577
f 1528/1149/1702 1378/1047/1702 1543/1066/1703 1674/1262/1702
f 1597/1069/1801 1675/1260/1698 1545/1261/1701 1428/1072/1802
f 1411/1052/1804 1526/1152/1876 1675/1260/1698 1597/1069/1801
f 1526/1152/1876 1376/1051/1877 1541/1070/1699 1675/1260/1698
f 1594/1255/1691 1676/1257/1694 1596/1259/1697 1456/1073/1692
f 1412/1032/1878 1527/1140/1879 1676/1257/1880 1594/1255/1881
f 1527/1140/1879 1379/1031/1882 1547/1258/1883 1676/1257/1880
f 1470/1373/1690 1677/1254/1690 1595/1256/1693 1403/1113/1884
f 1371/1115/1885 1478/1338/1886 1677/1254/1887 1470/1373/1885
f 1478/1338/1886 1412/1032/1878 1594/1255/1881 1677/1254/1887
f 1517/1374/1888 1678/1251/1686 1497/1253/1689 1388/1114/1836
f 1403/1113/1884 1595/1256/1693 1678/1251/1686 1517/1374/1888
f 1595/1256/1693 1456/1073/1692 1593/1252/1687 1678/1251/1686
f 1590/1246/1679 1679/1248/1682 1592/1250/1685 1455/1077/1680
f 1401/1028/1889 1515/1137/1890 1679/1248/1682 1590/1246/1891
f 1515/1137/1890 1372/1027/1892 1546/1249/1683 1679/1248/1682
f 1547/1258/1695 1680/1245/1678 1591/1247/1681 1431/1074/1696
f 1379/1031/1882 1468/1347/1893 1680/1245/1894 1547/1258/1883
f 1468/1347/1893 1401/1028/1889 1590/1246/1891 1680/1245/1894
f 1496/1165/1581 1681/1242/1674 1498/1244/1677 1390/1075/1582
f 1431/1074/1696 1591/1247/1681 1681/1242/1674 1496/1165/1581
f 1591/1247/1681 1455/1077/1680 1589/1243/1675 1681/1242/1674
f 1586/1237/1667 1682/1239/1670 1588/1241/1673 1454/1081/1668
f 1443/1096/1895 1559/1181/1896 1682/1239/1896 1586/1237/1897
f 1559/1181/1898 1395/1095/1898 1550/1240/1898 1682/1239/1898
f 1552/1231/1659 1683/1236/1666 1587/1238/1669 1436/1086/1660
f 1396/1091/1899 1508/1208/1900 1683/1236/1901 1552/1231/1659
f 1508/1208/1900 1443/1096/1895 1586/1237/1897 1683/1236/1901
f 1501/1174/1592 1684/1233/1662 1502/1235/1665 1393/1087/1593
f 1436/1086/1660 1587/1238/1669 1684/1233/1902 1501/1174/1903
f 1587/1238/1669 1454/1081/1668 1585/1234/1904 1684/1233/1902
f 1582/1228/1655 1685/1230/1658 1584/1232/1661 1453/1085/1656
f 1442/1092/1905 1558/1178/1906 1685/1230/1658 1582/1228/1655
f 1558/1178/1906 1396/1091/1899 1552/1231/1659 1685/1230/1658
f 1504/1375/1907 1686/1227/1654 1583/1229/1657 1439/1111/1908
f 1394/1109/1909 1507/1217/1910 1686/1227/1654 1504/1375/1907
f 1507/1217/1910 1442/1092/1905 1582/1228/1655 1686/1227/1654
f 1555/1376/1911 1687/1224/1650 1503/1226/1653 1392/1112/1911
f 1439/1111/1908 1583/1229/1657 1687/1224/1912 1555/1376/1913
f 1583/1229/1657 1453/1085/1656 1581/1225/1656 1687/1224/1912
f 1578/1219/1643 1688/1221/1646 1580/1223/1649 1452/1089/1644
f 1416/1044/1914 1531/1311/1915 1688/1221/1646 1578/1219/1643
f 1531/1311/1915 1377/1043/1916 1557/1222/1647 1688/1221/1646
f 1474/1377/1917 1689/1218/1642 1579/1220/1645 1408/1108/1918
f 1375/1110/1919 1482/1329/1920 1689/1218/1642 1474/1377/1917
f 1482/1329/1920 1416/1044/1914 1578/1219/1643 1689/1218/1642
f 1523/1378/1921 1690/1215/1921 1507/1217/1921 1394/1109/1921
f 1408/1108/1918 1579/1220/1645 1690/1215/142 1523/1378/142
f 1579/1220/1645 1452/1089/1644 1577/1216/142 1690/1215/142
f 1574/1210/1634 1691/1212/1637 1576/1214/1640 1451/1093/1635
f 1407/1036/1922 1522/1146/1923 1691/1212/1637 1574/1210/1634
f 1522/1146/1923 1374/1035/1924 1556/1213/1638 1691/1212/1637
f 1557/1222/1647 1692/1209/1633 1575/1211/1636 1441/1090/1648
f 1377/1043/1916 1473/1356/1925 1692/1209/1633 1557/1222/1647
f 1473/1356/1925 1407/1036/1922 1574/1210/1634 1692/1209/1633
f 1506/1177/1596 1693/1206/1629 1508/1208/1632 1396/1091/1597
f 1441/1090/1648 1575/1211/1636 1693/1206/1926 1506/1177/1927
f 1575/1211/1636 1451/1093/1635 1573/1207/1630 1693/1206/1926
f 1570/1201/1626 1694/1203/1627 1572/1205/1627 1450/1097/1626
f 1424/1060/1717 1539/1158/1571 1694/1203/1928 1570/1201/1929
f 1539/1158/1571 1383/1059/1570 1560/1204/1930 1694/1203/1928
f 1561/1195/1619 1695/1200/1625 1571/1202/1625 1445/1102/1619
f 1384/1063/1574 1489/1275/1718 1695/1200/1931 1561/1195/1932
f 1489/1275/1718 1424/1060/1717 1570/1201/1929 1695/1200/1931
f 1510/1186/1608 1696/1197/1621 1512/1199/1624 1398/1103/1609
f 1445/1102/1933 1571/1202/1934 1696/1197/1621 1510/1186/1608
f 1571/1202/1934 1450/1097/1935 1569/1198/1622 1696/1197/1621
f 1566/1192/1615 1697/1194/1618 1568/1196/1620 1449/1101/1616
f 1425/1064/1708 1540/1161/1575 1697/1194/1936 1566/1192/1937
f 1540/1161/1575 1384/1063/1574 1561/1195/1932 1697/1194/1936
f 1486/1379/1938 1698/1191/1614 1567/1193/1617 1421/1105/1938
f 1382/1107/1873 1490/1266/1709 1698/1191/1939 1486/1379/1940
f 1490/1266/1709 1425/1064/1708 1566/1192/1937 1698/1191/1939
f 1536/1380/1941 1699/1188/862 1513/1190/1613 1399/1106/1840
f 1421/1105/862 1567/1193/1942 1699/1188/862 1536/1380/1941
f 1567/1193/1942 1449/1101/1943 1565/1189/1611 1699/1188/862
f 1565/1189/1611 1700/1185/1607 1564/1187/1610 1448/1104/1612
f 1449/1101/1943 1568/1196/1944 1700/1185/1607 1565/1189/1611
f 1568/1196/1944 1445/1102/1933 1510/1186/1608 1700/1185/1607
f 1569/1198/1622 1701/1182/1603 1563/1184/1606 1447/1100/1623
f 1450/1097/1935 1572/1205/1945 1701/1182/1603 1569/1198/1622
f 1572/1205/1945 1444/1098/864 1509/1183/1604 1701/1182/1603
f 1573/1207/1630 1702/1179/1599 1559/1181/1602 1443/1096/1631
f 1451/1093/1635 1576/1214/1640 1702/1179/1599 1573/1207/1630
f 1576/1214/1640 1440/1094/1639 1505/1180/1600 1702/1179/1599
f 1577/1216/1946 1703/1176/1595 1558/1178/1598 1442/1092/1946
f 1452/1089/1644 1580/1223/1649 1703/1176/1947 1577/1216/142
f 1580/1223/1649 1441/1090/1648 1506/1177/1927 1703/1176/1947
f 1581/1225/1651 1704/1173/1591 1554/1175/1594 1438/1088/1652
f 1453/1085/1656 1584/1232/1661 1704/1173/1948 1581/1225/1656
f 1584/1232/1661 1436/1086/1660 1501/1174/1903 1704/1173/1948
f 1585/1234/1663 1705/1170/1588 1553/1172/1590 1437/1084/1664
f 1454/1081/1668 1588/1241/1673 1705/1170/1949 1585/1234/1904
f 1588/1241/1673 1434/1082/1672 1499/1171/1950 1705/1170/1949
f 1589/1243/1675 1706/1167/1584 1549/1169/1587 1433/1080/1676
f 1455/1077/1680 1592/1250/1685 1706/1167/1584 1589/1243/1675
f 1592/1250/1685 1430/1078/1684 1495/1168/1585 1706/1167/1584
f 1593/1252/1687 1707/1164/1580 1548/1166/1583 1432/1076/1688
f 1456/1073/1692 1596/1259/1697 1707/1164/1580 1593/1252/1687
f 1596/1259/1697 1431/1074/1696 1496/1165/1581 1707/1164/1580
f 1519/1116/1951 1708/1162/1576 1492/1163/1579 1386/1117/1814
f 1373/1118/1952 1479/1302/1953 1708/1162/1576 1519/1116/1951
f 1479/1302/1953 1413/1048/1702 1598/1065/1577 1708/1162/1576
f 1599/1265/1707 1709/1159/1572 1540/1161/1575 1425/1064/1708
f 1457/1061/1875 1602/1272/1954 1709/1159/1572 1599/1265/1707
f 1602/1272/1954 1423/1062/1862 1488/1160/1573 1709/1159/1572
f 1603/1274/1716 1710/1156/1568 1539/1158/1571 1424/1060/1717
f 1458/1057/1864 1606/1281/1955 1710/1156/1568 1603/1274/1716
f 1606/1281/1955 1422/1058/1956 1487/1157/1569 1710/1156/1568
f 1607/1283/1722 1711/1153/1564 1529/1155/1567 1414/1056/1723
f 1459/1053/1727 1610/1290/1732 1711/1153/1564 1607/1283/1722
f 1610/1290/1732 1402/1054/1731 1469/1154/1565 1711/1153/1564
f 1611/1292/1957 1712/1150/1957 1526/1152/1957 1411/1052/1957
f 1460/1049/1736 1614/1299/1741 1712/1150/1958 1611/1292/1848
f 1614/1299/1741 1409/1050/1740 1475/1151/1959 1712/1150/1958
f 1615/1301/1960 1713/1147/1960 1528/1149/1960 1413/1048/1960
f 1461/1045/1745 1618/1308/1750 1713/1147/1961 1615/1301/1844
f 1618/1308/1750 1419/1046/1749 1484/1148/1847 1713/1147/1961
f 1641/1355/1799 1714/1144/1560 1522/1146/1560 1407/1036/1799
f 1464/1132/1808 1628/1335/1962 1714/1144/1962 1641/1355/1808
f 1628/1335/1962 1406/1133/1963 1637/1145/1963 1714/1144/1962
f 1622/1319/1760 1715/1141/1556 1525/1143/1559 1410/1040/1761
f 1463/1037/1763 1625/1326/1767 1715/1141/1556 1622/1319/1760
f 1625/1326/1767 1420/1038/1766 1485/1142/1557 1715/1141/1556
f 1629/1337/1779 1716/1138/1553 1527/1140/1553 1412/1032/1780
f 1465/1029/1819 1632/1344/1789 1716/1138/1964 1629/1337/1820
f 1632/1344/1789 1417/1030/1788 1483/1139/1810 1716/1138/1964
f 1633/1346/1791 1717/1135/1550 1515/1137/1552 1401/1028/1792
f 1466/1025/1796 1636/1353/1965 1717/1135/1966 1633/1346/1811
f 1636/1353/1965 1404/1026/1967 1471/1136/1967 1717/1135/1966
f 2068/1381/1968 1822/1382/1969 1723/1383/1969 1866/1384/1970
f 2067/1385/1971 1834/1386/1971 1730/1387/1971 1878/1388/1971
f 2066/1389/1972 1836/1390/1973 1731/1391/1974 1876/1392/1975
f 2065/1393/1976 1988/1394/1977 1725/1395/1977 1873/1396/1978
f 2064/1397/1979 1835/1398/1979 1729/1399/1979 1879/1400/1979
f 2063/1401/1980 1826/1402/1980 1727/1403/1980 1877/1404/1981
f 2062/1405/1982 1820/1406/1982 1721/1407/1982 1880/1408/1982
f 2077/1409/1983 2069/1410/1984 1734/1411/1984 1890/1412/1983
f 2076/1413/1985 2070/1414/1986 1735/1415/1986 1891/1416/1985
f 2059/1417/1987 1949/1418/1988 1778/1419/1989 1843/1420/1989
f 2058/1421/1990 1847/1422/1991 1741/1423/1992 1899/1424/1993
f 2057/1425/1994 1846/1426/1995 1740/1427/1996 1900/1428/1997
f 2056/1429/1998 1850/1430/1999 1742/1431/2000 1904/1432/2000
f 2055/1433/2001 1852/1434/2002 1744/1435/2003 1905/1436/2004
f 2054/1437/2005 1857/1438/2005 1747/1439/2005 1909/1440/2005
f 2053/1441/2006 1856/1442/2007 1746/1443/2008 1910/1444/2009
f 2052/1445/2010 1860/1446/2011 1748/1447/2012 1914/1448/2013
f 2051/1449/2014 1861/1450/2015 1749/1451/2016 1915/1452/2017
f 2050/1453/2018 1916/1454/2019 1799/1455/2020 1864/1456/2021
f 2086/1457/2022 2080/1458/2022 1800/1459/2022 1918/1460/2022
f 2085/1461/2023 2079/1462/2024 1796/1463/2025 1919/1464/2026
f 2047/1465/2027 1920/1466/2028 1798/1467/2029 1863/1468/2030
f 2084/1469/2031 2081/1470/2032 1801/1471/2033 1922/1472/2034
f 2083/1473/2035 2078/1474/2036 1795/1475/2037 1923/1476/2038
f 2044/1477/2039 1924/1478/2040 1794/1479/2041 1859/1480/2042
f 2043/1481/2043 1925/1482/2044 1802/1483/2045 1926/1484/2046
f 2042/1485/2047 1907/1486/2048 1791/1487/2049 1927/1488/2050
f 2041/1489/2051 1928/1490/2052 1793/1491/2053 1858/1492/2053
f 2040/1493/2054 1929/1494/2055 1803/1495/2056 1930/1496/2057
f 2039/1497/2058 1908/1498/2058 1792/1499/2059 1931/1500/2060
f 2038/1501/2061 1932/1502/2061 1789/1503/2061 1854/1504/2061
f 2037/1505/2062 1933/1506/2063 1804/1507/2062 1934/1508/2064
f 2036/1509/2065 1903/1510/2066 1787/1511/2067 1935/1512/2065
f 2035/1513/2068 1936/1514/2069 1788/1515/2070 1853/1516/2071
f 2034/1517/2072 1937/1518/2072 1805/1519/2072 1938/1520/2072
f 2033/1521/2073 1901/1522/2073 1785/1523/2073 1939/1524/2073
f 2032/1525/2074 1940/1526/2074 1784/1527/2074 1849/1528/2074
f 2031/1529/2075 1941/1530/2076 1806/1531/2077 1942/1532/2078
f 2030/1533/2079 1897/1534/2080 1781/1535/2077 1943/1536/2081
f 2029/1537/2082 1944/1538/2083 1783/1539/2084 1848/1540/2085
f 2028/1541/2086 1945/1542/2087 1807/1543/2088 1946/1544/2086
f 2027/1545/2089 1898/1546/2090 1782/1547/2090 1947/1548/2091
f 2026/1549/2092 1892/1550/2093 1736/1551/2094 1896/1552/2095
f 2025/1553/2096 1894/1554/2096 1738/1555/2096 1895/1556/2096
f 2075/1557/2097 2071/1558/2098 1776/1559/2098 1841/1560/2099
f 2023/1561/2100 1951/1562/2100 1808/1563/2101 1952/1564/2102
f 2022/1565/2103 1889/1566/2103 1774/1567/2104 1953/1568/2103
f 2074/1569/2105 2072/1570/2106 1775/1571/2107 1840/1572/2105
f 2020/1573/2103 1955/1574/2108 1809/1575/2109 1956/1576/2110
f 2019/1577/2111 1888/1578/2112 1773/1579/2113 1957/1580/2113
f 2018/1581/2114 1958/1582/2115 1765/1583/2116 1831/1584/2117
f 2017/1585/2118 1959/1586/2118 1810/1587/2118 1960/1588/2118
f 2016/1589/2119 1867/1590/2120 1753/1591/2121 1961/1592/2121
f 2015/1593/2122 1962/1594/1980 1762/1595/2123 1828/1596/2124
f 2014/1597/2125 1963/1598/2126 1811/1599/2127 1964/1600/2128
f 2013/1601/2129 1875/1602/2130 1760/1603/2130 1965/1604/2131
f 2012/1605/2132 1966/1606/2133 1764/1607/2133 1830/1608/2134
f 2011/1609/2135 1967/1610/2136 1812/1611/2137 1968/1612/2138
f 2010/1613/2139 1885/1614/2140 1770/1615/2141 1969/1616/2141
f 2009/1617/2142 1989/1618/2142 1728/1619/2142 1882/1620/2142
f 2008/1621/2143 1970/1622/2144 1813/1623/2144 1971/1624/2145
f 2007/1625/2146 1884/1626/2147 1769/1627/2147 1972/1628/2148
f 2006/1629/2149 1973/1630/2150 1761/1631/2151 1827/1632/2151
f 2005/1633/2152 1974/1634/2152 1814/1635/2152 1975/1636/2152
f 2004/1637/2153 1886/1638/2153 1771/1639/2153 1976/1640/2153
f 2003/1641/2154 1991/1642/2155 1767/1643/2155 1833/1644/2156
f 2002/1645/2157 1977/1646/2157 1815/1647/2157 1978/1648/2157
f 2001/1649/2158 1872/1650/2159 1757/1651/2160 1979/1652/2161
f 2000/1653/2162 1980/1654/2162 1763/1655/2162 1829/1656/2162
f 1999/1657/2163 1981/1658/2164 1816/1659/2165 1982/1660/2166
f 1998/1661/2167 1883/1662/2168 1768/1663/2168 1983/1664/2169
f 1997/1665/2170 1984/1666/2171 1752/1667/2172 1819/1668/2170
f 1996/1669/2173 1985/1670/2174 1817/1671/2175 1986/1672/2176
f 1995/1673/2177 1869/1674/2178 1755/1675/2179 1987/1676/2180
f 1994/1677/2181 1992/1678/2182 1758/1679/2183 1824/1680/2181
f 1993/1681/2184 1948/1682/2185 1779/1683/2186 1844/1684/2187
f 1894/1554/2188 1993/1681/2188 1844/1684/2188 1738/1555/2188
f 1729/1399/2189 1828/1596/2124 1993/1681/2184 1894/1554/2190
f 1828/1596/2124 1762/1595/2123 1948/1682/2185 1993/1681/2184
f 1989/1618/2191 1994/1677/2191 1824/1680/2191 1728/1619/2191
f 1769/1627/2192 1978/1648/2192 1994/1677/2192 1989/1618/2192
f 1978/1648/2193 1815/1647/2194 1992/1678/2193 1994/1677/2193
f 1985/1670/2174 1995/1673/2177 1987/1676/2180 1817/1671/2175
f 1779/1683/2186 1896/1552/2095 1995/1673/2195 1985/1670/2187
f 1896/1552/2095 1736/1551/2094 1869/1674/2196 1995/1673/2195
f 1883/1662/2197 1996/1669/2197 1986/1672/2197 1768/1663/2197
f 1738/1555/2198 1844/1684/2198 1996/1669/2198 1883/1662/2198
f 1844/1684/2187 1779/1683/2186 1985/1670/2187 1996/1669/2187
f 1834/1386/2199 1997/1665/2199 1819/1668/2199 1730/1387/2199
f 1768/1663/2200 1986/1672/2200 1997/1665/2200 1834/1386/2200
f 1986/1672/2176 1817/1671/2175 1984/1666/2201 1997/1665/2202
f 1981/1658/2164 1998/1661/2167 1983/1664/2169 1816/1659/2165
f 1778/1419/1989 1895/1556/1989 1998/1661/1989 1981/1658/1989
f 1895/1556/1989 1738/1555/1989 1883/1662/1989 1998/1661/1989
f 1842/1685/2203 1999/1657/2163 1982/1660/2166 1777/1686/2204
f 1737/1687/1989 1843/1420/1989 1999/1657/1989 1842/1685/1989
f 1843/1420/1989 1778/1419/1989 1981/1658/1989 1999/1657/1989
f 1893/1688/2205 2000/1653/2205 1829/1656/2205 1722/1689/2205
f 1777/1686/2204 1982/1660/2166 2000/1653/2206 1893/1688/2206
f 1982/1660/2207 1816/1659/2208 1980/1654/2209 2000/1653/2207
f 1977/1646/2210 2001/1649/2158 1979/1652/2161 1815/1647/2194
f 1784/1527/2211 1900/1428/1997 2001/1649/2158 1977/1646/2210
f 1900/1428/1997 1740/1427/1996 1872/1650/2159 2001/1649/2158
f 1884/1626/2212 2002/1645/2212 1978/1648/2212 1769/1627/2212
f 1741/1423/1992 1849/1528/2147 2002/1645/2147 1884/1626/2147
f 1849/1528/2213 1784/1527/2213 1977/1646/2213 2002/1645/2213
f 1990/1690/2214 2003/1641/2154 1833/1644/2156 1726/1691/2214
f 1780/1692/2215 1971/1624/2216 2003/1641/2216 1990/1690/2215
f 1971/1624/2216 1813/1623/2217 1991/1642/2218 2003/1641/2216
f 1974/1634/2103 2004/1637/2103 1976/1640/2219 1814/1635/2110
f 1789/1503/2220 1905/1436/2221 2004/1637/2222 1974/1634/2220
f 1905/1436/2221 1744/1435/2223 1886/1638/2224 2004/1637/2222
f 1851/1693/2100 2005/1633/2100 1975/1636/2102 1786/1694/2225
f 1743/1695/2226 1854/1504/2226 2005/1633/2226 1851/1693/2226
f 1854/1504/2227 1789/1503/2227 1974/1634/2227 2005/1633/2227
f 1902/1696/2228 2006/1629/2228 1827/1632/2228 1720/1697/2228
f 1786/1694/2225 1975/1636/2102 2006/1629/2229 1902/1696/2229
f 1975/1636/2230 1814/1635/2230 1973/1630/2150 2006/1629/2149
f 1970/1622/2231 2007/1625/2146 1972/1628/2148 1813/1623/2232
f 1783/1539/2084 1899/1424/1993 2007/1625/2146 1970/1622/2231
f 1899/1424/1993 1741/1423/1992 1884/1626/2147 2007/1625/2146
f 1845/1698/2233 2008/1621/2143 1971/1624/2145 1780/1692/2233
f 1739/1699/2234 1848/1540/2085 2008/1621/2147 1845/1698/2147
f 1848/1540/2085 1783/1539/2084 1970/1622/2231 2008/1621/2147
f 1991/1642/2155 2009/1617/2235 1882/1620/2235 1767/1643/2155
f 1813/1623/2217 1972/1628/2236 2009/1617/2236 1991/1642/2218
f 1972/1628/2237 1769/1627/2237 1989/1618/2237 2009/1617/2237
f 1967/1610/2238 2010/1613/2238 1969/1616/2238 1812/1611/2238
f 1799/1455/2239 1915/1452/2239 2010/1613/2239 1967/1610/2239
f 1915/1452/2017 1749/1451/2016 1885/1614/2140 2010/1613/2139
f 1862/1700/2240 2011/1609/2135 1968/1612/2138 1797/1701/2241
f 1750/1702/2242 1864/1456/2021 2011/1609/2135 1862/1700/2240
f 1864/1456/2021 1799/1455/2020 1967/1610/2136 2011/1609/2135
f 1913/1703/2243 2012/1605/2132 1830/1608/2134 1724/1704/2243
f 1797/1701/2244 1968/1612/2244 2012/1605/2244 1913/1703/2244
f 1968/1612/2245 1812/1611/2245 1966/1606/2245 2012/1605/2245
f 1963/1598/2126 2013/1601/2129 1965/1604/2131 1811/1599/2127
f 1798/1467/2029 1914/1448/2013 2013/1601/2246 1963/1598/2247
f 1914/1448/2013 1748/1447/2012 1875/1602/2248 2013/1601/2246
f 1885/1614/2249 2014/1597/2125 1964/1600/2128 1770/1615/2249
f 1749/1451/2016 1863/1468/2030 2014/1597/2250 1885/1614/2140
f 1863/1468/2030 1798/1467/2029 1963/1598/2247 2014/1597/2250
f 1835/1398/2122 2015/1593/2122 1828/1596/2124 1729/1399/2189
f 1770/1615/2251 1964/1600/2251 2015/1593/2251 1835/1398/2251
f 1964/1600/2252 1811/1599/2252 1962/1594/2252 2015/1593/2252
f 1959/1586/2253 2016/1589/2119 1961/1592/2121 1810/1587/2254
f 1788/1515/2255 1904/1432/2255 2016/1589/2255 1959/1586/2255
f 1904/1432/2256 1742/1431/2256 1867/1590/2256 2016/1589/2256
f 1886/1638/2257 2017/1585/2257 1960/1588/2257 1771/1639/2257
f 1744/1435/2223 1853/1516/2258 2017/1585/2259 1886/1638/2224
f 1853/1516/2258 1788/1515/2260 1959/1586/2260 2017/1585/2259
f 1836/1390/1973 2018/1581/2114 1831/1584/2117 1731/1391/1974
f 1771/1639/2261 1960/1588/2261 2018/1581/2261 1836/1390/2261
f 1960/1588/2262 1810/1587/2262 1958/1582/2262 2018/1581/2262
f 1955/1574/2108 2019/1577/2111 1957/1580/2113 1809/1575/2109
f 1756/1705/2263 1823/1706/2264 2019/1577/2265 1955/1574/2266
f 1823/1706/2264 1719/1707/2267 1888/1578/2267 2019/1577/2265
f 1889/1566/2103 2020/1573/2103 1956/1576/2110 1774/1567/2104
f 1732/1708/2268 1871/1709/2269 2020/1573/2270 1889/1566/2271
f 1871/1709/2269 1756/1705/2263 1955/1574/2266 2020/1573/2270
f 2070/1414/1986 2074/1569/2105 1840/1572/2105 1735/1415/1986
f 1774/1567/2104 1956/1576/2110 2021/1710/2272 1839/1711/2273
f 1956/1576/2110 1809/1575/2109 1954/1712/2274 2021/1710/2272
f 1951/1562/2275 2022/1565/2275 1953/1568/2275 1808/1563/2275
f 1766/1713/2276 1832/1714/2276 2022/1565/2276 1951/1562/2276
f 1832/1714/2277 1732/1708/2268 1889/1566/2271 2022/1565/2277
f 1818/1715/2100 2023/1561/2100 1952/1564/2102 1751/1716/2278
f 1718/1717/2279 1881/1718/2279 2023/1561/2279 1818/1715/2279
f 1881/1718/2280 1766/1713/2280 1951/1562/2280 2023/1561/2280
f 2073/1719/2281 2075/1557/2097 1841/1560/2099 1733/1720/2282
f 1751/1716/2278 1952/1564/2102 2024/1721/2283 1865/1722/2283
f 1952/1564/2102 1808/1563/2101 1950/1723/2283 2024/1721/2283
f 1949/1418/1988 2025/1553/1989 1895/1556/1989 1778/1419/1989
f 1764/1607/2284 1879/1400/1989 2025/1553/1989 1949/1418/1988
f 1879/1400/2285 1729/1399/2285 1894/1554/2285 2025/1553/2285
f 1948/1682/2185 2026/1549/2092 1896/1552/2095 1779/1683/2186
f 1762/1595/2123 1877/1404/1981 2026/1549/2092 1948/1682/2185
f 1877/1404/1981 1727/1403/1980 1892/1550/2093 2026/1549/2092
f 1945/1542/2087 2027/1545/2089 1947/1548/2091 1807/1543/2088
f 1763/1655/2286 1878/1388/2287 2027/1545/2288 1945/1542/2289
f 1878/1388/2287 1730/1387/2290 1898/1546/2290 2027/1545/2288
f 1821/1724/2291 2028/1541/2086 1946/1544/2086 1754/1725/2291
f 1722/1689/2292 1829/1656/2293 2028/1541/2294 1821/1724/2292
f 1829/1656/2293 1763/1655/2286 1945/1542/2289 2028/1541/2294
f 1868/1726/2295 2029/1537/2082 1848/1540/2085 1739/1699/2234
f 1754/1725/2296 1946/1544/2297 2029/1537/2298 1868/1726/2296
f 1946/1544/2297 1807/1543/2299 1944/1538/2300 2029/1537/2298
f 1941/1530/2076 2030/1533/2079 1943/1536/2081 1806/1531/2077
f 1752/1667/2301 1866/1384/2302 2030/1533/2303 1941/1530/2304
f 1866/1384/2302 1723/1383/2305 1897/1534/2305 2030/1533/2303
f 1898/1546/2306 2031/1529/2306 1942/1532/2306 1782/1547/2306
f 1730/1387/2307 1819/1668/2307 2031/1529/2307 1898/1546/2307
f 1819/1668/2308 1752/1667/2301 1941/1530/2304 2031/1529/2308
f 1847/1422/2309 2032/1525/2309 1849/1528/2309 1741/1423/2309
f 1782/1547/2310 1942/1532/2310 2032/1525/2310 1847/1422/2310
f 1942/1532/2078 1806/1531/2077 1940/1526/2311 2032/1525/2312
f 1937/1518/2313 2033/1521/2313 1939/1524/2313 1805/1519/2313
f 1794/1479/2041 1910/1444/2009 2033/1521/2314 1937/1518/2315
f 1910/1444/2009 1746/1443/2008 1901/1522/2316 2033/1521/2314
f 1903/1510/2066 2034/1517/2317 1938/1520/2317 1787/1511/2067
f 1747/1439/2318 1859/1480/2318 2034/1517/2318 1903/1510/2318
f 1859/1480/2319 1794/1479/2319 1937/1518/2319 2034/1517/2319
f 1852/1434/2002 2035/1513/2068 1853/1516/2071 1744/1435/2003
f 1787/1511/2320 1938/1520/2321 2035/1513/2068 1852/1434/2002
f 1938/1520/2321 1805/1519/2322 1936/1514/2069 2035/1513/2068
f 1933/1506/2323 2036/1509/2323 1935/1512/2323 1804/1507/2323
f 1793/1491/2324 1909/1440/2324 2036/1509/2324 1933/1506/2324
f 1909/1440/2325 1747/1439/2325 1903/1510/2325 2036/1509/2325
f 1855/1727/2326 2037/1505/2062 1934/1508/2064 1790/1728/2326
f 1745/1729/2327 1858/1492/2327 2037/1505/2327 1855/1727/2327
f 1858/1492/2328 1793/1491/2328 1933/1506/2328 2037/1505/2328
f 1906/1730/2329 2038/1501/2330 1854/1504/2331 1743/1695/2331
f 1790/1728/2326 1934/1508/2064 2038/1501/2330 1906/1730/2329
f 1934/1508/2064 1804/1507/2062 1932/1502/2326 2038/1501/2330
f 1929/1494/2055 2039/1497/2332 1931/1500/2333 1803/1495/2056
f 1767/1643/2334 1882/1620/2335 2039/1497/2335 1929/1494/2336
f 1882/1620/2337 1728/1619/2337 1908/1498/2337 2039/1497/2337
f 1825/1731/2338 2040/1493/2054 1930/1496/2057 1759/1732/2339
f 1726/1691/2340 1833/1644/2341 2040/1493/2342 1825/1731/2340
f 1833/1644/2341 1767/1643/2334 1929/1494/2336 2040/1493/2342
f 1874/1733/2343 2041/1489/2051 1858/1492/2053 1745/1729/2053
f 1759/1732/2339 1930/1496/2057 2041/1489/2051 1874/1733/2343
f 1930/1496/2057 1803/1495/2056 1928/1490/2052 2041/1489/2051
f 1925/1482/2044 2042/1485/2047 1927/1488/2050 1802/1483/2045
f 1758/1679/2344 1873/1396/2345 2042/1485/2345 1925/1482/2344
f 1873/1396/2345 1725/1395/2346 1907/1486/2346 2042/1485/2345
f 1908/1498/2347 2043/1481/2043 1926/1484/2046 1792/1499/2348
f 1728/1619/2349 1824/1680/2350 2043/1481/2350 1908/1498/2349
f 1824/1680/2350 1758/1679/2344 1925/1482/2344 2043/1481/2350
f 1857/1438/2351 2044/1477/2039 1859/1480/2042 1747/1439/2352
f 1792/1499/2348 1926/1484/2046 2044/1477/2039 1857/1438/2351
f 1926/1484/2046 1802/1483/2045 1924/1478/2040 2044/1477/2039
f 2081/1470/2032 2083/1473/2035 1923/1476/2038 1801/1471/2033
f 2091/1734/2353 2092/1735/2354 2045/1736/2355 1921/1737/2356
f 2092/1735/2354 2088/1738/2357 1911/1739/2358 2045/1736/2355
f 2079/1462/2024 2084/1469/2031 1922/1472/2034 1796/1463/2025
f 2089/1740/2359 2093/1741/2360 2046/1742/2356 1912/1743/2356
f 2093/1741/2360 2091/1734/2353 1921/1737/2356 2046/1742/2356
f 1861/1450/2015 2047/1465/2027 1863/1468/2030 1749/1451/2016
f 1796/1463/2025 1922/1472/2034 2047/1465/2027 1861/1450/2015
f 1922/1472/2034 1801/1471/2033 1920/1466/2028 2047/1465/2027
f 2080/1458/2361 2085/1461/2361 1919/1464/2361 1800/1459/2361
f 2090/1744/2362 2094/1745/2362 2048/1746/2362 1917/1747/2362
f 2094/1745/2363 2089/1740/2359 1912/1743/2356 2048/1746/2356
f 2082/1748/2364 2086/1457/2364 1918/1460/2365 1772/1749/2366
f 2087/1750/2367 2095/1751/2368 2049/1752/2369 1837/1753/2369
f 2095/1751/2370 2090/1744/2370 1917/1747/2370 2049/1752/2370
f 1887/1754/2365 2050/1453/2018 1864/1456/2021 1750/1702/2242
f 1772/1749/2366 1918/1460/2365 2050/1453/2018 1887/1754/2365
f 1918/1460/2365 1800/1459/2371 1916/1454/2019 2050/1453/2018
f 1916/1454/2372 2051/1449/2372 1915/1452/2372 1799/1455/2372
f 1800/1459/2373 1919/1464/2373 2051/1449/2373 1916/1454/2373
f 1919/1464/2026 1796/1463/2025 1861/1450/2015 2051/1449/2014
f 1920/1466/2028 2052/1445/2010 1914/1448/2013 1798/1467/2029
f 1801/1471/2033 1923/1476/2038 2052/1445/2010 1920/1466/2028
f 1923/1476/2038 1795/1475/2037 1860/1446/2011 2052/1445/2010
f 1924/1478/2040 2053/1441/2006 1910/1444/2009 1794/1479/2041
f 1802/1483/2045 1927/1488/2050 2053/1441/2006 1924/1478/2040
f 1927/1488/2050 1791/1487/2049 1856/1442/2007 2053/1441/2006
f 1928/1490/2374 2054/1437/2374 1909/1440/2374 1793/1491/2374
f 1803/1495/2056 1931/1500/2333 2054/1437/2375 1928/1490/2052
f 1931/1500/2060 1792/1499/2059 1857/1438/2376 2054/1437/2376
f 1932/1502/2377 2055/1433/2377 1905/1436/2377 1789/1503/2377
f 1804/1507/2378 1935/1512/2378 2055/1433/2378 1932/1502/2378
f 1935/1512/2320 1787/1511/2320 1852/1434/2002 2055/1433/2001
f 1936/1514/2069 2056/1429/1998 1904/1432/2000 1788/1515/2070
f 1805/1519/2322 1939/1524/2379 2056/1429/1998 1936/1514/2069
f 1939/1524/2379 1785/1523/2380 1850/1430/1999 2056/1429/1998
f 1940/1526/2381 2057/1425/1994 1900/1428/1997 1784/1527/2211
f 1806/1531/2077 1943/1536/2081 2057/1425/2382 1940/1526/2311
f 1943/1536/2081 1781/1535/2077 1846/1426/2383 2057/1425/2382
f 1944/1538/2083 2058/1421/1990 1899/1424/1993 1783/1539/2084
f 1807/1543/2299 1947/1548/2384 2058/1421/2385 1944/1538/2300
f 1947/1548/2384 1782/1547/2386 1847/1422/2386 2058/1421/2385
f 1870/1755/1989 2059/1417/1987 1843/1420/1989 1737/1687/1989
f 1724/1704/2387 1830/1608/2387 2059/1417/2387 1870/1755/2387
f 1830/1608/2388 1764/1607/2284 1949/1418/1988 2059/1417/1987
f 2071/1558/2389 2076/1413/2389 1891/1416/2389 1776/1559/2389
f 1808/1563/2390 1953/1568/2390 2060/1756/2390 1950/1723/2390
f 1953/1568/2391 1774/1567/2391 1839/1711/2391 2060/1756/2391
f 2072/1570/2106 2077/1409/1983 1890/1412/1983 1775/1571/2107
f 1809/1575/2109 1957/1580/2113 2061/1757/2392 1954/1712/2274
f 1957/1580/2113 1773/1579/2113 1838/1758/2393 2061/1757/2392
f 1958/1582/2115 2062/1405/2394 1880/1408/2395 1765/1583/2116
f 1810/1587/2254 1961/1592/2121 2062/1405/2394 1958/1582/2115
f 1961/1592/2121 1753/1591/2121 1820/1406/2396 2062/1405/2394
f 1962/1594/1980 2063/1401/1980 1877/1404/1981 1762/1595/2123
f 1811/1599/2397 1965/1604/2397 2063/1401/2397 1962/1594/2397
f 1965/1604/2398 1760/1603/2398 1826/1402/2398 2063/1401/2398
f 1966/1606/2399 2064/1397/2399 1879/1400/2399 1764/1607/2399
f 1812/1611/2400 1969/1616/2400 2064/1397/2400 1966/1606/2400
f 1969/1616/2401 1770/1615/2401 1835/1398/2401 2064/1397/2401
f 1992/1678/2182 2065/1393/1976 1873/1396/1978 1758/1679/2183
f 1815/1647/2194 1979/1652/2161 2065/1393/2193 1992/1678/2193
f 1979/1652/2161 1757/1651/2160 1988/1394/2193 2065/1393/2193
f 1973/1630/2402 2066/1389/1972 1876/1392/1975 1761/1631/2403
f 1814/1635/2110 1976/1640/2219 2066/1389/1972 1973/1630/2402
f 1976/1640/2404 1771/1639/2404 1836/1390/2404 2066/1389/2404
f 1980/1654/2405 2067/1385/2405 1878/1388/2405 1763/1655/2405
f 1816/1659/2208 1983/1664/2406 2067/1385/2407 1980/1654/2209
f 1983/1664/2406 1768/1663/2408 1834/1386/2408 2067/1385/2407
f 1984/1666/2171 2068/1381/1968 1866/1384/1970 1752/1667/2172
f 1817/1671/2175 1987/1676/2180 2068/1381/2409 1984/1666/2201
f 1987/1676/2180 1755/1675/2179 1822/1382/2410 2068/1381/2409
f 1954/1712/2274 2061/1757/2392 2077/1409/2411 2072/1570/2412
f 1950/1723/2413 2060/1756/2413 2076/1413/2413 2071/1558/2413
f 1865/1722/2414 2024/1721/2415 2075/1557/2416 2073/1719/2414
f 1839/1711/2273 2021/1710/2272 2074/1569/2417 2070/1414/2418
f 2021/1710/2272 1954/1712/2274 2072/1570/2412 2074/1569/2417
f 2024/1721/2415 1950/1723/2419 2071/1558/2419 2075/1557/2416
f 2060/1756/2420 1839/1711/2420 2070/1414/2420 2076/1413/2420
f 2061/1757/2392 1838/1758/2393 2069/1410/2421 2077/1409/2411
f 1837/1753/2422 2049/1752/2422 2086/1457/2422 2082/1748/2422
f 1917/1747/2423 2048/1746/2423 2085/1461/2423 2080/1458/2423
f 1912/1743/2424 2046/1742/2424 2084/1469/2424 2079/1462/2424
f 1921/1737/2425 2045/1736/2425 2083/1473/2425 2081/1470/2425
f 2045/1736/2426 1911/1739/2426 2078/1474/2426 2083/1473/2426
f 2046/1742/2427 1921/1737/2427 2081/1470/2427 2084/1469/2427
f 2048/1746/2428 1912/1743/2428 2079/1462/2428 2085/1461/2428
f 2049/1752/2429 1917/1747/2429 2080/1458/2429 2086/1457/2429
f 1841/1560/2430 1776/1559/2430 2090/1744/2430 2095/1751/2430
f 1733/1720/2282 1841/1560/2099 2095/1751/2368 2087/1750/2367
f 1891/1416/2431 1735/1415/2432 2089/1740/2359 2094/1745/2363
f 1776/1559/2433 1891/1416/2433 2094/1745/2433 2090/1744/2433
f 1840/1572/2434 1775/1571/2435 2091/1734/2353 2093/1741/2360
f 1735/1415/2432 1840/1572/2434 2093/1741/2360 2089/1740/2359
f 1890/1412/2436 1734/1411/2437 2088/1738/2357 2092/1735/2354
f 1775/1571/2435 1890/1412/2436 2092/1735/2354 2091/1734/2353
f 2200/1759/2438 2131/1760/2439 2099/1761/2440 2151/1762/2441
f 2199/1763/2442 2137/1764/2443 2103/1765/2444 2155/1766/2445
f 2198/1767/2446 2138/1768/2446 2102/1769/2446 2152/1770/2446
f 2197/1771/2447 2143/1772/2448 2105/1773/2449 2148/1774/2450
f 2196/1775/2451 2144/1776/2452 2104/1777/2453 2156/1778/2453
f 2195/1779/2454 2161/1780/2455 2119/1781/2456 2140/1782/2456
f 2194/1783/2457 2162/1784/2458 2124/1785/2459 2163/1786/2460
f 2193/1787/2461 2160/1788/2462 2123/1789/2463 2164/1790/2464
f 2192/1791/2465 2165/1792/2466 2111/1793/693 2132/1794/693
f 2191/1795/2467 2166/1796/2467 2125/1797/2468 2167/1798/2469
f 2190/1799/2467 2159/1800/2470 2122/1801/2471 2168/1802/2472
f 2189/1803/2446 2169/1804/2446 2115/1805/2446 2136/1806/2446
f 2188/1807/2446 2170/1808/2446 2126/1809/2446 2171/1810/2446
f 2187/1811/2446 2154/1812/2446 2117/1813/2446 2172/1814/2446
f 2186/1815/2473 2173/1816/167 2118/1817/167 2139/1818/167
f 2185/1819/2473 2174/1820/167 2127/1821/167 2175/1822/2473
f 2184/1823/2474 2153/1824/2475 2116/1825/2476 2176/1826/2477
f 2183/1827/2478 2177/1828/2479 2114/1829/2480 2135/1830/1266
f 2182/1831/2481 2178/1832/2482 2128/1833/2483 2179/1834/2484
f 2181/1835/2485 2147/1836/2486 2110/1837/1255 2180/1838/2487
f 2178/1832/2482 2181/1835/2485 2180/1838/2487 2128/1833/2483
f 2109/1839/2488 2130/1840/2489 2181/1835/2485 2178/1832/2482
f 2130/1840/2489 2097/1841/2490 2147/1836/2486 2181/1835/2485
f 2154/1812/2491 2182/1831/2491 2179/1834/2492 2117/1813/2492
f 2101/1842/2493 2146/1843/2493 2182/1831/2491 2154/1812/2491
f 2146/1843/2494 2109/1839/2488 2178/1832/2482 2182/1831/2481
f 2138/1768/2495 2183/1827/2495 2135/1830/2496 2102/1769/2496
f 2117/1813/2492 2179/1834/2492 2183/1827/2495 2138/1768/2495
f 2179/1834/2484 2128/1833/2483 2177/1828/2479 2183/1827/2478
f 2174/1820/167 2184/1823/2474 2176/1826/2477 2127/1821/167
f 2112/1844/167 2133/1845/2497 2184/1823/2474 2174/1820/167
f 2133/1845/2497 2100/1846/2498 2153/1824/2475 2184/1823/2474
f 2160/1788/2499 2185/1819/2473 2175/1822/2473 2123/1789/2500
f 2107/1847/2499 2149/1848/2473 2185/1819/2473 2160/1788/2499
f 2149/1848/2473 2112/1844/167 2174/1820/167 2185/1819/2473
f 2144/1776/2501 2186/1815/2473 2139/1818/167 2104/1777/2502
f 2123/1789/2500 2175/1822/2473 2186/1815/2473 2144/1776/2501
f 2175/1822/2473 2127/1821/167 2173/1816/167 2186/1815/2473
f 2170/1808/2446 2187/1811/2446 2172/1814/2446 2126/1809/2446
f 2113/1849/2446 2134/1850/2446 2187/1811/2446 2170/1808/2446
f 2134/1850/2446 2101/1842/2446 2154/1812/2446 2187/1811/2446
f 2153/1824/2503 2188/1807/2503 2171/1810/2504 2116/1825/2504
f 2100/1846/2505 2150/1851/2505 2188/1807/2503 2153/1824/2503
f 2150/1851/2446 2113/1849/2446 2170/1808/2446 2188/1807/2446
f 2137/1764/2506 2189/1803/2506 2136/1806/2507 2103/1765/2507
f 2116/1825/2504 2171/1810/2504 2189/1803/2506 2137/1764/2506
f 2171/1810/2446 2126/1809/2446 2169/1804/2446 2189/1803/2446
f 2166/1796/2467 2190/1799/2467 2168/1802/2472 2125/1797/2468
f 2120/1852/133 2141/1853/133 2190/1799/2467 2166/1796/2467
f 2141/1853/133 2106/1854/133 2159/1800/2470 2190/1799/2467
f 2129/1855/2467 2191/1795/2467 2167/1798/2469 2108/1856/2508
f 2096/1857/133 2157/1858/133 2191/1795/2467 2129/1855/2467
f 2157/1858/133 2120/1852/133 2166/1796/2467 2191/1795/2467
f 2145/1859/2509 2192/1791/2465 2132/1794/693 2098/1860/693
f 2108/1856/2508 2167/1798/2469 2192/1791/2465 2145/1859/2509
f 2167/1798/2469 2125/1797/2468 2165/1792/2466 2192/1791/2465
f 2162/1784/2510 2193/1787/1026 2164/1790/2511 2124/1785/2511
f 2121/1861/2512 2142/1862/2512 2193/1787/1026 2162/1784/2510
f 2142/1862/2513 2107/1847/2513 2160/1788/2462 2193/1787/2461
f 2159/1800/2470 2194/1783/2470 2163/1786/2514 2122/1801/2471
f 2106/1854/133 2158/1863/133 2194/1783/2470 2159/1800/2470
f 2158/1863/2515 2121/1861/2515 2162/1784/2458 2194/1783/2457
f 2143/1772/2448 2195/1779/2516 2140/1782/2517 2105/1773/2449
f 2122/1801/2471 2163/1786/2514 2195/1779/2516 2143/1772/2448
f 2163/1786/2460 2124/1785/2459 2161/1780/2455 2195/1779/2454
f 2161/1780/2511 2196/1775/2511 2156/1778/2511 2119/1781/2511
f 2124/1785/2511 2164/1790/2511 2196/1775/2511 2161/1780/2511
f 2164/1790/2464 2123/1789/2463 2144/1776/2452 2196/1775/2451
f 2165/1792/2466 2197/1771/2447 2148/1774/2450 2111/1793/693
f 2125/1797/2468 2168/1802/2472 2197/1771/2447 2165/1792/2466
f 2168/1802/2472 2122/1801/2471 2143/1772/2448 2197/1771/2447
f 2169/1804/2446 2198/1767/2446 2152/1770/2446 2115/1805/2446
f 2126/1809/2446 2172/1814/2446 2198/1767/2446 2169/1804/2446
f 2172/1814/2446 2117/1813/2446 2138/1768/2446 2198/1767/2446
f 2173/1816/167 2199/1763/2442 2155/1766/2445 2118/1817/167
f 2127/1821/167 2176/1826/2477 2199/1763/2442 2173/1816/167
f 2176/1826/2477 2116/1825/2476 2137/1764/2443 2199/1763/2442
f 2177/1828/2479 2200/1759/2438 2151/1762/2441 2114/1829/2480
f 2128/1833/2483 2180/1838/2487 2200/1759/2438 2177/1828/2479
f 2180/1838/2487 2110/1837/1255 2131/1760/2439 2200/1759/2438
f 2270/1864/2518 2227/1865/2519 2204/1866/2520 2239/1867/2521
f 2269/1868/2522 2231/1869/2523 2206/1870/2524 2242/1871/2525
f 2267/1872/2526 2234/1873/2526 2207/1874/2526 2243/1875/2526
f 2266/1876/2527 2244/1877/2527 2220/1878/2527 2247/1879/2527
f 2265/1880/2528 2248/1881/2529 2215/1882/2530 2230/1883/2530
f 2264/1884/2531 2249/1885/2532 2222/1886/2533 2250/1887/2534
f 2262/1888/2535 2252/1889/2536 2217/1890/2537 2232/1891/2538
f 2261/1892/2539 2253/1893/2540 2223/1894/2536 2254/1895/2541
f 2260/1896/2542 2241/1897/2543 2216/1898/2544 2255/1899/2545
f 2280/1900/2546 2224/1901/2547 2256/1902/2548 2284/1903/2549
f 2277/1904/2550 2210/1905/2551 2257/1906/2552 2282/1907/2553
f 2259/1908/2554 2236/1909/2555 2211/1910/2556 2258/1911/2557
f 2257/1906/2552 2259/1908/2554 2258/1911/2557 2224/1901/2547
f 2210/1905/2551 2226/1912/2558 2259/1908/2554 2257/1906/2552
f 2226/1912/2558 2202/1913/2555 2236/1909/2555 2259/1908/2554
f 2281/1914/2559 2251/1915/2559 2263/1916/2559 2283/1917/2559
f 2279/1918/2560 2240/1919/2561 2268/1920/2561 2285/1921/2562
f 2253/1893/2540 2260/1896/2542 2255/1899/2545 2223/1894/2536
f 2212/1922/2563 2228/1923/2564 2260/1896/2542 2253/1893/2540
f 2228/1923/2564 2205/1924/2565 2241/1897/2543 2260/1896/2542
f 2244/1877/2566 2261/1892/2539 2254/1895/2541 2220/1878/2567
f 2208/1925/2568 2237/1926/2569 2261/1892/2539 2244/1877/2566
f 2237/1926/2569 2212/1922/2563 2253/1893/2540 2261/1892/2539
f 2234/1873/2570 2262/1888/2570 2232/1891/2570 2207/1874/2570
f 2220/1878/2567 2254/1895/2541 2262/1888/2535 2234/1873/2571
f 2254/1895/2541 2223/1894/2536 2252/1889/2536 2262/1888/2535
f 2249/1885/2532 2263/1916/2572 2251/1915/2573 2222/1886/2533
f 2213/1927/2574 2229/1928/2574 2263/1916/2572 2249/1885/2532
f 2241/1897/2575 2264/1884/2575 2250/1887/2575 2216/1898/2575
f 2205/1924/2576 2238/1929/2576 2264/1884/2576 2241/1897/2576
f 2238/1929/2577 2213/1927/2577 2249/1885/2577 2264/1884/2577
f 2231/1869/2578 2265/1880/2578 2230/1883/2578 2206/1870/2578
f 2216/1898/2579 2250/1887/2579 2265/1880/2579 2231/1869/2579
f 2250/1887/2534 2222/1886/2533 2248/1881/2529 2265/1880/2528
f 2272/1930/2580 2219/1931/126 2246/1932/126 2274/1933/2581
f 2271/1934/2582 2203/1935/2583 2235/1936/2584 2275/1937/2585
f 2273/1938/2586 2221/1939/2587 2245/1940/2588 2275/1937/2585
f 2246/1932/2589 2266/1876/2590 2247/1879/2591 2221/1939/2592
f 2219/1931/2593 2233/1941/2593 2266/1876/2590 2246/1932/2589
f 2233/1941/2594 2208/1925/2594 2244/1877/2594 2266/1876/2594
f 2274/1933/2581 2246/1932/126 2221/1939/2587 2273/1938/2586
f 2245/1940/2595 2267/1872/2596 2243/1875/2597 2218/1942/2597
f 2221/1939/2592 2247/1879/2591 2267/1872/2596 2245/1940/2595
f 2247/1879/2598 2220/1878/2598 2234/1873/2598 2267/1872/2598
f 2248/1881/2599 2268/1920/2599 2240/1919/2599 2215/1882/2599
f 2222/1886/2600 2251/1915/2600 2268/1920/2600 2248/1881/2600
f 2252/1889/2536 2269/1868/2522 2242/1871/2525 2217/1890/2537
f 2223/1894/2536 2255/1899/2545 2269/1868/2522 2252/1889/2536
f 2255/1899/2545 2216/1898/2544 2231/1869/2523 2269/1868/2522
f 2256/1902/2548 2270/1864/2518 2239/1867/2521 2214/1943/2601
f 2224/1901/2547 2258/1911/2557 2270/1864/2518 2256/1902/2548
f 2258/1911/2557 2211/1910/2556 2227/1865/2519 2270/1864/2518
f 2225/1944/2602 2274/1933/2581 2273/1938/2586 2209/1945/2603
f 2209/1945/2603 2273/1938/2586 2275/1937/2585 2235/1936/2584
f 2218/1942/2604 2271/1934/2582 2275/1937/2585 2245/1940/2588
f 2201/1946/2605 2272/1930/2580 2274/1933/2581 2225/1944/2602
f 2214/1943/2601 2278/1947/2549 2284/1903/2549 2256/1902/2548
f 2278/1947/2549 2279/1918/2560 2285/1921/2562 2284/1903/2549
f 2224/1901/2547 2280/1900/2546 2282/1907/2553 2257/1906/2552
f 2280/1900/2546 2281/1914/2606 2283/1917/2607 2282/1907/2553
f 2229/1928/2608 2276/1948/2608 2283/1917/2608 2263/1916/2608
f 2276/1948/2609 2277/1904/2550 2282/1907/2553 2283/1917/2607
f 2251/1915/2610 2281/1914/2610 2285/1921/2610 2268/1920/2610
f 2281/1914/2606 2280/1900/2546 2284/1903/2549 2285/1921/2562
f 2355/1759/2611 2312/1760/2612 2289/1761/2612 2324/1762/2613
f 2354/1763/2614 2316/1764/2615 2291/1765/2616 2327/1766/2617
f 2352/1775/2618 2319/1776/2619 2292/1777/2620 2328/1778/2620
f 2351/1787/2621 2329/1788/2622 2305/1789/2623 2332/1790/2624
f 2350/1803/2625 2333/1804/2626 2300/1805/2627 2315/1806/2628
f 2349/1807/2629 2334/1808/2630 2307/1809/2631 2335/1810/2632
f 2347/1815/2633 2337/1816/2634 2302/1817/2635 2317/1818/2636
f 2346/1819/2637 2338/1820/2638 2308/1821/2634 2339/1822/2639
f 2345/1823/2640 2326/1824/2641 2301/1825/2642 2340/1826/2643
f 2336/1814/2644 2309/1833/2645 2341/1828/2646 2353/1767/2647
f 2314/1850/2648 2295/1839/2648 2342/1832/2649 2348/1811/2650
f 2344/1835/2651 2321/1836/2652 2296/1837/2612 2343/1838/2653
f 2342/1832/2654 2344/1835/2651 2343/1838/2653 2309/1833/2655
f 2295/1839/2654 2311/1840/2656 2344/1835/2651 2342/1832/2654
f 2311/1840/2656 2287/1841/2657 2321/1836/2652 2344/1835/2651
f 2309/1833/2645 2336/1814/2644 2348/1811/2650 2342/1832/2649
f 2299/1829/2658 2325/1770/2658 2353/1767/2647 2341/1828/2646
f 2338/1820/2638 2345/1823/2640 2340/1826/2643 2308/1821/2634
f 2297/1844/2659 2313/1845/2660 2345/1823/2640 2338/1820/2638
f 2313/1845/2660 2290/1846/2661 2326/1824/2641 2345/1823/2640
f 2329/1788/2662 2346/1819/2637 2339/1822/2639 2305/1789/2663
f 2293/1847/2664 2322/1848/2665 2346/1819/2637 2329/1788/2662
f 2322/1848/2665 2297/1844/2659 2338/1820/2638 2346/1819/2637
f 2319/1776/2666 2347/1815/2633 2317/1818/2636 2292/1777/2667
f 2305/1789/2663 2339/1822/2639 2347/1815/2633 2319/1776/2666
f 2339/1822/2639 2308/1821/2634 2337/1816/2634 2347/1815/2633
f 2334/1808/2668 2348/1811/2668 2336/1814/2668 2307/1809/2631
f 2298/1849/2668 2314/1850/2668 2348/1811/2668 2334/1808/2668
f 2326/1824/2669 2349/1807/2669 2335/1810/2669 2301/1825/2669
f 2290/1846/2670 2323/1851/2670 2349/1807/2670 2326/1824/2670
f 2323/1851/2671 2298/1849/2671 2334/1808/2630 2349/1807/2629
f 2316/1764/2672 2350/1803/2672 2315/1806/2672 2291/1765/2672
f 2301/1825/2673 2335/1810/2673 2350/1803/2673 2316/1764/2673
f 2335/1810/2632 2307/1809/2631 2333/1804/2626 2350/1803/2625
f 2357/1949/2674 2304/1861/2674 2331/1784/2674 2359/1950/2674
f 2356/1951/844 2288/1860/844 2320/1859/844 2360/1952/844
f 2358/1953/2675 2306/1785/2675 2330/1780/2676 2360/1952/2677
f 2331/1784/2678 2351/1787/2679 2332/1790/2680 2306/1785/2681
f 2304/1861/2682 2318/1862/2682 2351/1787/2679 2331/1784/2678
f 2318/1862/2683 2293/1847/2683 2329/1788/2622 2351/1787/2621
f 2359/1950/2684 2331/1784/2684 2306/1785/2684 2358/1953/2684
f 2330/1780/2685 2352/1775/2686 2328/1778/2687 2303/1781/2687
f 2306/1785/2681 2332/1790/2680 2352/1775/2686 2330/1780/2685
f 2332/1790/2624 2305/1789/2623 2319/1776/2619 2352/1775/2618
f 2333/1804/2626 2353/1767/2688 2325/1770/2689 2300/1805/2627
f 2307/1809/2631 2336/1814/2668 2353/1767/2688 2333/1804/2626
f 2337/1816/2634 2354/1763/2614 2327/1766/2617 2302/1817/2635
f 2308/1821/2634 2340/1826/2643 2354/1763/2614 2337/1816/2634
f 2340/1826/2643 2301/1825/2642 2316/1764/2615 2354/1763/2614
f 2341/1828/2690 2355/1759/2611 2324/1762/2613 2299/1829/2691
f 2309/1833/2655 2343/1838/2653 2355/1759/2611 2341/1828/2690
f 2343/1838/2653 2296/1837/2612 2312/1760/2612 2355/1759/2611
f 2310/1855/2692 2359/1950/2692 2358/1953/2693 2294/1856/2693
f 2294/1856/2693 2358/1953/2693 2360/1952/844 2320/1859/844
f 2303/1781/2694 2356/1951/2694 2360/1952/2677 2330/1780/2676
f 2286/1857/2695 2357/1949/2695 2359/1950/2692 2310/1855/2692
f 2430/1759/2696 2387/1760/2697 2364/1761/2698 2399/1762/2698
f 2429/1763/2699 2391/1764/2700 2366/1765/2700 2402/1766/2701
f 2427/1775/2702 2394/1776/2703 2367/1777/2704 2403/1778/2704
f 2426/1787/2705 2404/1788/2706 2380/1789/2707 2407/1790/2708
f 2425/1803/2709 2408/1804/2710 2375/1805/2711 2390/1806/2712
f 2424/1807/2713 2409/1808/2714 2382/1809/2715 2410/1810/2716
f 2422/1815/2717 2412/1816/165 2377/1817/165 2392/1818/2718
f 2421/1819/2719 2413/1820/165 2383/1821/165 2414/1822/2720
f 2420/1823/2721 2401/1824/2722 2376/1825/2700 2415/1826/2723
f 2411/1814/2724 2384/1833/2725 2416/1828/2726 2428/1767/2727
f 2389/1850/2728 2370/1839/2728 2417/1832/2729 2423/1811/2730
f 2419/1835/2731 2396/1836/2732 2371/1837/2733 2418/1838/2734
f 2417/1832/2735 2419/1835/2731 2418/1838/2734 2384/1833/2736
f 2370/1839/2737 2386/1840/2737 2419/1835/2731 2417/1832/2735
f 2386/1840/2737 2362/1841/2738 2396/1836/2732 2419/1835/2731
f 2384/1833/2725 2411/1814/2724 2423/1811/2730 2417/1832/2729
f 2374/1829/2739 2400/1770/2739 2428/1767/2727 2416/1828/2726
f 2413/1820/165 2420/1823/2721 2415/1826/2723 2383/1821/165
f 2372/1844/165 2388/1845/2740 2420/1823/2721 2413/1820/165
f 2388/1845/2740 2365/1846/2741 2401/1824/2722 2420/1823/2721
f 2404/1788/2742 2421/1819/2719 2414/1822/2720 2380/1789/2743
f 2368/1847/2744 2397/1848/2745 2421/1819/2719 2404/1788/2742
f 2397/1848/2745 2372/1844/165 2413/1820/165 2421/1819/2719
f 2394/1776/2746 2422/1815/2717 2392/1818/2718 2367/1777/2747
f 2380/1789/2743 2414/1822/2720 2422/1815/2717 2394/1776/2746
f 2414/1822/2720 2383/1821/165 2412/1816/165 2422/1815/2717
f 2409/1808/2748 2423/1811/2748 2411/1814/2748 2382/1809/2715
f 2373/1849/2748 2389/1850/2748 2423/1811/2748 2409/1808/2748
f 2401/1824/2749 2424/1807/2749 2410/1810/2749 2376/1825/2749
f 2365/1846/2750 2398/1851/2750 2424/1807/2750 2401/1824/2750
f 2398/1851/2751 2373/1849/2751 2409/1808/2714 2424/1807/2713
f 2391/1764/2752 2425/1803/2752 2390/1806/2752 2366/1765/2752
f 2376/1825/2753 2410/1810/2753 2425/1803/2753 2391/1764/2753
f 2410/1810/2716 2382/1809/2715 2408/1804/2710 2425/1803/2709
f 2432/1949/2754 2379/1861/2754 2406/1784/2754 2434/1950/2754
f 2431/1951/2755 2363/1860/2755 2395/1859/2756 2435/1952/2756
f 2433/1953/2757 2381/1785/2758 2405/1780/2759 2435/1952/2760
f 2406/1784/2761 2426/1787/2762 2407/1790/2763 2381/1785/2764
f 2379/1861/2765 2393/1862/2765 2426/1787/2762 2406/1784/2761
f 2393/1862/2766 2368/1847/2766 2404/1788/2706 2426/1787/2705
f 2434/1950/2767 2406/1784/2767 2381/1785/2758 2433/1953/2757
f 2405/1780/2768 2427/1775/2769 2403/1778/2770 2378/1781/2770
f 2381/1785/2764 2407/1790/2763 2427/1775/2769 2405/1780/2768
f 2407/1790/2708 2380/1789/2707 2394/1776/2703 2427/1775/2702
f 2408/1804/2710 2428/1767/2748 2400/1770/2748 2375/1805/2711
f 2382/1809/2715 2411/1814/2748 2428/1767/2748 2408/1804/2710
f 2412/1816/165 2429/1763/2699 2402/1766/2701 2377/1817/165
f 2383/1821/165 2415/1826/2723 2429/1763/2699 2412/1816/165
f 2415/1826/2723 2376/1825/2700 2391/1764/2700 2429/1763/2699
f 2416/1828/2771 2430/1759/2696 2399/1762/2698 2374/1829/2772
f 2384/1833/2736 2418/1838/2734 2430/1759/2696 2416/1828/2771
f 2418/1838/2734 2371/1837/2733 2387/1760/2697 2430/1759/2696
f 2385/1855/2773 2434/1950/2774 2433/1953/2775 2369/1856/2776
f 2369/1856/2776 2433/1953/2775 2435/1952/2756 2395/1859/2756
f 2378/1781/2777 2431/1951/2777 2435/1952/2760 2405/1780/2759
f 2361/1857/1407 2432/1949/1407 2434/1950/2774 2385/1855/2773
f 2505/1759/2778 2462/1760/2779 2439/1761/2779 2474/1762/2780
f 2504/1763/2781 2466/1764/2782 2441/1765/2783 2477/1766/2783
f 2502/1775/2784 2469/1776/2785 2442/1777/2786 2478/1778/2786
f 2501/1787/2787 2479/1788/2788 2455/1789/2789 2482/1790/2790
f 2500/1803/2791 2483/1804/2791 2450/1805/2791 2465/1806/2791
f 2499/1807/2792 2484/1808/2792 2457/1809/2792 2485/1810/2792
f 2497/1815/2793 2487/1816/2794 2452/1817/2795 2467/1818/2796
f 2496/1819/2797 2488/1820/2798 2458/1821/2799 2489/1822/2800
f 2495/1823/2801 2476/1824/2802 2451/1825/2803 2490/1826/2804
f 2486/1814/2805 2459/1833/2805 2491/1828/2805 2503/1767/2805
f 2464/1850/2806 2445/1839/2806 2492/1832/2806 2498/1811/2806
f 2494/1835/2807 2471/1836/2808 2446/1837/2779 2493/1838/2809
f 2492/1832/2810 2494/1835/2807 2493/1838/2809 2459/1833/2811
f 2445/1839/2812 2461/1840/2813 2494/1835/2807 2492/1832/2810
f 2461/1840/2813 2437/1841/2814 2471/1836/2808 2494/1835/2807
f 2459/1833/2815 2486/1814/2815 2498/1811/2815 2492/1832/2815
f 2449/1829/2816 2475/1770/2816 2503/1767/2816 2491/1828/2816
f 2488/1820/2798 2495/1823/2801 2490/1826/2804 2458/1821/2799
f 2447/1844/2817 2463/1845/2818 2495/1823/2801 2488/1820/2798
f 2463/1845/2818 2440/1846/2819 2476/1824/2802 2495/1823/2801
f 2479/1788/2820 2496/1819/2797 2489/1822/2800 2455/1789/2821
f 2443/1847/2822 2472/1848/2823 2496/1819/2797 2479/1788/2820
f 2472/1848/2823 2447/1844/2817 2488/1820/2798 2496/1819/2797
f 2469/1776/2824 2497/1815/2793 2467/1818/2796 2442/1777/2825
f 2455/1789/2821 2489/1822/2800 2497/1815/2793 2469/1776/2824
f 2489/1822/2800 2458/1821/2799 2487/1816/2794 2497/1815/2793
f 2484/1808/2826 2498/1811/2827 2486/1814/2828 2457/1809/2829
f 2448/1849/2830 2464/1850/2830 2498/1811/2827 2484/1808/2826
f 2476/1824/2831 2499/1807/2831 2485/1810/2832 2451/1825/2833
f 2440/1846/2834 2473/1851/2834 2499/1807/2834 2476/1824/2834
f 2473/1851/2835 2448/1849/2835 2484/1808/2835 2499/1807/2835
f 2466/1764/2836 2500/1803/2836 2465/1806/2836 2441/1765/2836
f 2451/1825/2833 2485/1810/2832 2500/1803/2837 2466/1764/2837
f 2485/1810/2838 2457/1809/2838 2483/1804/2838 2500/1803/2838
f 2507/1949/2839 2454/1861/2839 2481/1784/2839 2509/1950/2839
f 2506/1951/872 2438/1860/872 2470/1859/872 2510/1952/872
f 2508/1953/2840 2456/1785/2840 2480/1780/2840 2510/1952/2840
f 2481/1784/2841 2501/1787/2842 2482/1790/2843 2456/1785/2843
f 2454/1861/2844 2468/1862/2844 2501/1787/2842 2481/1784/2841
f 2468/1862/2845 2443/1847/2845 2479/1788/2788 2501/1787/2787
f 2509/1950/2846 2481/1784/2846 2456/1785/2846 2508/1953/2846
f 2480/1780/2847 2502/1775/2847 2478/1778/2847 2453/1781/2847
f 2456/1785/2848 2482/1790/2848 2502/1775/2848 2480/1780/2848
f 2482/1790/2790 2455/1789/2789 2469/1776/2785 2502/1775/2784
f 2483/1804/2849 2503/1767/2850 2475/1770/2851 2450/1805/2851
f 2457/1809/2829 2486/1814/2828 2503/1767/2850 2483/1804/2849
f 2487/1816/2794 2504/1763/2781 2477/1766/2852 2452/1817/2795
f 2458/1821/2799 2490/1826/2804 2504/1763/2781 2487/1816/2794
f 2490/1826/2804 2451/1825/2803 2466/1764/2782 2504/1763/2781
f 2491/1828/2853 2505/1759/2778 2474/1762/2780 2449/1829/2854
f 2459/1833/2811 2493/1838/2809 2505/1759/2778 2491/1828/2853
f 2493/1838/2809 2446/1837/2779 2462/1760/2779 2505/1759/2778
f 2460/1855/2855 2509/1950/2855 2508/1953/2856 2444/1856/2856
f 2444/1856/2856 2508/1953/2856 2510/1952/872 2470/1859/872
f 2453/1781/2857 2506/1951/2857 2510/1952/2857 2480/1780/2857
f 2436/1857/2858 2507/1949/2858 2509/1950/2855 2460/1855/2855
f 2580/1759/2859 2537/1760/2860 2514/1761/2860 2549/1762/2861
f 2579/1763/2862 2541/1764/2863 2516/1765/2864 2552/1766/2865
f 2577/1775/2866 2544/1776/2866 2517/1777/2866 2553/1778/2866
f 2576/1787/2867 2554/1788/2867 2530/1789/2867 2557/1790/2867
f 2575/1803/2868 2558/1804/2868 2525/1805/2868 2540/1806/2868
f 2574/1807/2869 2559/1808/2869 2532/1809/2869 2560/1810/2869
f 2572/1815/2870 2562/1816/2871 2527/1817/2872 2542/1818/2873
f 2571/1819/2874 2563/1820/2875 2533/1821/2876 2564/1822/2877
f 2570/1823/2878 2551/1824/2879 2526/1825/2880 2565/1826/2881
f 2561/1814/2882 2534/1833/2883 2566/1828/2884 2578/1767/2885
f 2539/1850/2886 2520/1839/2887 2567/1832/2888 2573/1811/2889
f 2569/1835/2890 2546/1836/2891 2521/1837/2891 2568/1838/2892
f 2567/1832/2888 2569/1835/2890 2568/1838/2892 2534/1833/2883
f 2520/1839/2887 2536/1840/2893 2569/1835/2890 2567/1832/2888
f 2536/1840/2893 2512/1841/2891 2546/1836/2891 2569/1835/2890
f 2534/1833/2883 2561/1814/2882 2573/1811/2889 2567/1832/2888
f 2524/1829/2894 2550/1770/2894 2578/1767/2894 2566/1828/2894
f 2563/1820/2875 2570/1823/2878 2565/1826/2881 2533/1821/2876
f 2522/1844/2895 2538/1845/2896 2570/1823/2878 2563/1820/2875
f 2538/1845/2896 2515/1846/2897 2551/1824/2879 2570/1823/2878
f 2554/1788/1304 2571/1819/2874 2564/1822/2877 2530/1789/2898
f 2518/1847/2899 2547/1848/2900 2571/1819/2874 2554/1788/1304
f 2547/1848/2900 2522/1844/2895 2563/1820/2875 2571/1819/2874
f 2544/1776/2901 2572/1815/2870 2542/1818/2873 2517/1777/2902
f 2530/1789/2898 2564/1822/2877 2572/1815/2870 2544/1776/2901
f 2564/1822/2877 2533/1821/2876 2562/1816/2871 2572/1815/2870
f 2559/1808/2903 2573/1811/2903 2561/1814/2904 2532/1809/2905
f 2523/1849/2906 2539/1850/2906 2573/1811/2906 2559/1808/2906
f 2551/1824/2907 2574/1807/2907 2560/1810/2907 2526/1825/2907
f 2515/1846/2908 2548/1851/2908 2574/1807/2908 2551/1824/2908
f 2548/1851/2909 2523/1849/2909 2559/1808/2909 2574/1807/2909
f 2541/1764/2910 2575/1803/2910 2540/1806/2910 2516/1765/2910
f 2526/1825/2911 2560/1810/2911 2575/1803/2911 2541/1764/2911
f 2560/1810/2912 2532/1809/2912 2558/1804/2912 2575/1803/2912
f 2582/1949/2913 2529/1861/2913 2556/1784/2913 2584/1950/2913
f 2581/1951/2914 2513/1860/2914 2545/1859/2914 2585/1952/2914
f 2583/1953/2915 2531/1785/2915 2555/1780/2915 2585/1952/2915
f 2556/1784/2916 2576/1787/2916 2557/1790/2916 2531/1785/2916
f 2529/1861/2917 2543/1862/2917 2576/1787/2917 2556/1784/2917
f 2543/1862/2918 2518/1847/2918 2554/1788/2918 2576/1787/2918
f 2584/1950/2919 2556/1784/2919 2531/1785/2919 2583/1953/2919
f 2555/1780/2920 2577/1775/2920 2553/1778/2920 2528/1781/2920
f 2531/1785/2921 2557/1790/2921 2577/1775/2921 2555/1780/2921
f 2557/1790/2922 2530/1789/2922 2544/1776/2922 2577/1775/2922
f 2558/1804/2923 2578/1767/2924 2550/1770/2925 2525/1805/2925
f 2532/1809/2905 2561/1814/2904 2578/1767/2924 2558/1804/2923
f 2562/1816/2871 2579/1763/2862 2552/1766/2865 2527/1817/2872
f 2533/1821/2876 2565/1826/2881 2579/1763/2862 2562/1816/2871
f 2565/1826/2881 2526/1825/2880 2541/1764/2863 2579/1763/2862
f 2566/1828/2926 2580/1759/2859 2549/1762/2861 2524/1829/2926
f 2534/1833/2883 2568/1838/2892 2580/1759/2927 2566/1828/2884
f 2568/1838/2892 2521/1837/2891 2537/1760/2891 2580/1759/2927
f 2535/1855/153 2584/1950/153 2583/1953/153 2519/1856/153
f 2519/1856/153 2583/1953/153 2585/1952/2928 2545/1859/2928
f 2528/1781/2929 2581/1951/2929 2585/1952/2929 2555/1780/2929
f 2511/1857/2930 2582/1949/2930 2584/1950/153 2535/1855/153
f 2810/1954/2931 2653/1955/2931 2589/1866/2931 2688/1956/2931
f 2629/1957/2932 2619/1958/2932 2666/1959/2932 2706/1960/2932
f 2809/1961/2933 2668/1962/2934 2599/1890/2934 2680/1963/2935
f 2808/1964/2936 2669/1965/2937 2602/1966/2937 2698/1967/2938
f 2624/1968/2939 2601/1886/2940 2693/1969/2941 2730/1970/2942
f 2807/1971/2943 2699/1972/2944 2625/1973/2945 2753/1974/2943
f 2806/1975/2946 2700/1976/2946 2626/1977/2946 2751/1978/2946
f 2805/1979/2946 2657/1980/2946 2594/1981/2946 2701/1982/2946
f 2804/1983/2946 2702/1984/2946 2627/1911/2946 2674/1985/2946
f 2803/1986/2946 2703/1987/2946 2628/1988/2946 2704/1989/2946
f 2802/1990/2946 2685/1991/2946 2612/1992/2946 2705/1993/2946
f 2801/1994/2947 2717/1995/2947 2632/1916/2947 2720/1996/2947
f 2800/1997/2948 2725/1998/2948 2633/1920/2948 2728/1999/2948
f 2799/2000/636 2706/1960/2949 2624/1968/2950 2671/2001/636
f 2798/2002/2951 2707/2003/2952 2629/1957/2953 2708/2004/2953
f 2797/2005/2954 2709/2006/2955 2623/2007/2956 2670/2008/2957
f 2796/2009/2958 2710/2010/2959 2630/2011/2960 2711/2012/2958
f 2795/2013/2961 2697/2014/2961 2622/2015/2953 2712/2016/2953
f 2794/2017/2962 2713/2018/2963 2609/2019/2964 2654/2020/2962
f 2793/2021/2965 2714/2022/2966 2631/1888/2967 2715/2023/2968
f 2792/2024/2969 2696/2025/2970 2621/2026/2971 2716/2027/2972
f 2791/2028/2973 2717/1995/2973 2620/2029/2973 2667/2030/2973
f 2790/2031/2974 2718/2032/2974 2632/1916/2974 2719/2033/2974
f 2723/2034/2975 2783/2035/2975 2772/2036/2975 2740/2037/2975
f 2788/2038/2976 2683/2039/2976 2611/1936/2976 2724/2040/2976
f 2785/2041/2977 2721/2042/2977 2739/2043/2977 2789/2044/2977
f 2785/2041/2978 2691/2045/2979 2617/2046/2980 2721/2042/2981
f 2783/2035/2982 2655/2047/2983 2590/2048/2984 2662/2049/2984
f 2782/2050/2985 2723/2034/2985 2740/2037/2985 2787/2051/2985
f 2782/2050/2986 2682/2052/2986 2610/1873/2987 2723/2034/2988
f 2721/2042/2981 2617/2046/2980 2663/2053/2989 2786/2054/2990
f 2781/2055/2991 2725/1998/2992 2615/1919/2993 2660/2056/2993
f 2780/2057/2994 2726/2058/2994 2633/1920/2994 2727/2059/2994
f 2779/2060/1350 2729/2061/2995 2616/2062/2996 2661/2063/1350
f 2778/2064/2997 2730/1970/2998 2634/1868/2999 2731/2065/3000
f 2596/1927/3001 2694/2066/3001 2707/2003/3001 2607/1923/3001
f 2777/2067/3002 2732/2068/3002 2614/1867/3002 2659/2069/3002
f 2776/2070/3003 2733/2071/3003 2635/2072/3003 2734/2073/3003
f 2775/2074/3004 2677/2075/3004 2606/2076/3004 2735/2077/3004
f 2774/2078/3005 2741/2079/3006 2638/2080/3005 2692/2081/3007
f 2773/2082/3008 2742/2083/3008 2640/2084/3008 2724/2040/3008
f 2772/2036/3009 2743/2085/3009 2640/2084/3009 2740/2037/3009
f 2771/2086/3006 2744/2087/3006 2639/1933/3006 2722/2088/3006
f 2770/2089/3010 2755/2090/3010 2649/2091/3010 2753/1974/3010
f 2769/2092/3011 2756/2093/3011 2650/2094/3011 2754/2095/3011
f 2768/2096/2946 2757/2097/2946 2647/2098/2946 2751/1978/2946
f 2767/2099/3012 2758/2100/3012 2648/1917/3012 2752/2101/3012
f 2766/2102/3013 2759/2103/3013 2648/1917/3013 2720/1996/3013
f 2765/2104/2946 2760/2105/2946 2647/2098/2946 2752/2101/2946
f 2764/2106/3014 2761/2107/3014 2650/2094/3014 2728/1999/3014
f 2763/2108/3015 2762/2109/3015 2649/2091/3015 2754/2095/3015
f 2761/2107/3016 2763/2108/3016 2754/2095/3016 2650/2094/3016
f 2646/1914/2946 2750/2110/2946 2763/2108/2946 2761/2107/2946
f 2750/2110/2946 2645/1900/2946 2762/2109/2946 2763/2108/2946
f 2726/2058/3017 2764/2106/3017 2728/1999/3017 2633/1920/3017
f 2620/2029/3018 2695/2111/3018 2764/2106/3018 2726/2058/3018
f 2695/2111/3019 2646/1914/3019 2761/2107/3019 2764/2106/3019
f 2759/2103/3020 2765/2104/3020 2752/2101/3020 2648/1917/3020
f 2641/1948/2946 2746/2112/2946 2765/2104/2946 2759/2103/2946
f 2746/2112/2946 2642/2113/2946 2760/2105/2946 2765/2104/2946
f 2718/2032/3021 2766/2102/2947 2720/1996/2947 2632/1916/2947
f 2608/1928/3021 2745/2114/2947 2766/2102/2947 2718/2032/3021
f 2745/2114/3022 2641/1948/3022 2759/2103/3022 2766/2102/3022
f 2757/2097/2946 2767/2099/2946 2752/2101/2946 2647/2098/2946
f 2645/1900/2946 2750/2110/2946 2767/2099/2946 2757/2097/2946
f 2750/2110/2946 2646/1914/2946 2758/2100/2946 2767/2099/2946
f 2673/2115/2946 2768/2096/2946 2751/1978/2946 2626/1977/2946
f 2603/2116/2946 2749/2117/2946 2768/2096/2946 2673/2115/2946
f 2749/2117/2946 2645/1900/2946 2757/2097/2946 2768/2096/2946
f 2755/2090/3023 2769/2092/3023 2754/2095/3023 2649/2091/3023
f 2643/1947/3002 2748/2118/3002 2769/2092/3002 2755/2090/3002
f 2748/2118/3002 2644/1918/3002 2756/2093/3002 2769/2092/3002
f 2672/2119/3024 2770/2089/3024 2753/1974/3024 2625/1973/3024
f 2597/2120/3002 2747/2121/3002 2770/2089/3002 2672/2119/3002
f 2747/2121/3002 2643/1947/3002 2755/2090/3002 2770/2089/3002
f 2651/2122/3006 2771/2086/3006 2722/2088/3006 2604/1944/3006
f 2586/1946/3005 2737/2123/3006 2771/2086/3006 2651/2122/3006
f 2737/2123/3006 2637/2124/3006 2744/2087/3006 2771/2086/3006
f 2721/2042/3025 2786/2054/3025 2784/2125/3025 2739/2043/3025
f 2784/2125/3026 2786/2054/3026 2664/2126/3026 2738/2127/3026
f 2736/2128/3027 2636/1934/3027 2743/2085/3027 2772/2036/3027
f 2656/2129/3028 2773/2082/3028 2724/2040/3028 2611/1936/3028
f 2592/2130/3029 2692/2081/3007 2773/2082/3029 2656/2129/3030
f 2692/2081/3007 2638/2080/3005 2742/2083/3006 2773/2082/3029
f 2675/2131/3005 2774/2078/3005 2692/2081/3007 2592/2130/3029
f 2604/1944/3006 2722/2088/3006 2774/2078/3005 2675/2131/3005
f 2722/2088/3006 2639/1933/3006 2741/2079/3006 2774/2078/3005
f 2733/2071/3031 2775/2074/3031 2735/2077/3031 2635/2072/3031
f 2627/1911/2946 2701/1982/2946 2775/2074/2946 2733/2071/2946
f 2701/1982/2946 2594/1981/2946 2677/2075/2946 2775/2074/2946
f 2699/1972/2944 2776/2070/3032 2734/2073/3032 2625/1973/2945
f 2603/2116/2946 2674/1985/2946 2776/2070/2946 2699/1972/2946
f 2674/1985/2946 2627/1911/2946 2733/2071/2946 2776/2070/2946
f 2672/2119/3002 2777/2067/3002 2659/2069/3002 2597/2120/3002
f 2625/1973/3033 2734/2073/3034 2777/2067/3035 2672/2119/3033
f 2734/2073/3034 2635/2072/3036 2732/2068/3036 2777/2067/3035
f 2634/1868/3037 2618/1881/3038 2665/2132/3039 2729/2061/3040
f 2696/2025/2970 2778/2064/2997 2731/2065/3000 2621/2026/2971
f 2602/1966/2937 2671/2001/636 2778/2064/2997 2696/2025/2970
f 2671/2001/636 2624/1968/2950 2730/1970/2998 2778/2064/2997
f 2668/1962/2934 2779/2060/1350 2661/2063/1350 2599/1890/2934
f 2621/2026/2971 2731/2065/3000 2779/2060/1350 2668/1962/2934
f 2731/2065/3000 2634/1868/2999 2729/2061/2995 2779/2060/1350
f 2693/1969/3041 2780/2057/3041 2727/2059/3041 2618/1881/3041
f 2601/1886/3042 2667/2030/3042 2780/2057/3042 2693/1969/3042
f 2667/2030/3043 2620/2029/3043 2726/2058/3043 2780/2057/3043
f 2665/2132/3044 2781/2055/3044 2660/2056/3044 2598/1882/3044
f 2618/1881/3045 2727/2059/3045 2781/2055/3045 2665/2132/3045
f 2727/2059/3046 2633/1920/3046 2725/1998/2992 2781/2055/2991
f 2690/2133/3047 2681/2134/3047 2785/2041/3047 2789/2044/3047
f 2772/2036/3048 2783/2035/3048 2662/2049/3048 2736/2128/3048
f 2664/2126/3049 2600/2135/3050 2682/2052/2986 2782/2050/2986
f 2741/2079/3006 2784/2125/3006 2738/2127/3006 2638/2080/3005
f 2639/1933/3006 2739/2043/3005 2784/2125/3006 2741/2079/3006
f 2738/2127/3051 2664/2126/3051 2782/2050/3051 2787/2051/3051
f 2723/2034/2988 2610/1873/2987 2655/2047/2983 2783/2035/2982
f 2591/1925/3052 2691/2045/2979 2785/2041/2978 2681/2134/3052
f 2742/2083/3053 2787/2051/3053 2740/2037/3053 2640/2084/3053
f 2638/2080/3005 2738/2127/3006 2787/2051/3006 2742/2083/3006
f 2743/2085/3054 2788/2038/3054 2724/2040/3054 2640/2084/3054
f 2636/1934/3055 2686/2136/3055 2788/2038/3055 2743/2085/3055
f 2686/2136/3056 2588/1935/3056 2683/2039/3056 2788/2038/3056
f 2744/2087/3006 2789/2044/3006 2739/2043/3005 2639/1933/3006
f 2637/2124/3006 2690/2133/3006 2789/2044/3006 2744/2087/3006
f 2729/2061/3040 2665/2132/3039 2598/1882/3057 2616/2062/3057
f 2694/2066/3058 2790/2031/3058 2719/2033/3058 2619/1958/3058
f 2596/1927/3059 2679/2137/3059 2790/2031/3059 2694/2066/3059
f 2679/2137/3060 2608/1928/3021 2718/2032/3021 2790/2031/3060
f 2666/1959/3061 2791/2028/3061 2667/2030/3061 2601/1886/3061
f 2619/1958/3062 2719/2033/3062 2791/2028/3062 2666/1959/3062
f 2719/2033/3063 2632/1916/3063 2717/1995/3063 2791/2028/3063
f 2714/2022/2966 2792/2024/2969 2716/2027/2972 2631/1888/2967
f 2623/2007/2956 2698/1967/2938 2792/2024/2969 2714/2022/2966
f 2698/1967/2938 2602/1966/2937 2696/2025/2970 2792/2024/2969
f 2682/2052/3064 2793/2021/3065 2715/2023/3066 2610/1873/3067
f 2600/2135/3068 2670/2008/3069 2793/2021/3065 2682/2052/3064
f 2670/2008/2957 2623/2007/2956 2714/2022/2966 2793/2021/2965
f 2655/2047/3070 2794/2017/3071 2654/2020/3072 2590/2048/3072
f 2610/1873/3067 2715/2023/3066 2794/2017/3071 2655/2047/3070
f 2715/2023/2968 2631/1888/2967 2713/2018/2963 2794/2017/2962
f 2710/2010/2959 2795/2013/2961 2712/2016/2953 2630/2011/2960
f 2613/1926/2961 2658/2138/2961 2795/2013/2961 2710/2010/2959
f 2658/2138/2961 2595/2139/2961 2697/2014/2961 2795/2013/2961
f 2691/2045/3073 2796/2009/3074 2711/2012/3075 2617/2046/3075
f 2591/1925/3076 2687/2140/3076 2796/2009/3074 2691/2045/3073
f 2687/2140/3077 2613/1926/3077 2710/2010/3077 2796/2009/3077
f 2663/2053/3078 2797/2005/3078 2670/2008/3069 2600/2135/3068
f 2617/2046/3079 2711/2012/3079 2797/2005/3079 2663/2053/3079
f 2711/2012/3080 2630/2011/3080 2709/2006/3080 2797/2005/3080
f 2730/1970/2942 2693/1969/2941 2618/1881/3038 2634/1868/3037
f 2697/2014/2961 2798/2002/2951 2708/2004/2953 2622/2015/2953
f 2595/2139/2961 2678/2141/3081 2798/2002/2951 2697/2014/2961
f 2678/2141/3081 2607/1923/3082 2707/2003/2952 2798/2002/2951
f 2669/1965/2937 2799/2000/636 2671/2001/636 2602/1966/2937
f 2622/2015/3083 2708/2004/3084 2799/2000/3084 2669/1965/3085
f 2708/2004/3086 2629/1957/3086 2706/1960/3086 2799/2000/3086
f 2756/2093/3087 2800/1997/3087 2728/1999/3087 2650/2094/3087
f 2644/1918/3088 2689/2142/3088 2800/1997/3088 2756/2093/3088
f 2689/2142/3089 2615/1919/3089 2725/1998/3089 2800/1997/3089
f 2758/2100/3090 2801/1994/3090 2720/1996/3090 2648/1917/3090
f 2646/1914/3091 2695/2111/3091 2801/1994/3091 2758/2100/3091
f 2695/2111/2947 2620/2029/2947 2717/1995/2947 2801/1994/2947
f 2703/1987/2946 2802/1990/2946 2705/1993/2946 2628/1988/2946
f 2605/2143/2946 2652/2144/2946 2802/1990/2946 2703/1987/2946
f 2652/2144/2946 2587/1913/2946 2685/1991/2946 2802/1990/2946
f 2700/1976/2946 2803/1986/2946 2704/1989/2946 2626/1977/2946
f 2593/1905/2946 2676/2145/2946 2803/1986/2946 2700/1976/2946
f 2676/2145/2946 2605/2143/2946 2703/1987/2946 2803/1986/2946
f 2673/2115/2946 2804/1983/2946 2674/1985/2946 2603/2116/2946
f 2626/1977/2946 2704/1989/2946 2804/1983/2946 2673/2115/2946
f 2704/1989/2946 2628/1988/2946 2702/1984/2946 2804/1983/2946
f 2702/1984/2946 2805/1979/2946 2701/1982/2946 2627/1911/2946
f 2628/1988/2946 2705/1993/2946 2805/1979/2946 2702/1984/2946
f 2705/1993/2946 2612/1992/2946 2657/1980/2946 2805/1979/2946
f 2760/2105/2946 2806/1975/2946 2751/1978/2946 2647/2098/2946
f 2642/2113/2946 2684/2146/2946 2806/1975/2946 2760/2105/2946
f 2684/2146/2946 2593/1905/2946 2700/1976/2946 2806/1975/2946
f 2762/2109/3092 2807/1971/3092 2753/1974/3092 2649/2091/3092
f 2645/1900/2946 2749/2117/2946 2807/1971/2946 2762/2109/2946
f 2749/2117/2946 2603/2116/2946 2699/1972/2946 2807/1971/2946
f 2706/1960/3093 2666/1959/3093 2601/1886/2940 2624/1968/2939
f 2709/2006/2955 2808/1964/2936 2698/1967/2938 2623/2007/2956
f 2630/2011/3094 2712/2016/3095 2808/1964/3096 2709/2006/3094
f 2712/2016/3095 2622/2015/3083 2669/1965/3085 2808/1964/3096
f 2713/2018/2963 2809/1961/2933 2680/1963/2935 2609/2019/2964
f 2631/1888/2967 2716/2027/2972 2809/1961/2933 2713/2018/2963
f 2716/2027/2972 2621/2026/2971 2668/1962/2934 2809/1961/2933
f 2786/2054/2990 2663/2053/2989 2600/2135/3050 2664/2126/3049
f 2732/2068/3002 2810/1954/3002 2688/1956/3002 2614/1867/3002
f 2635/2072/3097 2735/2077/3097 2810/1954/3097 2732/2068/3097
f 2735/2077/3098 2606/2076/3098 2653/1955/3098 2810/1954/3098
f 2707/2003/2952 2694/2066/2953 2619/1958/2953 2629/1957/2953
f 2816/2147/3099 2812/2148/3099 2814/2149/3099 2817/2150/3099
f 2811/2151/3100 2815/2152/3100 2818/2153/3100 2813/2154/3100
f 2815/2152/3101 2816/2147/3101 2817/2150/3101 2818/2153/3101
f 2824/2147/3102 2825/2150/3102 2822/2149/3102 2820/2148/3102
f 2819/2151/3103 2821/2154/3103 2826/2153/3103 2823/2152/3103
f 2823/2152/3104 2826/2153/3104 2825/2150/3104 2824/2147/3104
f 2836/2155/3105 2835/2156/3105 2830/2149/3105 2829/2154/3105
f 2827/2151/3106 2828/2148/3106 2833/2157/3106 2831/2158/3106
f 2834/2159/3107 2832/2160/3107 2835/2156/3107 2836/2155/3107
f 2837/2161/3108 2838/2162/3108 2832/2160/3108 2834/2159/3108
f 2831/2158/3109 2833/2157/3109 2838/2162/3109 2837/2161/3109
f 2848/2155/3110 2841/2154/3110 2842/2149/3110 2847/2156/3110
f 2839/2151/3111 2843/2158/3111 2845/2157/3111 2840/2148/3111
f 2846/2159/3112 2848/2155/3112 2847/2156/3112 2844/2160/3112
f 2849/2161/3113 2846/2159/3113 2844/2160/3113 2850/2162/3113
f 2843/2158/3114 2849/2161/3114 2850/2162/3114 2845/2157/3114
f 2851/2163/3115 2852/2164/3115 2855/2165/3115 2853/2166/3115
f 2857/2167/3116 2858/2168/3116 2854/2169/3116 2856/2170/3116
f 2853/2166/3117 2855/2165/3117 2858/2168/3117 2857/2167/3117
f 2859/2163/3118 2861/2166/3118 2863/2165/3118 2860/2164/3118
f 2865/2167/3119 2864/2170/3119 2862/2169/3119 2866/2168/3119
f 2861/2166/3120 2865/2167/3120 2866/2168/3120 2863/2165/3120
f 2887/2171/3121 2885/2172/3122 2870/2173/3122 2873/2174/3123
f 2894/2175/3124 2886/2176/3124 2874/2177/3124 2892/2178/3124
f 2886/2176/3125 2887/2171/3121 2873/2174/3123 2874/2177/3125
f 2871/2179/3126 2872/2180/3127 2878/2181/3128 2877/2182/3126
f 2891/2183/3129 2871/2179/3129 2877/2182/3129 2893/2184/3129
f 2872/2180/3127 2868/2185/3130 2876/2186/3130 2878/2181/3128
f 2884/2187/3131 2880/2188/3131 2881/2189/3131 2883/2190/3131
f 2890/2191/3132 2889/2192/3133 2879/2193/3134 2882/2194/3134
f 2888/2195/3135 2890/2191/3135 2882/2194/3135 2869/2196/3135
f 2867/2197/3136 2884/2187/3136 2883/2190/3136 2875/2198/3136
f 2875/2198/3135 2883/2190/3135 2890/2191/3135 2888/2195/3135
f 2883/2190/3137 2881/2189/3137 2889/2192/3133 2890/2191/3132
f 2877/2182/3138 2878/2181/3138 2887/2171/3138 2886/2176/3138
f 2893/2184/3139 2877/2182/3139 2886/2176/3139 2894/2175/3139
f 2878/2181/3140 2876/2186/3140 2885/2172/3140 2887/2171/3140
f 2881/2189/3141 2893/2184/3142 2894/2175/3143 2889/2192/3144
f 2880/2188/3145 2891/2183/3145 2893/2184/3142 2881/2189/3141
f 2889/2192/3144 2894/2175/3143 2892/2178/3146 2879/2193/3146
f 2915/2171/3147 2901/2174/3147 2898/2173/3148 2913/2172/3148
f 2922/2175/3149 2920/2178/3149 2902/2177/3149 2914/2176/3149
f 2914/2176/3150 2902/2177/3150 2901/2174/3147 2915/2171/3147
f 2899/2179/3151 2905/2182/3151 2906/2181/3152 2900/2180/3153
f 2919/2183/3154 2921/2184/3154 2905/2182/3154 2899/2179/3154
f 2900/2180/3153 2906/2181/3152 2904/2186/3155 2896/2185/3155
f 2912/2187/3156 2911/2190/3156 2909/2189/3156 2908/2188/3156
f 2918/2191/3157 2910/2194/3158 2907/2193/3158 2917/2192/3159
f 2916/2195/3160 2897/2196/3160 2910/2194/3160 2918/2191/3160
f 2895/2197/3161 2903/2198/3161 2911/2190/3161 2912/2187/3161
f 2903/2198/3160 2916/2195/3160 2918/2191/3160 2911/2190/3160
f 2911/2190/3162 2918/2191/3157 2917/2192/3159 2909/2189/3162
f 2905/2182/3163 2914/2176/3163 2915/2171/3163 2906/2181/3163
f 2921/2184/3164 2922/2175/3164 2914/2176/3164 2905/2182/3164
f 2906/2181/3165 2915/2171/3165 2913/2172/3165 2904/2186/3165
f 2909/2189/3166 2917/2192/3167 2922/2175/3168 2921/2184/3169
f 2908/2188/3170 2909/2189/3166 2921/2184/3169 2919/2183/3170
f 2917/2192/3167 2907/2193/3171 2920/2178/3171 2922/2175/3168
f 2943/2171/3172 2941/2172/3173 2926/2173/3174 2929/2174/3174
f 2950/2175/3175 2942/2176/3175 2930/2177/3175 2948/2178/3175
f 2942/2176/3176 2943/2171/3176 2929/2174/3176 2930/2177/3176
f 2953/2199/3177 2954/2200/3177 2934/2181/3177 2933/2182/3177
f 2957/2201/3178 2953/2199/3178 2933/2182/3178 2949/2184/3178
f 2954/2200/3179 2952/2202/3179 2932/2186/3180 2934/2181/3181
f 2956/2203/3182 2955/2204/3182 2937/2189/3182 2939/2190/3182
f 2946/2191/3183 2945/2192/3183 2935/2193/3183 2938/2194/3183
f 2944/2195/403 2946/2191/403 2938/2194/403 2925/2196/403
f 2951/2205/3184 2956/2203/3184 2939/2190/3184 2931/2198/3184
f 2931/2198/3185 2939/2190/3185 2946/2191/3185 2944/2195/3185
f 2939/2190/3186 2937/2189/3186 2945/2192/3186 2946/2191/3186
f 2933/2182/3187 2934/2181/3187 2943/2171/3187 2942/2176/3187
f 2949/2184/3188 2933/2182/3188 2942/2176/3188 2950/2175/3188
f 2934/2181/3181 2932/2186/3180 2941/2172/3173 2943/2171/3172
f 2937/2189/3189 2949/2184/3189 2950/2175/3190 2945/2192/3191
f 2955/2204/3192 2957/2201/3192 2949/2184/3192 2937/2189/3192
f 2945/2192/3191 2950/2175/3190 2948/2178/3193 2935/2193/3193
f 2936/2188/3194 2947/2183/3194 2957/2201/3194 2955/2204/3194
f 2923/2197/3194 2940/2187/3194 2956/2203/3194 2951/2205/3194
f 2940/2187/3194 2936/2188/3194 2955/2204/3194 2956/2203/3194
f 2928/2180/3195 2924/2185/3195 2952/2202/3195 2954/2200/3195
f 2947/2183/3196 2927/2179/3196 2953/2199/3196 2957/2201/3196
f 2927/2179/3197 2928/2180/3197 2954/2200/3197 2953/2199/3197
f 2978/2171/3198 2964/2174/3199 2961/2173/3199 2976/2172/3200
f 2985/2175/3201 2983/2178/3201 2965/2177/3201 2977/2176/3201
f 2977/2176/3202 2965/2177/3202 2964/2174/3202 2978/2171/3202
f 2988/2199/3203 2968/2182/3203 2969/2181/3204 2989/2200/3205
f 2992/2201/3206 2984/2184/3206 2968/2182/3206 2988/2199/3206
f 2989/2200/3205 2969/2181/3204 2967/2186/3207 2987/2202/3208
f 2991/2203/3209 2974/2190/3209 2972/2189/3209 2990/2204/3209
f 2981/2191/3210 2973/2194/3210 2970/2193/3210 2980/2192/3210
f 2979/2195/1117 2960/2196/1117 2973/2194/1117 2981/2191/1117
f 2986/2205/3211 2966/2198/3211 2974/2190/3211 2991/2203/3211
f 2966/2198/3212 2979/2195/3212 2981/2191/3212 2974/2190/3212
f 2974/2190/3213 2981/2191/3213 2980/2192/3213 2972/2189/3213
f 2968/2182/3214 2977/2176/3214 2978/2171/3214 2969/2181/3214
f 2984/2184/3215 2985/2175/3215 2977/2176/3215 2968/2182/3215
f 2969/2181/3204 2978/2171/3198 2976/2172/3200 2967/2186/3207
f 2972/2189/3216 2980/2192/3217 2985/2175/3218 2984/2184/3216
f 2990/2204/3219 2972/2189/3219 2984/2184/3219 2992/2201/3219
f 2980/2192/3217 2970/2193/3220 2983/2178/3220 2985/2175/3218
f 2971/2188/3221 2990/2204/3221 2992/2201/3221 2982/2183/3221
f 2958/2197/3221 2986/2205/3221 2991/2203/3221 2975/2187/3221
f 2975/2187/3221 2991/2203/3221 2990/2204/3221 2971/2188/3221
f 2963/2180/3222 2989/2200/3222 2987/2202/3222 2959/2185/3222
f 2982/2183/3223 2992/2201/3223 2988/2199/3223 2962/2179/3223
f 2962/2179/3224 2988/2199/3224 2989/2200/3224 2963/2180/3224
f 3013/2171/3225 3011/2172/3226 2996/2173/3227 2999/2174/3227
f 3020/2175/3228 3012/2176/3228 3000/2177/3228 3018/2178/3228
f 3012/2176/3229 3013/2171/3229 2999/2174/3229 3000/2177/3229
f 3023/2199/3230 3024/2200/3230 3004/2181/3230 3003/2182/3230
f 3027/2201/3231 3023/2199/3231 3003/2182/3231 3019/2184/3231
f 3024/2200/3232 3022/2202/3232 3002/2186/3232 3004/2181/3232
f 3026/2203/3233 3025/2204/3233 3007/2189/3233 3009/2190/3233
f 3016/2191/3234 3015/2192/3234 3005/2193/3234 3008/2194/3234
f 3014/2195/3235 3016/2191/3236 3008/2194/3237 2995/2196/3237
f 3021/2205/3238 3026/2203/3238 3009/2190/3238 3001/2198/3238
f 3001/2198/3239 3009/2190/3239 3016/2191/3236 3014/2195/3235
f 3009/2190/3240 3007/2189/3240 3015/2192/3240 3016/2191/3240
f 3003/2182/3241 3004/2181/3241 3013/2171/3241 3012/2176/3241
f 3019/2184/3242 3003/2182/3242 3012/2176/3242 3020/2175/3242
f 3004/2181/3243 3002/2186/3243 3011/2172/3226 3013/2171/3225
f 3007/2189/3244 3019/2184/3244 3020/2175/3244 3015/2192/3244
f 3025/2204/3245 3027/2201/3245 3019/2184/3245 3007/2189/3245
f 3015/2192/3246 3020/2175/3246 3018/2178/3246 3005/2193/3246
f 3006/2188/3247 3017/2183/3247 3027/2201/3247 3025/2204/3247
f 2993/2197/3248 3010/2187/3248 3026/2203/3248 3021/2205/3248
f 3010/2187/3249 3006/2188/3249 3025/2204/3249 3026/2203/3249
f 2998/2180/3250 2994/2185/3251 3022/2202/3251 3024/2200/3252
f 3017/2183/3253 2997/2179/3253 3023/2199/3253 3027/2201/3253
f 2997/2179/3254 2998/2180/3250 3024/2200/3252 3023/2199/3254
f 3048/2171/3255 3034/2174/3256 3031/2173/3256 3046/2172/3257
f 3055/2175/3258 3053/2178/3258 3035/2177/3258 3047/2176/3258
f 3047/2176/3259 3035/2177/3259 3034/2174/3259 3048/2171/3259
f 3058/2199/3260 3038/2182/3260 3039/2181/3260 3059/2200/3260
f 3062/2201/3261 3054/2184/3261 3038/2182/3261 3058/2199/3261
f 3059/2200/3262 3039/2181/3263 3037/2186/3264 3057/2202/3262
f 3061/2203/3265 3044/2190/3265 3042/2189/3265 3060/2204/3265
f 3051/2191/3266 3043/2194/3266 3040/2193/3266 3050/2192/3266
f 3049/2195/3267 3030/2196/3268 3043/2194/3268 3051/2191/3269
f 3056/2205/3270 3036/2198/3270 3044/2190/3270 3061/2203/3270
f 3036/2198/3271 3049/2195/3267 3051/2191/3269 3044/2190/3271
f 3044/2190/3272 3051/2191/3272 3050/2192/3272 3042/2189/3272
f 3038/2182/3273 3047/2176/3273 3048/2171/3273 3039/2181/3273
f 3054/2184/3274 3055/2175/3274 3047/2176/3274 3038/2182/3274
f 3039/2181/3263 3048/2171/3255 3046/2172/3257 3037/2186/3264
f 3042/2189/3275 3050/2192/3275 3055/2175/3275 3054/2184/3275
f 3060/2204/3276 3042/2189/3276 3054/2184/3276 3062/2201/3276
f 3050/2192/3277 3040/2193/3277 3053/2178/3277 3055/2175/3277
f 3041/2188/3278 3060/2204/3278 3062/2201/3278 3052/2183/3278
f 3028/2197/3279 3056/2205/3279 3061/2203/3279 3045/2187/3279
f 3045/2187/3280 3061/2203/3280 3060/2204/3280 3041/2188/3280
f 3033/2180/3281 3059/2200/3282 3057/2202/3283 3029/2185/3283
f 3052/2183/3284 3062/2201/3284 3058/2199/3284 3032/2179/3284
f 3032/2179/3285 3058/2199/3285 3059/2200/3282 3033/2180/3281
f 3072/2206/167 3071/2207/167 3066/2208/167 3065/2209/167
f 3063/2210/3286 3064/2211/3286 3069/2212/3286 3067/2213/3286
f 3070/2214/167 3068/2215/167 3071/2207/167 3072/2206/167
f 3067/2213/3287 3069/2212/3287 3068/2215/3287 3070/2214/3287
f 3082/2206/165 3075/2209/165 3076/2208/165 3081/2207/165
f 3073/2210/3288 3077/2213/3288 3079/2212/3288 3074/2211/3288
f 3080/2214/165 3082/2206/165 3081/2207/165 3078/2215/165
f 3077/2213/3289 3080/2214/3289 3078/2215/3289 3079/2212/3289
f 3101/2216/167 3091/2217/167 3086/2218/167 3097/2219/167
f 3096/2220/167 3084/2221/167 3089/2222/167 3093/2223/167
f 3099/2224/167 3088/2225/167 3091/2217/167 3101/2216/167
f 3093/2223/167 3089/2222/167 3088/2225/167 3099/2224/167
f 3087/2226/3290 3094/2227/3290 3100/2228/3290 3090/2229/3290
f 3094/2227/3291 3093/2223/3291 3099/2224/3291 3100/2228/3291
f 3090/2229/3292 3100/2228/3292 3102/2230/3293 3092/2231/3294
f 3100/2228/3295 3099/2224/3295 3101/2216/3296 3102/2230/3297
f 3083/2232/3298 3095/2233/3298 3094/2227/3298 3087/2226/3298
f 3095/2233/3299 3096/2220/3299 3093/2223/3299 3094/2227/3299
f 3092/2231/3294 3102/2230/3293 3098/2234/3300 3085/2235/3300
f 3102/2230/3297 3101/2216/3296 3097/2219/3301 3098/2234/3301
f 3121/2216/165 3117/2219/165 3106/2218/165 3111/2217/165
f 3116/2220/165 3113/2223/165 3109/2222/165 3104/2221/165
f 3119/2224/165 3121/2216/165 3111/2217/165 3108/2225/165
f 3113/2223/165 3119/2224/165 3108/2225/165 3109/2222/165
f 3107/2226/3302 3110/2229/3302 3120/2228/3302 3114/2227/3302
f 3114/2227/3303 3120/2228/3303 3119/2224/3303 3113/2223/3303
f 3110/2229/3304 3112/2231/3305 3122/2230/3306 3120/2228/3304
f 3120/2228/3307 3122/2230/3308 3121/2216/3309 3119/2224/3307
f 3103/2232/3310 3107/2226/3310 3114/2227/3310 3115/2233/3310
f 3115/2233/3311 3114/2227/3311 3113/2223/3311 3116/2220/3311
f 3112/2231/3305 3105/2235/3312 3118/2234/3312 3122/2230/3306
f 3122/2230/3308 3118/2234/3313 3117/2219/3313 3121/2216/3309
f 3132/2206/3314 3131/2207/3314 3126/2236/3314 3125/2209/3314
f 3123/2210/3315 3124/2211/3315 3129/2212/3315 3127/2213/3315
f 3130/2214/3316 3128/2215/3316 3131/2207/3316 3132/2206/3316
f 3127/2213/3317 3129/2212/3317 3128/2215/3317 3130/2214/3317
f 3142/2206/3318 3135/2209/3318 3136/2236/3318 3141/2207/3318
f 3133/2210/3319 3137/2213/3319 3139/2212/3319 3134/2211/3319
f 3140/2214/3320 3142/2206/3320 3141/2207/3320 3138/2215/3320
f 3137/2213/3321 3140/2214/3321 3138/2215/3321 3139/2212/3321
f 3147/2237/3322 3144/2238/3322 3146/2239/3322 3148/2240/3322
f 3143/2241/3323 3147/2237/3323 3148/2240/3323 3145/2242/3323
f 3153/2237/3324 3154/2240/3324 3152/2239/3324 3150/2238/3324
f 3149/2241/3325 3151/2242/3325 3154/2240/3325 3153/2237/3325
f 3159/2237/3326 3156/2238/3326 3158/2239/3326 3160/2240/3326
f 3155/2241/3327 3159/2237/3327 3160/2240/3327 3157/2242/3327
f 3165/2237/3328 3166/2240/3328 3164/2239/3328 3162/2238/3328
f 3161/2241/3329 3163/2242/3329 3166/2240/3329 3165/2237/3329
usemtl Material.008
f 3167/2243/167 3168/2244/167 3170/2245/167 3169/2246/167
f 3171/2243/165 3173/2246/165 3174/2245/165 3172/2244/165
